source,target,correlation,abs_correlation,mantegna_distance,same_sector
GOOG,GOOGL,0.995985,0.995985,0.089615,True
FOX,FOXA,0.987461,0.987461,0.158362,True
NWS,NWSA,0.974711,0.974711,0.224897,True
FRT,REG,0.923489,0.923489,0.391180,True
CFG,FITB,0.923322,0.923322,0.391607,True
FITB,RF,0.921026,0.921026,0.397428,True
AMAT,LRCX,0.917648,0.917648,0.405837,True
MET,PRU,0.916586,0.916586,0.408445,True
CFG,KEY,0.913754,0.913754,0.415320,True
CPT,MAA,0.912639,0.912639,0.417997,True
DHI,LEN,0.911927,0.911927,0.419698,True
CFG,RF,0.911393,0.911393,0.420969,True
ESS,UDR,0.910051,0.910051,0.424144,True
FITB,KEY,0.908761,0.908761,0.427174,True
DAL,UAL,0.907088,0.907088,0.431073,True
MLM,VMC,0.906917,0.906917,0.431470,True
MA,V,0.906788,0.906788,0.431769,True
LEN,PHM,0.901962,0.901962,0.442804,True
KLAC,LRCX,0.900947,0.900947,0.445092,True
AMAT,KLAC,0.898018,0.898018,0.451623,True
FITB,PNC,0.895752,0.895752,0.456613,True
DHI,PHM,0.894916,0.894916,0.458442,True
CMS,LNT,0.891945,0.891945,0.464876,True
COF,SYF,0.891631,0.891631,0.465551,True
KEY,RF,0.891127,0.891127,0.466632,True
FITB,TFC,0.889206,0.889206,0.470731,True
PFG,PRU,0.888047,0.888047,0.473186,True
FITB,HBAN,0.887656,0.887656,0.474013,True
HLT,MAR,0.886751,0.886751,0.475918,True
CFG,HBAN,0.885808,0.885808,0.477895,True
CFG,PNC,0.885633,0.885633,0.478262,True
CPT,UDR,0.885083,0.885083,0.479410,True
BAC,JPM,0.883439,0.883439,0.482828,True
HBAN,KEY,0.883111,0.883111,0.483506,True
HBAN,RF,0.882650,0.882650,0.484459,True
MCO,SPGI,0.882023,0.882023,0.485750,True
NCLH,RCL,0.882013,0.882013,0.485771,True
CMS,WEC,0.881695,0.881695,0.486427,True
CFG,TFC,0.878747,0.878747,0.492448,True
PSX,VLO,0.878407,0.878407,0.493139,True
PNC,RF,0.877585,0.877585,0.494803,True
AEE,CMS,0.876842,0.876842,0.496302,True
NUE,STLD,0.876210,0.876210,0.497575,True
RSG,WM,0.875822,0.875822,0.498354,True
FRT,KIM,0.875765,0.875765,0.498467,True
DOW,LYB,0.874168,0.874168,0.501661,True
GS,MS,0.874121,0.874121,0.501756,True
HAL,SLB,0.873934,0.873934,0.502127,True
PNC,TFC,0.873651,0.873651,0.502690,True
CCL,RCL,0.873510,0.873510,0.502972,True
MPC,VLO,0.873305,0.873305,0.503379,True
MAA,UDR,0.872707,0.872707,0.504565,True
AEE,LNT,0.872703,0.872703,0.504573,True
KIM,REG,0.872341,0.872341,0.505289,True
TFC,USB,0.871745,0.871745,0.506468,True
BAC,C,0.871574,0.871574,0.506805,True
OKE,TRGP,0.871360,0.871360,0.507228,True
KEY,TFC,0.871224,0.871224,0.507497,True
HBAN,TFC,0.870434,0.870434,0.509051,True
DVN,FANG,0.870264,0.870264,0.509384,True
MET,PFG,0.869872,0.869872,0.510152,True
CCL,NCLH,0.869650,0.869650,0.510588,True
VTR,WELL,0.869608,0.869608,0.510671,True
COP,EOG,0.868614,0.868614,0.512613,True
LNT,WEC,0.864563,0.864563,0.520455,True
FITB,USB,0.863667,0.863667,0.522174,True
PNC,USB,0.862384,0.862384,0.524625,True
RF,TFC,0.861932,0.861932,0.525487,True
CSX,NSC,0.860908,0.860908,0.527432,True
HBAN,USB,0.860411,0.860411,0.528374,True
BAC,PNC,0.860288,0.860288,0.528606,True
KEY,PNC,0.858328,0.858328,0.532301,True
HBAN,PNC,0.856739,0.856739,0.535278,True
AEE,WEC,0.855600,0.855600,0.537402,True
BAC,WFC,0.855026,0.855026,0.538469,True
ADI,MCHP,0.853931,0.853931,0.540498,True
HD,LOW,0.853263,0.853263,0.541732,True
CPT,ESS,0.852436,0.852436,0.543256,True
BAC,FITB,0.851242,0.851242,0.545450,True
DVN,EOG,0.851148,0.851148,0.545622,True
DUK,SO,0.850916,0.850916,0.546048,True
CFG,USB,0.850650,0.850650,0.546535,True
CVX,XOM,0.850385,0.850385,0.547019,True
HBAN,MTB,0.849279,0.849279,0.549037,True
EXR,PSA,0.848313,0.848313,0.550793,True
C,JPM,0.848207,0.848207,0.550986,True
LNT,XEL,0.845826,0.845826,0.555290,True
DUK,LNT,0.844944,0.844944,0.556876,True
ADI,TXN,0.844664,0.844664,0.557380,True
AEP,CMS,0.844636,0.844636,0.557430,True
COP,CVX,0.843282,0.843282,0.559854,True
COP,DVN,0.843091,0.843091,0.560195,True
RF,USB,0.842741,0.842741,0.560819,True
AMP,PRU,0.842512,0.842512,0.561228,True
MTB,RF,0.842479,0.842479,0.561285,True
CMS,XEL,0.842018,0.842018,0.562107,True
KEY,USB,0.842005,0.842005,0.562130,True
CMS,DUK,0.841817,0.841817,0.562464,True
AMT,CCI,0.840988,0.840988,0.563936,True
ESS,MAA,0.840797,0.840797,0.564275,True
AMP,MET,0.840144,0.840144,0.565431,True
COP,XOM,0.839866,0.839866,0.565923,True
BAC,CFG,0.839847,0.839847,0.565955,True
AEP,LNT,0.839179,0.839179,0.567136,True
BAC,RF,0.838707,0.838707,0.567967,True
MCHP,NXPI,0.838562,0.838562,0.568221,True
MTB,PNC,0.837596,0.837596,0.569919,True
LNT,SO,0.836810,0.836810,0.571297,True
ED,WEC,0.836248,0.836248,0.572279,True
MPC,PSX,0.835628,0.835628,0.573363,True
BAC,HBAN,0.835576,0.835576,0.573452,True
BAC,TFC,0.835533,0.835533,0.573528,True
LVS,WYNN,0.833692,0.833692,0.576729,True
BAC,PRU,0.833307,0.833307,0.577396,True
CB,TRV,0.832686,0.832686,0.578470,True
EOG,FANG,0.832195,0.832195,0.579318,True
FITB,MTB,0.832021,0.832021,0.579619,True
CMS,ED,0.831628,0.831628,0.580297,True
KMI,WMB,0.830941,0.830941,0.581479,True
AEE,XEL,0.830881,0.830881,0.581583,True
ADI,NXPI,0.830742,0.830742,0.581821,True
BAC,USB,0.830471,0.830471,0.582287,True
AMP,PFG,0.830248,0.830248,0.582670,True
CFG,MTB,0.829776,0.829776,0.583480,True
CMS,SO,0.829159,0.829159,0.584536,True
BAC,MS,0.828630,0.828630,0.585440,True
MTB,USB,0.828120,0.828120,0.586311,True
MCHP,TXN,0.827874,0.827874,0.586729,True
GS,JPM,0.827296,0.827296,0.587714,True
AMT,SBAC,0.827056,0.827056,0.588122,True
COP,HAL,0.826288,0.826288,0.589427,True
MTB,TFC,0.826136,0.826136,0.589685,True
NXPI,ON,0.825593,0.825593,0.590605,True
WEC,XEL,0.824743,0.824743,0.592042,True
C,GS,0.824307,0.824307,0.592779,True
JPM,PNC,0.823301,0.823301,0.594473,True
CCI,SBAC,0.823163,0.823163,0.594704,True
CDNS,SNPS,0.821446,0.821446,0.597585,True
AEE,SO,0.821290,0.821290,0.597847,True
BAC,KEY,0.821014,0.821014,0.598308,True
BAC,MET,0.819762,0.819762,0.600397,True
ADP,PAYX,0.819460,0.819460,0.600899,True
AMP,RJF,0.819449,0.819449,0.600918,True
FANG,HAL,0.818945,0.818945,0.601757,True
APA,DVN,0.818938,0.818938,0.601768,True
AXP,COF,0.818907,0.818907,0.601818,True
AEP,WEC,0.818618,0.818618,0.602299,True
COP,FANG,0.818535,0.818535,0.602437,True
BAC,GS,0.818287,0.818287,0.602847,True
C,FITB,0.818201,0.818201,0.602991,True
DUK,ED,0.818129,0.818129,0.603109,True
CFG,COF,0.817848,0.817848,0.603576,True
FANG,OXY,0.817822,0.817822,0.603619,True
DOV,PH,0.817613,0.817613,0.603965,True
AMP,MS,0.817326,0.817326,0.604439,True
AEE,NI,0.817276,0.817276,0.604523,True
AEE,DUK,0.817003,0.817003,0.604975,True
COF,FITB,0.816379,0.816379,0.606004,True
AEP,SO,0.816301,0.816301,0.606134,True
DVN,HAL,0.816291,0.816291,0.606151,True
C,CFG,0.814304,0.814304,0.609419,True
C,MS,0.813640,0.813640,0.610508,True
AEP,DUK,0.813568,0.813568,0.610626,True
ATO,CMS,0.813518,0.813518,0.610707,True
JPM,MS,0.812886,0.812886,0.611742,True
COP,SLB,0.812209,0.812209,0.612847,True
BAC,MTB,0.812058,0.812058,0.613094,True
NVR,PHM,0.811895,0.811895,0.613359,True
ATO,LNT,0.811409,0.811409,0.614151,True
EVRG,SO,0.811220,0.811220,0.614459,True
ED,SO,0.811114,0.811114,0.614632,True
DUK,WEC,0.810846,0.810846,0.615068,True
NTRS,STT,0.810715,0.810715,0.615280,True
EVRG,LNT,0.810638,0.810638,0.615406,True
AZO,ORLY,0.810343,0.810343,0.615885,True
SO,WEC,0.809832,0.809832,0.616715,True
DVN,OXY,0.809717,0.809717,0.616900,True
C,PNC,0.809661,0.809661,0.616991,True
NSC,UNP,0.809450,0.809450,0.617333,True
ES,WEC,0.809407,0.809407,0.617403,True
PRU,TFC,0.809395,0.809395,0.617422,True
AEE,EVRG,0.809358,0.809358,0.617482,True
C,WFC,0.809214,0.809214,0.617716,True
JPM,WFC,0.809087,0.809087,0.617921,True
APA,OXY,0.808704,0.808704,0.618540,True
FITB,PRU,0.808611,0.808611,0.618691,True
PNC,PRU,0.808581,0.808581,0.618738,True
ED,LNT,0.807939,0.807939,0.619775,True
AMP,BAC,0.807821,0.807821,0.619967,True
AEE,AEP,0.807712,0.807712,0.620142,True
AJG,BRO,0.807490,0.807490,0.620500,True
AIG,PRU,0.807100,0.807100,0.621127,True
HBAN,PRU,0.806612,0.806612,0.621912,True
JPM,PRU,0.806019,0.806019,0.622866,True
AXP,SYF,0.806015,0.806015,0.622873,True
C,PRU,0.805899,0.805899,0.623058,True
EOG,HAL,0.805855,0.805855,0.623130,True
BX,KKR,0.805706,0.805706,0.623369,True
CMS,NI,0.805399,0.805399,0.623861,True
FITB,WFC,0.803176,0.803176,0.627413,True
DUK,EVRG,0.803105,0.803105,0.627527,True
DHR,TMO,0.803083,0.803083,0.627562,True
ATO,WEC,0.802704,0.802704,0.628165,True
FRT,SPG,0.802573,0.802573,0.628374,True
PRU,USB,0.802370,0.802370,0.628697,True
AEE,ED,0.802334,0.802334,0.628755,True
AEE,ATO,0.802141,0.802141,0.629061,True
PNC,WFC,0.802140,0.802140,0.629064,True
KMI,OKE,0.801695,0.801695,0.629771,True
AMP,JPM,0.801673,0.801673,0.629804,True
KIM,SPG,0.801619,0.801619,0.629890,True
APA,FANG,0.801610,0.801610,0.629905,True
CMS,EVRG,0.801223,0.801223,0.630518,True
FITB,JPM,0.800889,0.800889,0.631048,True
ACGL,EG,0.800716,0.800716,0.631323,True
PRU,RF,0.800382,0.800382,0.631852,True
C,RF,0.800359,0.800359,0.631888,True
RF,WFC,0.800284,0.800284,0.632007,True
USB,WFC,0.800170,0.800170,0.632186,True
COF,RF,0.799674,0.799674,0.632971,True
DUK,XEL,0.799593,0.799593,0.633098,True
MCHP,ON,0.799182,0.799182,0.633748,True
FITB,SYF,0.798964,0.798964,0.634091,True
CFG,JPM,0.798877,0.798877,0.634228,True
MET,PNC,0.798357,0.798357,0.635048,True
JPM,MET,0.798186,0.798186,0.635317,True
DHI,NVR,0.798039,0.798039,0.635549,True
EOG,XOM,0.798015,0.798015,0.635586,True
C,KEY,0.797969,0.797969,0.635659,True
BAC,PFG,0.797885,0.797885,0.635792,True
LNT,NI,0.797386,0.797386,0.636575,True
AIG,MET,0.797367,0.797367,0.636606,True
HCA,UHS,0.796877,0.796877,0.637374,True
L,MET,0.796303,0.796303,0.638275,True
JPM,RF,0.796215,0.796215,0.638412,True
ETR,LNT,0.796195,0.796195,0.638444,True
KEY,MTB,0.795214,0.795214,0.639978,True
AIG,PFG,0.794778,0.794778,0.640659,True
L,PRU,0.794442,0.794442,0.641183,True
FITB,PFG,0.794200,0.794200,0.641560,True
CFG,PRU,0.793967,0.793967,0.641923,True
AWK,CMS,0.793814,0.793814,0.642163,True
REG,SPG,0.793602,0.793602,0.642492,True
PRU,WFC,0.793419,0.793419,0.642776,True
ETR,NI,0.793296,0.793296,0.642968,True
CFG,SYF,0.793211,0.793211,0.643101,True
CMS,ES,0.793188,0.793188,0.643137,True
COR,MCK,0.793029,0.793029,0.643383,True
FITB,MET,0.792229,0.792229,0.644625,True
HAL,XOM,0.792160,0.792160,0.644733,True
DVN,SLB,0.791993,0.791993,0.644992,True
DUK,EXC,0.791526,0.791526,0.645715,True
TFC,WFC,0.791515,0.791515,0.645732,True
C,USB,0.791152,0.791152,0.646294,True
C,TFC,0.791041,0.791041,0.646466,True
EOG,OXY,0.790955,0.790955,0.646599,True
D,DUK,0.790832,0.790832,0.646789,True
ATO,SO,0.790510,0.790510,0.647287,True
HBAN,WFC,0.789943,0.789943,0.648163,True
EVRG,NI,0.789544,0.789544,0.648778,True
ES,LNT,0.789540,0.789540,0.648783,True
CFG,WFC,0.789501,0.789501,0.648844,True
MET,USB,0.789498,0.789498,0.648848,True
APA,EOG,0.789405,0.789405,0.648992,True
COF,PNC,0.789348,0.789348,0.649079,True
LEN,NVR,0.789026,0.789026,0.649575,True
ATO,NI,0.788547,0.788547,0.650312,True
MTB,PRU,0.788539,0.788539,0.650324,True
BAC,STT,0.788498,0.788498,0.650388,True
C,COF,0.788400,0.788400,0.650537,True
HBAN,MET,0.788378,0.788378,0.650573,True
DUK,PNW,0.788342,0.788342,0.650628,True
BKR,SLB,0.788240,0.788240,0.650784,True
DOV,ITW,0.787815,0.787815,0.651437,True
AEE,ETR,0.787550,0.787550,0.651844,True
D,SO,0.787423,0.787423,0.652038,True
BAC,COF,0.787169,0.787169,0.652428,True
EOG,SLB,0.787104,0.787104,0.652528,True
SLB,XOM,0.787046,0.787046,0.652616,True
CB,WRB,0.787001,0.787001,0.652686,True
AEP,XEL,0.786990,0.786990,0.652702,True
MET,TFC,0.786745,0.786745,0.653078,True
AEE,EXC,0.786552,0.786552,0.653373,True
C,PFG,0.785998,0.785998,0.654220,True
C,HBAN,0.785997,0.785997,0.654221,True
COF,KEY,0.785983,0.785983,0.654242,True
AMP,PNC,0.785880,0.785880,0.654401,True
NXPI,TXN,0.785801,0.785801,0.654521,True
PFG,PNC,0.785510,0.785510,0.654965,True
ETN,HUBB,0.785494,0.785494,0.654990,True
EXC,SO,0.785409,0.785409,0.655120,True
HBAN,JPM,0.785141,0.785141,0.655528,True
APO,KKR,0.784833,0.784833,0.655999,True
EVRG,WEC,0.784690,0.784690,0.656216,True
BAC,NTRS,0.784384,0.784384,0.656682,True
ROST,TJX,0.784010,0.784010,0.657252,True
JPM,USB,0.783752,0.783752,0.657645,True
AMP,C,0.783224,0.783224,0.658446,True
MET,RF,0.782901,0.782901,0.658937,True
C,SYF,0.782738,0.782738,0.659185,True
C,MET,0.782397,0.782397,0.659701,True
PFG,RF,0.781853,0.781853,0.660526,True
CVX,HAL,0.781507,0.781507,0.661049,True
DTE,PNW,0.781409,0.781409,0.661198,True
ATO,ED,0.781342,0.781342,0.661299,True
HBAN,PFG,0.781250,0.781250,0.661437,True
AEP,EVRG,0.781104,0.781104,0.661659,True
AMP,FITB,0.781058,0.781058,0.661727,True
CFG,MET,0.781018,0.781018,0.661788,True
MS,PRU,0.780915,0.780915,0.661944,True
KEY,PRU,0.780763,0.780763,0.662174,True
ATO,DUK,0.780725,0.780725,0.662232,True
AWK,WEC,0.780135,0.780135,0.663121,True
DTE,DUK,0.780097,0.780097,0.663178,True
AEP,ED,0.779847,0.779847,0.663555,True
COF,HBAN,0.779699,0.779699,0.663779,True
INVH,MAA,0.779617,0.779617,0.663902,True
BAC,RJF,0.779369,0.779369,0.664276,True
KEY,WFC,0.778764,0.778764,0.665185,True
CSX,UNP,0.778681,0.778681,0.665311,True
SO,XEL,0.778628,0.778628,0.665390,True
ETR,PNW,0.778422,0.778422,0.665699,True
AEE,ES,0.778261,0.778261,0.665941,True
CFG,PFG,0.778024,0.778024,0.666298,True
BRK-B,L,0.777677,0.777677,0.666818,True
ETR,SO,0.777232,0.777232,0.667485,True
DUK,NI,0.777069,0.777069,0.667729,True
ES,SO,0.776895,0.776895,0.667989,True
PFG,TFC,0.776849,0.776849,0.668058,True
MET,MTB,0.776812,0.776812,0.668114,True
DUK,PPL,0.776791,0.776791,0.668146,True
MET,WFC,0.776563,0.776563,0.668487,True
BKR,HAL,0.776167,0.776167,0.669079,True
AIG,HIG,0.775874,0.775874,0.669516,True
ED,ES,0.775871,0.775871,0.669520,True
ADI,ON,0.775545,0.775545,0.670008,True
OKE,WMB,0.775512,0.775512,0.670057,True
RF,SYF,0.775492,0.775492,0.670087,True
JPM,PFG,0.775448,0.775448,0.670153,True
COF,TFC,0.775349,0.775349,0.670300,True
DOC,UDR,0.775285,0.775285,0.670395,True
PFG,USB,0.775281,0.775281,0.670401,True
ARES,KKR,0.775124,0.775124,0.670635,True
AXP,PFG,0.774608,0.774608,0.671404,True
NI,SO,0.774539,0.774539,0.671507,True
MS,RJF,0.774523,0.774523,0.671532,True
LNT,PNW,0.774301,0.774301,0.671861,True
AMP,GS,0.774255,0.774255,0.671931,True
JPM,TFC,0.774182,0.774182,0.672039,True
FANG,SLB,0.774050,0.774050,0.672235,True
APA,COP,0.773942,0.773942,0.672395,True
AMP,TFC,0.773515,0.773515,0.673030,True
COP,OXY,0.773508,0.773508,0.673041,True
LNT,PPL,0.773501,0.773501,0.673051,True
AIG,L,0.773473,0.773473,0.673093,True
AWK,LNT,0.773331,0.773331,0.673304,True
KEY,SYF,0.772903,0.772903,0.673939,True
COF,JPM,0.772669,0.772669,0.674286,True
LRCX,TER,0.772417,0.772417,0.674660,True
PPL,SO,0.772379,0.772379,0.674716,True
CVX,SLB,0.772329,0.772329,0.674790,True
AXP,PRU,0.772294,0.772294,0.674843,True
DTE,LNT,0.772261,0.772261,0.674891,True
COF,PRU,0.772167,0.772167,0.675031,True
EXC,LNT,0.772063,0.772063,0.675185,True
CPT,INVH,0.771987,0.771987,0.675297,True
MTB,WFC,0.771863,0.771863,0.675481,True
A,MTD,0.771711,0.771711,0.675706,True
DUK,ES,0.771537,0.771537,0.675963,True
DUK,ETR,0.771270,0.771270,0.676358,True
AFL,PRU,0.771183,0.771183,0.676486,True
MS,PNC,0.771166,0.771166,0.676511,True
BLK,TROW,0.770887,0.770887,0.676923,True
BRK-B,PRU,0.770448,0.770448,0.677572,True
ETN,PH,0.770391,0.770391,0.677656,True
DTE,PPL,0.770209,0.770209,0.677925,True
D,ED,0.770103,0.770103,0.678082,True
EMR,PH,0.769855,0.769855,0.678447,True
D,ES,0.769846,0.769846,0.678461,True
AMAT,TER,0.769705,0.769705,0.678667,True
AXP,JPM,0.769660,0.769660,0.678734,True
MET,RJF,0.769407,0.769407,0.679107,True
HIG,TRV,0.769392,0.769392,0.679129,True
IP,PKG,0.769194,0.769194,0.679420,True
ATO,EVRG,0.769162,0.769162,0.679467,True
AMP,AXP,0.769144,0.769144,0.679494,True
PRU,RJF,0.769119,0.769119,0.679531,True
CNP,DTE,0.769087,0.769087,0.679578,True
AMP,NTRS,0.769086,0.769086,0.679579,True
MGM,WYNN,0.768513,0.768513,0.680422,True
AXP,BAC,0.768485,0.768485,0.680463,True
DVN,XOM,0.768408,0.768408,0.680576,True
CMS,DTE,0.768063,0.768063,0.681082,True
MS,WFC,0.767919,0.767919,0.681295,True
MS,PFG,0.767640,0.767640,0.681704,True
D,LNT,0.767545,0.767545,0.681843,True
PNC,SYF,0.767519,0.767519,0.681881,True
APH,TEL,0.767408,0.767408,0.682044,True
ETR,EVRG,0.767066,0.767066,0.682545,True
ES,XEL,0.766706,0.766706,0.683073,True
DOV,PNR,0.766394,0.766394,0.683530,True
CMS,ETR,0.766335,0.766335,0.683615,True
CMS,D,0.766330,0.766330,0.683622,True
MET,MS,0.766125,0.766125,0.683922,True
PFG,SYF,0.766025,0.766025,0.684069,True
ITW,PH,0.765743,0.765743,0.684481,True
COF,PFG,0.765629,0.765629,0.684647,True
GS,WFC,0.765456,0.765456,0.684900,True
BXP,FRT,0.765070,0.765070,0.685464,True
AMP,RF,0.764694,0.764694,0.686012,True
GS,PNC,0.763682,0.763682,0.687485,True
A,WAT,0.763607,0.763607,0.687595,True
AMP,COF,0.763346,0.763346,0.687974,True
LRCX,MU,0.763295,0.763295,0.688048,True
AFL,MET,0.763124,0.763124,0.688297,True
AEP,ES,0.763084,0.763084,0.688355,True
AEE,D,0.762927,0.762927,0.688583,True
APA,HAL,0.762905,0.762905,0.688614,True
NI,XEL,0.762743,0.762743,0.688849,True
JPM,KEY,0.762411,0.762411,0.689332,True
KLAC,TER,0.762333,0.762333,0.689445,True
FITB,GS,0.762284,0.762284,0.689515,True
AMP,CFG,0.762077,0.762077,0.689817,True
F,GM,0.761995,0.761995,0.689935,True
BAC,SYF,0.761951,0.761951,0.689998,True
DGX,LH,0.761881,0.761881,0.690100,True
AXP,FITB,0.761717,0.761717,0.690338,True
ACGL,CB,0.761527,0.761527,0.690613,True
PSX,XOM,0.761342,0.761342,0.690880,True
AWK,DUK,0.761049,0.761049,0.691304,True
EVRG,XEL,0.761032,0.761032,0.691328,True
PH,URI,0.760686,0.760686,0.691830,True
D,WEC,0.760685,0.760685,0.691831,True
INVH,UDR,0.760346,0.760346,0.692321,True
AMP,WFC,0.760284,0.760284,0.692410,True
KEY,PFG,0.759824,0.759824,0.693074,True
CFG,GS,0.759699,0.759699,0.693254,True
ATO,XEL,0.759649,0.759649,0.693326,True
JPM,MTB,0.759490,0.759490,0.693556,True
JPM,RJF,0.759438,0.759438,0.693631,True
HAL,OXY,0.759390,0.759390,0.693700,True
DTE,NI,0.759270,0.759270,0.693874,True
ED,XEL,0.759110,0.759110,0.694104,True
AEP,ATO,0.759073,0.759073,0.694158,True
JPM,SYF,0.759048,0.759048,0.694193,True
EXC,PNW,0.758990,0.758990,0.694276,True
NI,PNW,0.758980,0.758980,0.694291,True
HBAN,SYF,0.758967,0.758967,0.694310,True
DAL,LUV,0.758956,0.758956,0.694326,True
AFL,AIG,0.758917,0.758917,0.694381,True
FITB,MS,0.758672,0.758672,0.694735,True
SYF,TFC,0.758526,0.758526,0.694945,True
PRU,STT,0.758488,0.758488,0.694999,True
HIG,L,0.758429,0.758429,0.695084,True
RJF,SCHW,0.758359,0.758359,0.695185,True
KLAC,MPWR,0.758214,0.758214,0.695393,True
COF,MS,0.758189,0.758189,0.695430,True
AMP,SYF,0.758104,0.758104,0.695552,True
MS,STT,0.758086,0.758086,0.695578,True
AEE,PNW,0.757773,0.757773,0.696027,True
KEY,MET,0.757730,0.757730,0.696089,True
DTE,ETR,0.757692,0.757692,0.696144,True
DLR,EQIX,0.757588,0.757588,0.696293,True
COF,GS,0.757347,0.757347,0.696640,True
PNW,SO,0.757283,0.757283,0.696731,True
PRU,SYF,0.757282,0.757282,0.696732,True
L,PFG,0.757262,0.757262,0.696761,True
DTE,EXC,0.757184,0.757184,0.696873,True
AMP,PH,0.756985,0.756985,0.697158,False
COF,USB,0.756844,0.756844,0.697361,True
ACGL,WRB,0.756809,0.756809,0.697411,True
AEP,NI,0.756731,0.756731,0.697523,True
DOC,WELL,0.756448,0.756448,0.697928,True
HBAN,RJF,0.756365,0.756365,0.698048,True
AMAT,MCHP,0.756314,0.756314,0.698121,True
GS,PRU,0.755958,0.755958,0.698630,True
TRV,WRB,0.755927,0.755927,0.698674,True
AME,PH,0.755221,0.755221,0.699685,True
AEE,AWK,0.755099,0.755099,0.699859,True
NTRS,PRU,0.755074,0.755074,0.699894,True
EVRG,PNW,0.755072,0.755072,0.699896,True
MTB,PFG,0.754730,0.754730,0.700385,True
AXP,C,0.754721,0.754721,0.700398,True
NTRS,PNC,0.754665,0.754665,0.700479,True
DOC,VTR,0.754598,0.754598,0.700575,True
FTV,PH,0.754485,0.754485,0.700736,True
AMP,STT,0.754478,0.754478,0.700745,True
ES,EVRG,0.754385,0.754385,0.700878,True
COF,WFC,0.754298,0.754298,0.701002,True
AWK,SO,0.754278,0.754278,0.701031,True
ETR,EXC,0.754097,0.754097,0.701289,True
COP,PSX,0.754079,0.754079,0.701315,True
ETR,PPL,0.753948,0.753948,0.701501,True
FANG,TRGP,0.753922,0.753922,0.701538,True
AMP,USB,0.753820,0.753820,0.701684,True
AXP,PNC,0.753715,0.753715,0.701833,True
COF,MET,0.753607,0.753607,0.701987,True
CPT,DOC,0.753366,0.753366,0.702330,True
EXC,NI,0.753326,0.753326,0.702388,True
KLAC,MCHP,0.753270,0.753270,0.702468,True
ADI,KLAC,0.753208,0.753208,0.702556,True
LRCX,NXPI,0.753167,0.753167,0.702614,True
FANG,OKE,0.753065,0.753065,0.702759,True
ADI,AMAT,0.752935,0.752935,0.702943,True
DOV,FTV,0.752835,0.752835,0.703086,True
AEE,DTE,0.752817,0.752817,0.703112,True
AXP,MET,0.752329,0.752329,0.703806,True
CVX,DVN,0.752279,0.752279,0.703876,True
LRCX,MCHP,0.752244,0.752244,0.703926,True
CFG,MS,0.752160,0.752160,0.704046,True
PFG,RJF,0.751990,0.751990,0.704286,True
AFL,PFG,0.751902,0.751902,0.704412,True
CMS,PNW,0.751859,0.751859,0.704473,True
NTRS,USB,0.751802,0.751802,0.704553,True
GS,RF,0.751762,0.751762,0.704610,True
AMP,L,0.751734,0.751734,0.704651,True
TRGP,WMB,0.751704,0.751704,0.704694,True
EVRG,EXC,0.751320,0.751320,0.705237,True
ESS,INVH,0.750487,0.750487,0.706418,True
IR,PH,0.750430,0.750430,0.706498,True
AMAT,NXPI,0.750348,0.750348,0.706615,True
PNC,RJF,0.750332,0.750332,0.706637,True
AMP,BRK-B,0.750204,0.750204,0.706818,True
CVX,EOG,0.750186,0.750186,0.706843,True
DVN,OKE,0.750164,0.750164,0.706875,True
ETR,XEL,0.750149,0.750149,0.706897,True
MS,NTRS,0.749950,0.749950,0.707177,True
GS,MET,0.749865,0.749865,0.707297,True
PFG,STT,0.749686,0.749686,0.707550,True
AWK,ED,0.749631,0.749631,0.707628,True
DVN,TRGP,0.749526,0.749526,0.707777,True
DOC,ESS,0.749483,0.749483,0.707837,True
AXP,MS,0.749306,0.749306,0.708087,True
EXC,PPL,0.749269,0.749269,0.708140,True
BSX,SYK,0.749247,0.749247,0.708170,True
CMI,PCAR,0.749172,0.749172,0.708276,True
CMS,EXC,0.748973,0.748973,0.708557,True
CL,PG,0.748909,0.748909,0.708648,True
ETR,PEG,0.748862,0.748862,0.708715,True
PNW,PPL,0.748583,0.748583,0.709109,True
AEE,PPL,0.748484,0.748484,0.709248,True
NI,PPL,0.748364,0.748364,0.709417,True
ADI,LRCX,0.748200,0.748200,0.709647,True
ADI,SWKS,0.747992,0.747992,0.709940,True
CMS,PPL,0.747598,0.747598,0.710496,True
DTE,PEG,0.747552,0.747552,0.710560,True
LRCX,MPWR,0.747255,0.747255,0.710978,True
BRK-B,JPM,0.746954,0.746954,0.711402,True
AME,DOV,0.746785,0.746785,0.711638,True
BXP,KIM,0.746632,0.746632,0.711855,True
RJF,USB,0.746422,0.746422,0.712149,True
AXP,RF,0.746395,0.746395,0.712187,True
EVRG,PPL,0.746307,0.746307,0.712310,True
MET,SYF,0.746030,0.746030,0.712699,True
JPM,STT,0.745751,0.745751,0.713091,True
CVX,KMI,0.745739,0.745739,0.713108,True
MDLZ,PEP,0.745687,0.745687,0.713181,True
BEN,IVZ,0.745616,0.745616,0.713280,True
ED,EVRG,0.745187,0.745187,0.713882,True
FAST,GWW,0.745176,0.745176,0.713897,True
BRK-B,MET,0.745076,0.745076,0.714036,True
MCHP,SWKS,0.745056,0.745056,0.714064,True
KMI,TRGP,0.744937,0.744937,0.714230,True
PNC,STT,0.744900,0.744900,0.714283,True
MS,RF,0.744799,0.744799,0.714424,True
BXP,REG,0.744769,0.744769,0.714466,True
PFG,WFC,0.744586,0.744586,0.714722,True
FITB,NTRS,0.744472,0.744472,0.714881,True
EMR,ETN,0.744471,0.744471,0.714884,True
AEP,AWK,0.744460,0.744460,0.714899,True
RJF,WFC,0.744098,0.744098,0.715405,True
C,STT,0.744079,0.744079,0.715432,True
AMP,KEY,0.743771,0.743771,0.715862,True
GS,SYF,0.743563,0.743563,0.716152,True
MS,SYF,0.743463,0.743463,0.716292,True
EME,FIX,0.743306,0.743306,0.716511,True
GS,HBAN,0.743291,0.743291,0.716531,True
L,WRB,0.743259,0.743259,0.716577,True
ACGL,L,0.743055,0.743055,0.716862,True
ADI,MPWR,0.743009,0.743009,0.716925,True
FANG,XOM,0.742901,0.742901,0.717075,True
AIG,FITB,0.742840,0.742840,0.717161,True
DOV,IEX,0.742792,0.742792,0.717228,True
DOV,EMR,0.742618,0.742618,0.717470,True
AME,ETN,0.742597,0.742597,0.717499,True
CCL,UAL,0.742537,0.742537,0.717583,False
CNP,ETR,0.742331,0.742331,0.717871,True
AXP,GS,0.742096,0.742096,0.718198,True
AEP,ETR,0.742073,0.742073,0.718229,True
MTB,RJF,0.741834,0.741834,0.718562,True
AMP,DOV,0.741266,0.741266,0.719352,False
CF,MOS,0.741114,0.741114,0.719564,True
AMP,BLK,0.741071,0.741071,0.719623,True
CVX,PSX,0.740657,0.740657,0.720199,True
DTE,EVRG,0.740601,0.740601,0.720276,True
APO,BX,0.740589,0.740589,0.720293,True
ITW,PNR,0.740517,0.740517,0.720393,True
GS,PFG,0.740442,0.740442,0.720497,True
AXP,CFG,0.740413,0.740413,0.720537,True
DOC,MAA,0.740285,0.740285,0.720715,True
AMAT,MPWR,0.740246,0.740246,0.720769,True
BAC,L,0.740221,0.740221,0.720804,True
MS,USB,0.740083,0.740083,0.720995,True
NTRS,TFC,0.740025,0.740025,0.721076,True
CFG,STT,0.740007,0.740007,0.721101,True
PH,PNR,0.739952,0.739952,0.721177,True
FITB,STT,0.739846,0.739846,0.721324,True
AME,EMR,0.739554,0.739554,0.721728,True
GS,KEY,0.739362,0.739362,0.721994,True
HBAN,STT,0.739265,0.739265,0.722129,True
AMP,HBAN,0.738942,0.738942,0.722577,True
AIG,AMP,0.738861,0.738861,0.722687,True
MU,WDC,0.738818,0.738818,0.722748,True
MS,TFC,0.738496,0.738496,0.723193,True
HST,MAR,0.738199,0.738199,0.723603,False
NI,WEC,0.738117,0.738117,0.723717,True
A,TMO,0.738062,0.738062,0.723792,True
SYF,USB,0.737970,0.737970,0.723920,True
CRL,IQV,0.737958,0.737958,0.723937,True
DOC,O,0.737832,0.737832,0.724111,True
FRT,UDR,0.737771,0.737771,0.724194,True
CNP,EXC,0.737354,0.737354,0.724771,True
AMP,IVZ,0.737136,0.737136,0.725071,True
NXPI,SWKS,0.737131,0.737131,0.725078,True
COP,OKE,0.737093,0.737093,0.725130,True
CFG,NTRS,0.736935,0.736935,0.725349,True
BEN,TROW,0.736468,0.736468,0.725992,True
RF,STT,0.736257,0.736257,0.726282,True
D,EVRG,0.736177,0.736177,0.726393,True
SYF,WFC,0.735990,0.735990,0.726650,True
NTRS,PFG,0.735983,0.735983,0.726660,True
D,XEL,0.735742,0.735742,0.726991,True
RF,RJF,0.735650,0.735650,0.727117,True
HAL,OKE,0.735637,0.735637,0.727135,True
O,VICI,0.735621,0.735621,0.727157,True
PH,WAB,0.735473,0.735473,0.727361,True
MET,STT,0.735470,0.735470,0.727366,True
AWK,ES,0.735465,0.735465,0.727372,True
BLDR,PHM,0.735438,0.735438,0.727408,False
REG,UDR,0.734970,0.734970,0.728052,True
DTE,SO,0.734891,0.734891,0.728161,True
NTRS,RJF,0.734799,0.734799,0.728287,True
GS,TFC,0.734776,0.734776,0.728319,True
VLO,XOM,0.734695,0.734695,0.728430,True
NTRS,RF,0.734631,0.734631,0.728518,True
CNP,PPL,0.734529,0.734529,0.728657,True
GS,STT,0.734014,0.734014,0.729364,True
CB,HIG,0.734012,0.734012,0.729367,True
ATO,PPL,0.733661,0.733661,0.729848,True
GS,RJF,0.733639,0.733639,0.729878,True
APA,SLB,0.733527,0.733527,0.730032,True
CB,L,0.733496,0.733496,0.730074,True
KEY,STT,0.733177,0.733177,0.730510,True
HAL,TRGP,0.733097,0.733097,0.730621,True
MAR,MGM,0.732962,0.732962,0.730805,True
AME,AMP,0.732712,0.732712,0.731147,False
CINF,L,0.732672,0.732672,0.731202,True
L,PNC,0.732448,0.732448,0.731508,True
AEP,EXC,0.732287,0.732287,0.731728,True
JPM,L,0.732135,0.732135,0.731936,True
C,MTB,0.732066,0.732066,0.732031,True
AEP,D,0.731973,0.731973,0.732157,True
KEY,MS,0.731973,0.731973,0.732158,True
AWK,XEL,0.731939,0.731939,0.732203,True
CFG,RJF,0.731928,0.731928,0.732219,True
FRT,O,0.731913,0.731913,0.732238,True
KLAC,NXPI,0.731908,0.731908,0.732246,True
FITB,RJF,0.731822,0.731822,0.732364,True
EXC,PEG,0.731629,0.731629,0.732627,True
STT,USB,0.731594,0.731594,0.732675,True
MET,NTRS,0.731514,0.731514,0.732784,True
IVZ,PRU,0.731468,0.731468,0.732846,True
KEY,NTRS,0.731459,0.731459,0.732858,True
CNP,NI,0.730836,0.730836,0.733708,True
AME,ITW,0.730772,0.730772,0.733796,True
RJF,TFC,0.730737,0.730737,0.733844,True
PRU,TXT,0.730657,0.730657,0.733952,False
PSX,SLB,0.730463,0.730463,0.734217,True
AXP,HBAN,0.730403,0.730403,0.734299,True
HBAN,NTRS,0.730236,0.730236,0.734525,True
AEP,PPL,0.730188,0.730188,0.734591,True
JPM,NTRS,0.730089,0.730089,0.734726,True
RCL,UAL,0.730034,0.730034,0.734800,False
LUV,UAL,0.729769,0.729769,0.735162,True
CVX,FANG,0.729626,0.729626,0.735356,True
HBAN,MS,0.729622,0.729622,0.735361,True
AFL,L,0.729312,0.729312,0.735783,True
MCO,MSCI,0.728931,0.728931,0.736300,True
AMAT,MU,0.728822,0.728822,0.736448,True
PFG,PH,0.728746,0.728746,0.736552,False
NXPI,TEL,0.728624,0.728624,0.736718,True
MCHP,MPWR,0.728601,0.728601,0.736748,True
DOV,NDSN,0.728572,0.728572,0.736788,True
KO,PEP,0.728560,0.728560,0.736804,True
NCLH,UAL,0.728548,0.728548,0.736821,False
AXP,TFC,0.728388,0.728388,0.737037,True
O,REG,0.728353,0.728353,0.737085,True
CCL,DAL,0.728314,0.728314,0.737138,False
EMR,ROK,0.728229,0.728229,0.737253,True
OXY,XOM,0.727997,0.727997,0.737568,True
MPWR,NXPI,0.727733,0.727733,0.737925,True
DOV,ETN,0.727668,0.727668,0.738014,True
BRK-B,PFG,0.727428,0.727428,0.738339,True
PH,TEL,0.727137,0.727137,0.738733,False
STT,TFC,0.727112,0.727112,0.738767,True
ATO,ES,0.727023,0.727023,0.738887,True
BAC,BRK-B,0.726925,0.726925,0.739020,True
AXP,USB,0.726880,0.726880,0.739080,True
ARES,BX,0.726852,0.726852,0.739118,True
DOV,TEL,0.726758,0.726758,0.739246,False
HON,ITW,0.726518,0.726518,0.739570,True
AXP,KEY,0.726512,0.726512,0.739578,True
GS,USB,0.726321,0.726321,0.739837,True
BXP,UDR,0.726015,0.726015,0.740251,True
PNR,SWK,0.725968,0.725968,0.740314,True
NI,PEG,0.725753,0.725753,0.740603,True
AXP,WFC,0.725724,0.725724,0.740644,True
PH,PRU,0.725039,0.725039,0.741567,False
LNT,PEG,0.724827,0.724827,0.741853,True
DOV,IR,0.724730,0.724730,0.741984,True
LHX,LMT,0.724700,0.724700,0.742024,True
ETN,TT,0.724697,0.724697,0.742028,True
ESS,FRT,0.724480,0.724480,0.742320,True
C,RJF,0.724393,0.724393,0.742438,True
HLT,HST,0.724289,0.724289,0.742578,False
AMP,MTB,0.723993,0.723993,0.742976,True
KLAC,TXN,0.723962,0.723962,0.743018,True
PEG,PNW,0.723673,0.723673,0.743407,True
BXP,ESS,0.723660,0.723660,0.743424,True
AXP,PH,0.723582,0.723582,0.743530,False
PNW,XEL,0.723531,0.723531,0.743597,True
AFL,BRK-B,0.723450,0.723450,0.743707,True
IVZ,TROW,0.723415,0.723415,0.743754,True
ELV,UNH,0.723410,0.723410,0.743760,True
MPC,XOM,0.723334,0.723334,0.743863,True
LMT,NOC,0.723320,0.723320,0.743882,True
ATO,ETR,0.723257,0.723257,0.743967,True
DOV,XYL,0.723140,0.723140,0.744124,True
COF,MTB,0.722661,0.722661,0.744766,True
AIG,RF,0.722508,0.722508,0.744973,True
C,NTRS,0.721689,0.721689,0.746071,True
APH,ETN,0.721628,0.721628,0.746153,False
MDT,SYK,0.721471,0.721471,0.746363,True
AON,WTW,0.721447,0.721447,0.746396,True
MTB,NTRS,0.721428,0.721428,0.746421,True
AIG,JPM,0.721262,0.721262,0.746643,True
SWKS,TXN,0.721258,0.721258,0.746648,True
ATO,PNW,0.721093,0.721093,0.746869,True
CFG,PH,0.721022,0.721022,0.746965,False
MET,TXT,0.720322,0.720322,0.747900,False
DOV,HON,0.720167,0.720167,0.748108,True
OXY,SLB,0.720162,0.720162,0.748116,True
MS,PH,0.720099,0.720099,0.748199,False
DAL,NCLH,0.719885,0.719885,0.748485,False
AXP,RJF,0.719625,0.719625,0.748832,True
A,DHR,0.719531,0.719531,0.748958,True
EXC,XEL,0.719138,0.719138,0.749483,True
AME,IEX,0.719107,0.719107,0.749524,True
AME,NDSN,0.719045,0.719045,0.749607,True
LYB,PRU,0.719017,0.719017,0.749644,False
EMR,URI,0.718911,0.718911,0.749785,True
NXPI,TER,0.718897,0.718897,0.749804,True
AMAT,TXN,0.718779,0.718779,0.749961,True
CVX,VLO,0.718771,0.718771,0.749971,True
ADI,TER,0.718753,0.718753,0.749996,True
AEP,PNW,0.718712,0.718712,0.750051,True
AIG,CB,0.718339,0.718339,0.750548,True
CAT,URI,0.718284,0.718284,0.750621,True
IVZ,MS,0.718269,0.718269,0.750641,True
MSCI,SPGI,0.718191,0.718191,0.750745,True
MCHP,TER,0.717999,0.717999,0.751001,True
DAL,RCL,0.717959,0.717959,0.751054,False
EG,WRB,0.717737,0.717737,0.751349,True
BKR,CVX,0.717565,0.717565,0.751579,True
PEG,PPL,0.717524,0.717524,0.751633,True
AIG,CFG,0.717294,0.717294,0.751938,True
STT,WFC,0.717120,0.717120,0.752171,True
MPWR,NVDA,0.717064,0.717064,0.752245,True
PH,SYF,0.717058,0.717058,0.752252,False
ED,NI,0.716931,0.716931,0.752422,True
CNC,MOH,0.716929,0.716929,0.752424,True
FITB,PH,0.716768,0.716768,0.752638,False
CB,EG,0.716547,0.716547,0.752932,True
DTE,XEL,0.716527,0.716527,0.752959,True
APA,TRGP,0.716276,0.716276,0.753292,True
MAS,SWK,0.715987,0.715987,0.753675,True
CVX,OKE,0.715891,0.715891,0.753802,True
ACGL,TRV,0.715883,0.715883,0.753814,True
EMR,ITW,0.715697,0.715697,0.754060,True
ITW,XYL,0.715680,0.715680,0.754083,True
ATO,D,0.715641,0.715641,0.754134,True
BLK,MS,0.715221,0.715221,0.754690,True
PH,ROK,0.715156,0.715156,0.754777,True
CINF,WRB,0.715062,0.715062,0.754901,True
ARE,DOC,0.714932,0.714932,0.755073,True
ETN,JCI,0.714891,0.714891,0.755128,True
REG,WELL,0.714871,0.714871,0.755154,True
L,TXT,0.714853,0.714853,0.755179,False
CAH,COR,0.714838,0.714838,0.755198,True
O,WELL,0.714641,0.714641,0.755458,True
AME,HUBB,0.714605,0.714605,0.755507,True
KIM,WELL,0.714482,0.714482,0.755669,True
AIG,COF,0.714427,0.714427,0.755742,True
RJF,STT,0.714085,0.714085,0.756194,True
L,WFC,0.713866,0.713866,0.756484,True
HUBB,PH,0.713855,0.713855,0.756498,True
DOV,WAB,0.713753,0.713753,0.756633,True
LRCX,TXN,0.713702,0.713702,0.756701,True
BLDR,DHI,0.713541,0.713541,0.756913,False
FITB,L,0.713493,0.713493,0.756977,True
STX,WDC,0.713478,0.713478,0.756997,True
NTRS,WFC,0.713433,0.713433,0.757056,True
BLDR,LEN,0.713391,0.713391,0.757111,False
NI,SRE,0.713289,0.713289,0.757246,True
BKR,COP,0.713275,0.713275,0.757264,True
COP,KMI,0.713169,0.713169,0.757404,True
CAH,MCK,0.713038,0.713038,0.757577,True
AIG,C,0.712891,0.712891,0.757771,True
C,L,0.712744,0.712744,0.757966,True
KIM,UDR,0.712685,0.712685,0.758044,True
APO,ARES,0.712611,0.712611,0.758141,True
LHX,NOC,0.712541,0.712541,0.758233,True
ITW,SWK,0.712505,0.712505,0.758281,True
JPM,PH,0.712485,0.712485,0.758308,False
BKR,XOM,0.712411,0.712411,0.758404,True
C,PH,0.712311,0.712311,0.758537,False
CPB,GIS,0.712251,0.712251,0.758616,True
ITW,NDSN,0.711666,0.711666,0.759386,True
CVX,MPC,0.711638,0.711638,0.759424,True
AXP,BRK-B,0.711590,0.711590,0.759487,True
AMP,TROW,0.711419,0.711419,0.759712,True
AMD,NVDA,0.711112,0.711112,0.760116,True
CNP,PNW,0.710920,0.710920,0.760369,True
DOC,KIM,0.710695,0.710695,0.760665,True
AJG,AON,0.710622,0.710622,0.760760,True
PFG,TXT,0.710563,0.710563,0.760838,False
L,RF,0.710556,0.710556,0.760847,True
ES,NI,0.710482,0.710482,0.760944,True
AMP,TXT,0.710463,0.710463,0.760970,False
O,VTR,0.710444,0.710444,0.760993,True
EMR,HUBB,0.710397,0.710397,0.761055,True
MTD,WAT,0.710306,0.710306,0.761175,True
COF,STT,0.710273,0.710273,0.761219,True
GS,NTRS,0.710272,0.710272,0.761221,True
BRK-B,MS,0.710111,0.710111,0.761432,True
GPN,MA,0.710047,0.710047,0.761516,True
ATO,AWK,0.710034,0.710034,0.761532,True
L,TRV,0.709906,0.709906,0.761701,True
DOV,SWK,0.709852,0.709852,0.761772,True
AIG,BRK-B,0.709774,0.709774,0.761874,True
CMI,ITW,0.709406,0.709406,0.762357,True
KEY,RJF,0.709387,0.709387,0.762382,True
DTE,SRE,0.709313,0.709313,0.762479,True
BLK,BX,0.709289,0.709289,0.762510,True
PH,TXT,0.709265,0.709265,0.762542,True
CAT,EMR,0.709167,0.709167,0.762670,True
BRK-B,PNC,0.709126,0.709126,0.762724,True
MET,PH,0.709074,0.709074,0.762793,False
AEE,PEG,0.708927,0.708927,0.762985,True
MTD,TMO,0.708511,0.708511,0.763530,True
RL,TPR,0.708415,0.708415,0.763656,True
AIG,BAC,0.708321,0.708321,0.763779,True
COF,NTRS,0.708243,0.708243,0.763881,True
AMP,SCHW,0.708230,0.708230,0.763898,True
RVTY,TMO,0.708164,0.708164,0.763984,True
AIG,AXP,0.707981,0.707981,0.764224,True
DUK,PEG,0.707527,0.707527,0.764817,True
AFL,AMP,0.707302,0.707302,0.765112,True
IEX,ITW,0.707181,0.707181,0.765269,True
DOC,VICI,0.706919,0.706919,0.765612,True
CNP,DUK,0.706884,0.706884,0.765658,True
IVZ,PFG,0.706873,0.706873,0.765673,True
CMI,PH,0.706768,0.706768,0.765809,True
PPL,XEL,0.706716,0.706716,0.765878,True
OKE,SLB,0.706706,0.706706,0.765890,True
IVZ,MET,0.706272,0.706272,0.766457,True
FTV,PNR,0.706027,0.706027,0.766776,True
ADI,QCOM,0.706018,0.706018,0.766788,True
BX,TROW,0.705978,0.705978,0.766840,True
COP,MPC,0.705766,0.705766,0.767117,True
BRK-B,ITW,0.705742,0.705742,0.767148,False
BLK,IVZ,0.705662,0.705662,0.767253,True
COF,PH,0.705629,0.705629,0.767295,False
ED,EXC,0.705564,0.705564,0.767380,True
EOG,OKE,0.705523,0.705523,0.767434,True
BKNG,EXPE,0.705470,0.705470,0.767503,True
AMAT,QCOM,0.705409,0.705409,0.767582,True
BAC,IVZ,0.705398,0.705398,0.767596,True
ARE,PLD,0.705372,0.705372,0.767630,True
DOV,PRU,0.705150,0.705150,0.767920,False
COP,TRGP,0.704987,0.704987,0.768131,True
ATO,DTE,0.704975,0.704975,0.768148,True
GS,PH,0.704973,0.704973,0.768150,False
EMR,PRU,0.704940,0.704940,0.768192,False
ATO,EXC,0.704910,0.704910,0.768232,True
GPN,V,0.704827,0.704827,0.768339,True
ITW,SNA,0.704749,0.704749,0.768442,True
MPWR,TER,0.704691,0.704691,0.768517,True
L,USB,0.704624,0.704624,0.768604,True
PH,RF,0.704602,0.704602,0.768633,False
L,RJF,0.704477,0.704477,0.768795,True
ON,TXN,0.704372,0.704372,0.768931,True
D,NI,0.704305,0.704305,0.769019,True
HLT,MGM,0.703961,0.703961,0.769466,True
AIG,PNC,0.703915,0.703915,0.769526,True
DTE,O,0.703870,0.703870,0.769584,False
DOV,MS,0.703718,0.703718,0.769782,False
AXP,MTB,0.703671,0.703671,0.769842,True
FTV,ITW,0.703517,0.703517,0.770043,True
AME,PRU,0.703411,0.703411,0.770180,False
L,MTB,0.703180,0.703180,0.770481,True
AIG,SYF,0.703022,0.703022,0.770685,True
BLK,MCO,0.702924,0.702924,0.770812,True
FRT,WELL,0.702910,0.702910,0.770831,True
COP,VLO,0.702904,0.702904,0.770839,True
ETN,PWR,0.702856,0.702856,0.770901,True
AJG,WTW,0.702822,0.702822,0.770945,True
KLAC,MU,0.702740,0.702740,0.771052,True
DOC,INVH,0.702683,0.702683,0.771126,True
PH,PNC,0.702519,0.702519,0.771337,False
QCOM,SWKS,0.702318,0.702318,0.771598,True
GD,RTX,0.702201,0.702201,0.771750,True
HON,PFG,0.702132,0.702132,0.771840,False
ED,PPL,0.701990,0.701990,0.772023,True
HST,KIM,0.701867,0.701867,0.772182,True
PEP,PG,0.701842,0.701842,0.772215,True
ITW,ROK,0.701726,0.701726,0.772365,True
HAL,PSX,0.701615,0.701615,0.772509,True
BAC,PH,0.701547,0.701547,0.772597,False
AAPL,MSFT,0.701430,0.701430,0.772748,True
BRK-B,GS,0.701257,0.701257,0.772973,True
AME,FTV,0.701242,0.701242,0.772992,True
AIG,KEY,0.701107,0.701107,0.773166,True
EMR,IR,0.701092,0.701092,0.773185,True
AVGO,LRCX,0.701022,0.701022,0.773276,True
ESS,REG,0.700900,0.700900,0.773434,True
EOG,TRGP,0.700867,0.700867,0.773476,True
CMS,PEG,0.700865,0.700865,0.773479,True
SYK,ZBH,0.700803,0.700803,0.773559,True
INVH,PLD,0.700758,0.700758,0.773618,True
OXY,TRGP,0.700729,0.700729,0.773655,True
MAA,O,0.700577,0.700577,0.773851,True
DOV,URI,0.700321,0.700321,0.774182,True
EMR,FTV,0.700226,0.700226,0.774305,True
DOV,PFG,0.700167,0.700167,0.774380,False
AFL,HIG,0.700098,0.700098,0.774470,True
COF,RJF,0.700070,0.700070,0.774506,True
DOV,HUBB,0.699900,0.699900,0.774725,True
BRK-B,C,0.699844,0.699844,0.774798,True
CNP,SO,0.699801,0.699801,0.774854,True
BKR,DVN,0.699671,0.699671,0.775022,True
D,DTE,0.699664,0.699664,0.775031,True
LRCX,ON,0.699595,0.699595,0.775119,True
ADI,TEL,0.699565,0.699565,0.775158,True
KLAC,NVDA,0.699470,0.699470,0.775280,True
AWK,EVRG,0.699458,0.699458,0.775296,True
MS,MTB,0.699337,0.699337,0.775452,True
AXP,L,0.699322,0.699322,0.775471,True
NXPI,QCOM,0.699271,0.699271,0.775537,True
OKE,OXY,0.699245,0.699245,0.775571,True
PPL,WEC,0.699006,0.699006,0.775879,True
MAA,PSA,0.698987,0.698987,0.775903,True
JCI,TT,0.698799,0.698799,0.776145,True
SPG,VTR,0.698778,0.698778,0.776173,True
ED,PNW,0.698771,0.698771,0.776182,True
ES,PPL,0.698691,0.698691,0.776285,True
O,UDR,0.698568,0.698568,0.776443,True
MCO,NDAQ,0.698545,0.698545,0.776473,True
BXP,DOC,0.698525,0.698525,0.776498,True
EMR,HON,0.698438,0.698438,0.776611,True
MAS,PNR,0.698430,0.698430,0.776620,True
EOG,PSX,0.698276,0.698276,0.776819,True
JBL,TEL,0.698196,0.698196,0.776922,True
HON,PRU,0.698168,0.698168,0.776958,False
MTB,SYF,0.697872,0.697872,0.777339,True
BLK,DOV,0.697862,0.697862,0.777351,False
LNT,NEE,0.697779,0.697779,0.777458,True
ESS,O,0.697776,0.697776,0.777462,True
JCI,PH,0.697564,0.697564,0.777735,True
AME,HON,0.697511,0.697511,0.777803,True
A,RVTY,0.697348,0.697348,0.778013,True
MAS,PHM,0.697264,0.697264,0.778121,False
APTV,TEL,0.697245,0.697245,0.778146,False
LRCX,QCOM,0.697125,0.697125,0.778300,True
CVX,OXY,0.696983,0.696983,0.778482,True
CPT,PLD,0.696939,0.696939,0.778538,True
AMAT,AVGO,0.696863,0.696863,0.778636,True
GOOGL,MSFT,0.696775,0.696775,0.778749,False
CAT,PH,0.696669,0.696669,0.778885,True
SLB,VLO,0.696547,0.696547,0.779042,True
CRM,NOW,0.696444,0.696444,0.779174,True
GS,IVZ,0.696417,0.696417,0.779208,True
DOC,PLD,0.696408,0.696408,0.779220,True
BAC,SCHW,0.696230,0.696230,0.779448,True
DOV,MET,0.696033,0.696033,0.779701,False
IVZ,PNC,0.695984,0.695984,0.779765,True
DOV,PPG,0.695936,0.695936,0.779826,False
HST,SPG,0.695923,0.695923,0.779842,True
L,TFC,0.695894,0.695894,0.779880,True
VICI,VTR,0.695828,0.695828,0.779964,True
KIM,VTR,0.695814,0.695814,0.779982,True
AMAT,ON,0.695800,0.695800,0.780000,True
APH,GLW,0.695780,0.695780,0.780026,True
SLB,TRGP,0.695575,0.695575,0.780288,True
ETN,URI,0.695567,0.695567,0.780298,True
AEE,CNP,0.695484,0.695484,0.780405,True
MAA,PLD,0.695471,0.695471,0.780422,True
MPWR,TXN,0.695201,0.695201,0.780768,True
CNP,EVRG,0.695172,0.695172,0.780805,True
D,PPL,0.695152,0.695152,0.780830,True
IVZ,TFC,0.694906,0.694906,0.781146,True
AME,CSX,0.694872,0.694872,0.781188,True
CFG,L,0.694841,0.694841,0.781229,True
CAT,CMI,0.694677,0.694677,0.781439,True
ITW,PPG,0.694634,0.694634,0.781493,False
AFL,AXP,0.694611,0.694611,0.781523,True
PH,XYL,0.694452,0.694452,0.781726,True
APH,LRCX,0.694280,0.694280,0.781946,True
EXC,WEC,0.694202,0.694202,0.782046,True
FITB,HIG,0.694166,0.694166,0.782091,True
CPT,O,0.694139,0.694139,0.782127,True
AXP,STT,0.694136,0.694136,0.782131,True
GOOG,MSFT,0.694126,0.694126,0.782143,False
BRK-B,STT,0.694070,0.694070,0.782215,True
IEX,NDSN,0.694019,0.694019,0.782280,True
BLK,GS,0.693956,0.693956,0.782360,True
DOV,SNA,0.693877,0.693877,0.782461,True
DOV,ROK,0.693539,0.693539,0.782893,True
NDSN,PH,0.693477,0.693477,0.782972,True
AIG,TFC,0.693476,0.693476,0.782974,True
ES,ETR,0.693299,0.693299,0.783200,True
KIM,O,0.693296,0.693296,0.783204,True
SPG,WELL,0.693285,0.693285,0.783217,True
TXT,WAB,0.693276,0.693276,0.783230,True
PH,SWK,0.693148,0.693148,0.783393,True
AMP,EMR,0.693110,0.693110,0.783441,False
KLAC,QCOM,0.692788,0.692788,0.783852,True
ACGL,AIG,0.692722,0.692722,0.783936,True
HBAN,L,0.692633,0.692633,0.784049,True
MPWR,SWKS,0.692222,0.692222,0.784574,True
CPAY,MA,0.692190,0.692190,0.784615,True
EMR,PFG,0.691988,0.691988,0.784872,False
LOW,MAS,0.691709,0.691709,0.785228,False
AMAT,NVDA,0.691650,0.691650,0.785303,True
DOV,SYF,0.691609,0.691609,0.785354,False
LRCX,NVDA,0.691568,0.691568,0.785407,True
CI,ELV,0.691526,0.691526,0.785461,True
AVGO,KLAC,0.691488,0.691488,0.785509,True
AIG,TRV,0.691487,0.691487,0.785510,True
HON,PH,0.691458,0.691458,0.785547,True
KMB,PG,0.691417,0.691417,0.785600,True
DAL,MAR,0.691410,0.691410,0.785608,False
FITB,IVZ,0.691389,0.691389,0.785634,True
DVN,PSX,0.691348,0.691348,0.785686,True
IVZ,RJF,0.691190,0.691190,0.785888,True
HON,MET,0.691160,0.691160,0.785926,False
ETN,FTV,0.691124,0.691124,0.785972,True
MCHP,QCOM,0.690936,0.690936,0.786211,True
ACGL,HIG,0.690885,0.690885,0.786276,True
T,VZ,0.690864,0.690864,0.786302,True
DOC,REG,0.690497,0.690497,0.786769,True
FTV,IR,0.690490,0.690490,0.786778,True
INVH,O,0.690359,0.690359,0.786944,True
RJF,SYF,0.690316,0.690316,0.786999,True
C,IVZ,0.690280,0.690280,0.787045,True
REG,VTR,0.690266,0.690266,0.787063,True
AIG,USB,0.690225,0.690225,0.787115,True
BKR,EOG,0.690220,0.690220,0.787121,True
MAR,RCL,0.690096,0.690096,0.787279,True
AMP,HON,0.690088,0.690088,0.787289,False
BRK-B,HON,0.690078,0.690078,0.787301,False
LYB,MET,0.690053,0.690053,0.787333,False
SO,SRE,0.690018,0.690018,0.787378,True
IVZ,NTRS,0.689986,0.689986,0.787419,True
NRG,VST,0.689907,0.689907,0.787519,True
AON,BRO,0.689880,0.689880,0.787554,True
HLT,RCL,0.689715,0.689715,0.787763,True
DOV,GS,0.689589,0.689589,0.787923,False
MCD,YUM,0.689455,0.689455,0.788093,True
GWW,ITW,0.689341,0.689341,0.788237,True
JBHT,ODFL,0.689293,0.689293,0.788299,True
AIG,HBAN,0.689220,0.689220,0.788391,True
AME,ROK,0.689007,0.689007,0.788661,True
EMR,GS,0.688957,0.688957,0.788724,False
D,EXC,0.688894,0.688894,0.788804,True
FTV,IEX,0.688893,0.688893,0.788805,True
CMI,DOV,0.688796,0.688796,0.788928,True
APA,OKE,0.688713,0.688713,0.789034,True
C,EMR,0.688580,0.688580,0.789202,False
AMAT,SWKS,0.688463,0.688463,0.789351,True
AXP,MA,0.688394,0.688394,0.789438,True
FTV,TEL,0.688352,0.688352,0.789491,False
A,IQV,0.688308,0.688308,0.789547,True
ETR,WEC,0.688274,0.688274,0.789589,True
IEX,PH,0.688250,0.688250,0.789620,True
CRH,MLM,0.688137,0.688137,0.789763,True
HD,MAS,0.688072,0.688072,0.789845,False
IVZ,SYF,0.687937,0.687937,0.790017,True
FAST,ITW,0.687877,0.687877,0.790092,True
CDNS,NVDA,0.687649,0.687649,0.790381,True
LRCX,SWKS,0.687618,0.687618,0.790420,True
IR,WAB,0.687578,0.687578,0.790470,True
ICE,NDAQ,0.687392,0.687392,0.790706,True
CDNS,MSFT,0.687345,0.687345,0.790765,True
ITW,PCAR,0.687273,0.687273,0.790857,True
MPC,SLB,0.687235,0.687235,0.790905,True
AEP,DTE,0.687150,0.687150,0.791011,True
AME,PFG,0.687130,0.687130,0.791037,False
CDNS,KLAC,0.687077,0.687077,0.791104,True
DOC,FRT,0.687054,0.687054,0.791133,True
CNP,LNT,0.687046,0.687046,0.791143,True
CRH,PH,0.686993,0.686993,0.791211,False
AME,BLK,0.686896,0.686896,0.791333,False
ISRG,SYK,0.686845,0.686845,0.791397,True
AME,MET,0.686774,0.686774,0.791487,False
ADM,BG,0.686757,0.686757,0.791509,True
DOV,FITB,0.686742,0.686742,0.791528,False
HAL,KMI,0.686694,0.686694,0.791589,True
CMI,EMR,0.686639,0.686639,0.791658,True
INTU,MSFT,0.686613,0.686613,0.791691,True
DOV,JCI,0.686516,0.686516,0.791813,True
PPG,SWK,0.686459,0.686459,0.791886,False
NTRS,SYF,0.686378,0.686378,0.791987,True
AWK,D,0.686204,0.686204,0.792207,True
KO,MDLZ,0.685994,0.685994,0.792472,True
HAL,MPC,0.685989,0.685989,0.792478,True
MS,SCHW,0.685799,0.685799,0.792718,True
AXP,V,0.685786,0.685786,0.792734,True
MCHP,TEL,0.685721,0.685721,0.792816,True
ALLE,DOV,0.685708,0.685708,0.792834,True
CB,CINF,0.685693,0.685693,0.792851,True
BLK,KKR,0.685599,0.685599,0.792970,True
ETN,IR,0.685469,0.685469,0.793134,True
IVZ,RF,0.685448,0.685448,0.793160,True
MAR,UAL,0.685355,0.685355,0.793278,False
PNR,XYL,0.685303,0.685303,0.793344,True
BLK,PNC,0.685161,0.685161,0.793523,True
PLD,UDR,0.684834,0.684834,0.793935,True
AMP,KKR,0.684787,0.684787,0.793994,True
AXP,HST,0.684764,0.684764,0.794023,False
BLK,NDSN,0.684749,0.684749,0.794042,False
CINF,PRU,0.684665,0.684665,0.794148,True
ACGL,MET,0.684643,0.684643,0.794175,True
IVZ,STT,0.684617,0.684617,0.794208,True
PNW,WEC,0.684606,0.684606,0.794221,True
EMR,WAB,0.684582,0.684582,0.794252,True
DOV,PNC,0.684574,0.684574,0.794261,False
AMP,ITW,0.684497,0.684497,0.794359,False
STT,SYF,0.684444,0.684444,0.794426,True
AMAT,APH,0.684439,0.684439,0.794432,True
CNP,SRE,0.684425,0.684425,0.794449,True
CNC,ELV,0.684381,0.684381,0.794504,True
ELV,MOH,0.684228,0.684228,0.794697,True
APA,XOM,0.684215,0.684215,0.794713,True
ES,EXC,0.684074,0.684074,0.794891,True
HIG,RF,0.684036,0.684036,0.794939,True
CAT,DE,0.684005,0.684005,0.794978,True
TER,TXN,0.683995,0.683995,0.794991,True
EMR,JPM,0.683993,0.683993,0.794993,False
DHR,RVTY,0.683877,0.683877,0.795139,True
AXP,NTRS,0.683796,0.683796,0.795240,True
ON,SWKS,0.683752,0.683752,0.795297,True
CDNS,MPWR,0.683571,0.683571,0.795523,True
HBAN,PH,0.683486,0.683486,0.795630,False
AVGO,MPWR,0.683465,0.683465,0.795656,True
BAC,EMR,0.683212,0.683212,0.795975,False
AME,NSC,0.683181,0.683181,0.796014,True
AXP,DOV,0.683160,0.683160,0.796040,False
APH,AVGO,0.683071,0.683071,0.796152,True
NDSN,SWK,0.683039,0.683039,0.796192,True
BEN,BLK,0.683008,0.683008,0.796231,True
KLAC,SWKS,0.682994,0.682994,0.796249,True
AMP,TEL,0.682982,0.682982,0.796264,False
ITW,MAS,0.682914,0.682914,0.796349,True
BLK,ITW,0.682752,0.682752,0.796553,False
AXP,EMR,0.682688,0.682688,0.796633,False
BAC,BLK,0.682666,0.682666,0.796660,True
ADBE,MSFT,0.682606,0.682606,0.796736,True
FTV,XYL,0.682480,0.682480,0.796894,True
DOV,NSC,0.682463,0.682463,0.796915,True
EMR,MS,0.682451,0.682451,0.796931,False
AMP,LYB,0.682433,0.682433,0.796953,False
ETR,SRE,0.682409,0.682409,0.796983,True
CHD,PG,0.682409,0.682409,0.796983,True
BRK-B,DOV,0.682399,0.682399,0.796996,False
C,TXT,0.682372,0.682372,0.797030,False
CFG,IVZ,0.682344,0.682344,0.797064,True
AMP,ETN,0.682214,0.682214,0.797228,False
KKR,MS,0.682181,0.682181,0.797269,True
DOV,TXT,0.682050,0.682050,0.797433,True
CL,PEP,0.682018,0.682018,0.797474,True
O,SPG,0.681960,0.681960,0.797546,True
ITW,NSC,0.681902,0.681902,0.797619,True
ITW,TEL,0.681865,0.681865,0.797665,False
LYB,PFG,0.681819,0.681819,0.797724,False
COF,IVZ,0.681808,0.681808,0.797736,True
AIG,WFC,0.681750,0.681750,0.797809,True
BRK-B,CB,0.681633,0.681633,0.797956,True
NTRS,SCHW,0.681623,0.681623,0.797969,True
BXP,SPG,0.681412,0.681412,0.798233,True
KIM,PFG,0.681404,0.681404,0.798244,False
AXP,MAR,0.681245,0.681245,0.798442,False
AME,APH,0.681240,0.681240,0.798449,False
HON,TXT,0.681221,0.681221,0.798472,True
CFG,HIG,0.681112,0.681112,0.798609,True
BRK-B,FITB,0.681038,0.681038,0.798701,True
GS,L,0.680973,0.680973,0.798782,True
URI,WAB,0.680903,0.680903,0.798870,True
ED,ETR,0.680846,0.680846,0.798942,True
EMR,RF,0.680733,0.680733,0.799084,False
ITW,TXT,0.680460,0.680460,0.799424,True
AXP,DAL,0.680433,0.680433,0.799458,False
NEE,SO,0.680408,0.680408,0.799490,True
D,ETR,0.680266,0.680266,0.799667,True
BRK-B,WFC,0.680252,0.680252,0.799685,True
EVRG,SRE,0.680069,0.680069,0.799914,True
PH,RJF,0.679926,0.679926,0.800093,False
EMR,MET,0.679884,0.679884,0.800145,False
KEY,PH,0.679714,0.679714,0.800358,False
CMS,NEE,0.679680,0.679680,0.800400,True
ARE,MAA,0.679613,0.679613,0.800484,True
AME,PNR,0.679485,0.679485,0.800643,True
HIG,WRB,0.679393,0.679393,0.800758,True
DOW,PRU,0.679391,0.679391,0.800761,False
APH,KLAC,0.679385,0.679385,0.800768,True
AME,GWW,0.679381,0.679381,0.800773,True
GS,MTB,0.679380,0.679380,0.800774,True
MPWR,QCOM,0.679324,0.679324,0.800845,True
QCOM,TXN,0.679305,0.679305,0.800868,True
BLDR,NVR,0.679293,0.679293,0.800883,False
CRH,VMC,0.679257,0.679257,0.800928,True
PH,SNA,0.679178,0.679178,0.801027,True
CINF,MET,0.679064,0.679064,0.801169,True
BKNG,HLT,0.678990,0.678990,0.801262,True
AMP,CSX,0.678926,0.678926,0.801341,False
FRT,HST,0.678860,0.678860,0.801424,True
FTV,HON,0.678788,0.678788,0.801514,True
MS,TROW,0.678748,0.678748,0.801563,True
ITW,URI,0.678617,0.678617,0.801727,True
CVX,WMB,0.678600,0.678600,0.801748,True
CPAY,V,0.678444,0.678444,0.801942,True
EMR,PNC,0.678309,0.678309,0.802111,False
ACGL,CINF,0.678171,0.678171,0.802284,True
CFG,EMR,0.678103,0.678103,0.802368,False
HUBB,URI,0.678015,0.678015,0.802478,True
HBAN,IVZ,0.678007,0.678007,0.802488,True
PEG,SO,0.677975,0.677975,0.802527,True
FITB,TXT,0.677963,0.677963,0.802542,False
BRK-B,RJF,0.677838,0.677838,0.802698,True
CCL,MAR,0.677802,0.677802,0.802743,True
ARE,CPT,0.677720,0.677720,0.802845,True
ALLE,ITW,0.677649,0.677649,0.802934,True
DRI,SYY,0.677590,0.677590,0.803006,False
EMR,FITB,0.677580,0.677580,0.803019,False
ITW,PRU,0.677559,0.677559,0.803045,False
OKE,XOM,0.677537,0.677537,0.803073,True
GD,TXT,0.677520,0.677520,0.803094,True
DOV,TT,0.677181,0.677181,0.803516,True
EME,ETN,0.677162,0.677162,0.803539,True
MPWR,ON,0.676957,0.676957,0.803794,True
KLAC,ON,0.676897,0.676897,0.803869,True
IVZ,USB,0.676864,0.676864,0.803911,True
KEY,L,0.676734,0.676734,0.804072,True
AVGO,NVDA,0.676724,0.676724,0.804085,True
BRK-B,NTRS,0.676705,0.676705,0.804109,True
SWKS,TER,0.676609,0.676609,0.804228,True
KMI,XOM,0.676545,0.676545,0.804307,True
HIG,PFG,0.676499,0.676499,0.804365,True
BLK,PH,0.676418,0.676418,0.804466,False
IR,ITW,0.676407,0.676407,0.804479,True
COF,DOV,0.676321,0.676321,0.804586,False
CMI,ETN,0.676293,0.676293,0.804621,True
ES,PNW,0.676238,0.676238,0.804689,True
VICI,WY,0.676205,0.676205,0.804730,True
MTB,STT,0.676015,0.676015,0.804966,True
HBAN,TXT,0.675998,0.675998,0.804987,False
GS,KKR,0.675943,0.675943,0.805055,True
RJF,TXT,0.675919,0.675919,0.805085,False
PPG,TEL,0.675881,0.675881,0.805132,False
FRT,VTR,0.675870,0.675870,0.805145,True
AFL,JPM,0.675840,0.675840,0.805183,True
CPT,FRT,0.675799,0.675799,0.805234,True
CFG,WAB,0.675748,0.675748,0.805298,False
JPM,TXT,0.675736,0.675736,0.805313,False
ES,NEE,0.675720,0.675720,0.805332,True
DOV,WY,0.675716,0.675716,0.805337,False
DOV,UNP,0.675660,0.675660,0.805407,True
EMR,TEL,0.675648,0.675648,0.805421,False
L,MS,0.675605,0.675605,0.805475,True
AME,URI,0.675517,0.675517,0.805585,True
BRK-B,COF,0.675453,0.675453,0.805664,True
EXC,FE,0.675299,0.675299,0.805854,True
DHR,MTD,0.675265,0.675265,0.805897,True
AMP,APO,0.675262,0.675262,0.805901,True
ICE,MCO,0.675176,0.675176,0.806007,True
RF,WAB,0.675149,0.675149,0.806041,False
NDSN,PNR,0.675085,0.675085,0.806120,True
PH,TFC,0.675014,0.675014,0.806209,False
BAC,TXT,0.674933,0.674933,0.806309,False
ADBE,NOW,0.674814,0.674814,0.806457,True
BRK-B,CINF,0.674768,0.674768,0.806513,True
DRI,SPG,0.674758,0.674758,0.806526,False
APA,CVX,0.674745,0.674745,0.806542,True
MSFT,NVDA,0.674693,0.674693,0.806607,True
LRCX,TEL,0.674692,0.674692,0.806608,True
MTD,RVTY,0.674671,0.674671,0.806633,True
CSX,ITW,0.674670,0.674670,0.806635,True
ON,TEL,0.674651,0.674651,0.806659,True
ITW,TROW,0.674549,0.674549,0.806784,False
AEE,SRE,0.674543,0.674543,0.806792,True
AME,ROP,0.674505,0.674505,0.806839,False
HD,SHW,0.674099,0.674099,0.807342,False
GD,LHX,0.674060,0.674060,0.807391,True
AIG,GS,0.674051,0.674051,0.807402,True
EG,L,0.674051,0.674051,0.807402,True
AXP,HON,0.674045,0.674045,0.807409,False
BAC,DOV,0.673858,0.673858,0.807640,False
CPAY,GPN,0.673829,0.673829,0.807677,True
PFG,URI,0.673749,0.673749,0.807775,False
ACGL,AFL,0.673666,0.673666,0.807879,True
UDR,WELL,0.673595,0.673595,0.807966,True
TEL,WAB,0.673577,0.673577,0.807989,False
AME,BRK-B,0.673494,0.673494,0.808092,False
DOV,JPM,0.673488,0.673488,0.808099,False
IR,URI,0.673485,0.673485,0.808103,True
ITW,MET,0.673465,0.673465,0.808127,False
BRK-B,PH,0.673434,0.673434,0.808166,False
DUK,NEE,0.673324,0.673324,0.808302,True
CDNS,INTU,0.673285,0.673285,0.808351,True
PH,TT,0.673255,0.673255,0.808388,True
AMP,WY,0.673235,0.673235,0.808411,False
APH,PH,0.673204,0.673204,0.808450,False
ON,TER,0.673076,0.673076,0.808608,True
LYB,PH,0.673049,0.673049,0.808642,False
ETN,ITW,0.673045,0.673045,0.808647,True
CSX,DOV,0.673033,0.673033,0.808661,True
CNP,PEG,0.672843,0.672843,0.808897,True
MDLZ,PG,0.672839,0.672839,0.808902,True
KIM,VICI,0.672829,0.672829,0.808914,True
FTV,PPG,0.672672,0.672672,0.809108,False
CFG,DOV,0.672646,0.672646,0.809140,False
AME,IR,0.672638,0.672638,0.809150,True
BLK,NTRS,0.672579,0.672579,0.809223,True
ACGL,PRU,0.672518,0.672518,0.809299,True
C,DOV,0.672469,0.672469,0.809359,False
CBRE,FITB,0.672407,0.672407,0.809436,False
AIG,SPG,0.672313,0.672313,0.809552,False
EVRG,PEG,0.672301,0.672301,0.809567,True
AXP,HLT,0.672226,0.672226,0.809659,False
AME,XYL,0.672216,0.672216,0.809671,True
ETN,ROK,0.672182,0.672182,0.809713,True
CAT,ETN,0.672135,0.672135,0.809771,True
IEX,XYL,0.671939,0.671939,0.810013,True
AME,TEL,0.671909,0.671909,0.810051,False
AWK,NI,0.671896,0.671896,0.810066,True
ARE,UDR,0.671845,0.671845,0.810129,True
HON,L,0.671845,0.671845,0.810129,False
HIG,MET,0.671765,0.671765,0.810228,True
IVZ,WFC,0.671735,0.671735,0.810265,True
AXP,CPAY,0.671651,0.671651,0.810369,True
FTV,NDSN,0.671621,0.671621,0.810406,True
CPT,REG,0.671621,0.671621,0.810406,True
PNR,TEL,0.671575,0.671575,0.810463,False
APH,JBL,0.671498,0.671498,0.810558,True
SPG,SYY,0.671485,0.671485,0.810574,False
FIS,GPN,0.671484,0.671484,0.810575,True
ACN,CTSH,0.671259,0.671259,0.810853,True
EXC,SRE,0.671190,0.671190,0.810938,True
PPL,SRE,0.671124,0.671124,0.811019,True
BKR,FANG,0.670993,0.670993,0.811180,True
AMP,NDSN,0.670883,0.670883,0.811316,False
AME,MS,0.670786,0.670786,0.811436,False
PRU,URI,0.670760,0.670760,0.811468,False
MAS,SHW,0.670632,0.670632,0.811626,False
HUBB,TT,0.670629,0.670629,0.811630,True
PNC,TXT,0.670622,0.670622,0.811638,False
FITB,WAB,0.670542,0.670542,0.811736,False
BXP,CPT,0.670504,0.670504,0.811784,True
COF,L,0.670465,0.670465,0.811832,True
SPG,SYF,0.670417,0.670417,0.811891,False
NTRS,TROW,0.670412,0.670412,0.811896,True
ITW,MS,0.670347,0.670347,0.811976,False
PH,STT,0.670310,0.670310,0.812022,False
RF,TXT,0.670301,0.670301,0.812033,False
BLK,JPM,0.670280,0.670280,0.812059,True
MS,URI,0.670278,0.670278,0.812061,False
CBRE,PFG,0.670277,0.670277,0.812062,False
DOV,MAS,0.670275,0.670275,0.812065,True
APD,LIN,0.669951,0.669951,0.812465,True
AMAT,TEL,0.669912,0.669912,0.812512,True
ESS,KIM,0.669841,0.669841,0.812600,True
AIG,MS,0.669695,0.669695,0.812779,True
DOV,TROW,0.669686,0.669686,0.812790,False
AMZN,MSFT,0.669640,0.669640,0.812847,False
DOV,RF,0.669611,0.669611,0.812883,False
ETN,FIX,0.669432,0.669432,0.813103,True
AFL,TRV,0.669410,0.669410,0.813130,True
AWK,NEE,0.669331,0.669331,0.813227,True
CFG,TXT,0.669314,0.669314,0.813248,False
EIX,SRE,0.669239,0.669239,0.813340,True
BRK-B,RF,0.669169,0.669169,0.813426,True
HIG,PRU,0.669053,0.669053,0.813569,True
AMP,URI,0.668813,0.668813,0.813863,False
FITB,URI,0.668536,0.668536,0.814204,False
AME,TT,0.668498,0.668498,0.814250,True
AFL,FITB,0.668446,0.668446,0.814314,True
AME,L,0.668354,0.668354,0.814427,False
APH,DOV,0.668331,0.668331,0.814455,False
IEX,PNR,0.668252,0.668252,0.814553,True
AWK,EXC,0.668230,0.668230,0.814580,True
ICE,SPGI,0.668220,0.668220,0.814592,True
CDNS,LRCX,0.668161,0.668161,0.814664,True
HBAN,SCHW,0.668153,0.668153,0.814674,True
PFG,SPG,0.668130,0.668130,0.814703,False
CCL,HLT,0.668075,0.668075,0.814770,True
ESS,PLD,0.667907,0.667907,0.814976,True
ARE,BXP,0.667861,0.667861,0.815033,True
AIG,STT,0.667857,0.667857,0.815038,True
DD,DOW,0.667841,0.667841,0.815057,True
HUBB,ITW,0.667810,0.667810,0.815095,True
APH,MCHP,0.667769,0.667769,0.815145,True
PH,PPG,0.667699,0.667699,0.815231,False
FRT,MAA,0.667624,0.667624,0.815323,True
NOW,WDAY,0.667620,0.667620,0.815328,True
BKR,PSX,0.667565,0.667565,0.815395,True
KMI,SLB,0.667543,0.667543,0.815423,True
BLK,PRU,0.667526,0.667526,0.815444,True
ADI,APH,0.667519,0.667519,0.815452,True
ETN,MS,0.667513,0.667513,0.815460,False
LVS,MGM,0.667502,0.667502,0.815473,True
EG,TRV,0.667454,0.667454,0.815532,True
HON,XYL,0.667408,0.667408,0.815588,True
INTU,NOW,0.667350,0.667350,0.815660,True
CINF,TRV,0.667278,0.667278,0.815747,True
TEL,URI,0.667269,0.667269,0.815758,False
ITW,WY,0.667239,0.667239,0.815795,False
MSFT,NOW,0.667150,0.667150,0.815904,True
BRK-B,TRV,0.667136,0.667136,0.815922,True
GS,URI,0.667047,0.667047,0.816031,False
ETN,TEL,0.667020,0.667020,0.816064,False
TT,XYL,0.666983,0.666983,0.816109,True
SYF,TEL,0.666953,0.666953,0.816146,False
AVY,ITW,0.666912,0.666912,0.816196,False
KIM,PRU,0.666896,0.666896,0.816215,False
DUK,SRE,0.666857,0.666857,0.816264,True
BRK-B,TFC,0.666722,0.666722,0.816429,True
A,TECH,0.666703,0.666703,0.816452,True
AIG,TXT,0.666630,0.666630,0.816541,False
SCHW,STT,0.666552,0.666552,0.816638,True
DOV,NTRS,0.666550,0.666550,0.816639,False
DTE,ES,0.666545,0.666545,0.816646,True
CMS,CNP,0.666496,0.666496,0.816706,True
ETN,WAB,0.666426,0.666426,0.816791,True
ITW,UNP,0.666224,0.666224,0.817039,True
PEG,SRE,0.666112,0.666112,0.817175,True
BLK,BRK-B,0.665909,0.665909,0.817424,True
FITB,SPG,0.665897,0.665897,0.817439,False
AXP,FRT,0.665880,0.665880,0.817460,False
FDS,MCO,0.665855,0.665855,0.817491,True
LNT,SRE,0.665846,0.665846,0.817502,True
FTV,URI,0.665819,0.665819,0.817534,True
PHM,WY,0.665809,0.665809,0.817546,False
L,NTRS,0.665795,0.665795,0.817563,True
AMP,BX,0.665784,0.665784,0.817578,True
EMR,TXT,0.665715,0.665715,0.817662,True
AMP,LIN,0.665685,0.665685,0.817698,False
IVZ,JPM,0.665669,0.665669,0.817718,True
EXPE,HLT,0.665631,0.665631,0.817764,True
PRU,TROW,0.665477,0.665477,0.817953,True
EXR,MAA,0.665227,0.665227,0.818258,True
AMP,MA,0.665156,0.665156,0.818344,True
HST,MGM,0.665060,0.665060,0.818462,False
SYF,TXT,0.665042,0.665042,0.818484,False
AIZ,TRV,0.664928,0.664928,0.818623,True
CB,PRU,0.664827,0.664827,0.818747,True
MGM,UAL,0.664642,0.664642,0.818973,False
CMI,URI,0.664634,0.664634,0.818982,True
SYF,WAB,0.664578,0.664578,0.819051,False
DHR,IQV,0.664555,0.664555,0.819078,True
ETN,XYL,0.664546,0.664546,0.819090,True
BKR,OKE,0.664486,0.664486,0.819163,True
PLD,PSA,0.664459,0.664459,0.819196,True
AXP,KIM,0.664440,0.664440,0.819219,False
BRK-B,USB,0.664364,0.664364,0.819312,True
IVZ,PH,0.664262,0.664262,0.819437,False
AEE,NEE,0.664251,0.664251,0.819450,True
AMP,BEN,0.664095,0.664095,0.819641,True
CAT,PRU,0.664073,0.664073,0.819668,False
PH,USB,0.664050,0.664050,0.819695,False
CSX,PH,0.664009,0.664009,0.819745,True
COP,WMB,0.664005,0.664005,0.819750,True
LEN,MAS,0.663846,0.663846,0.819944,False
BRK-B,HIG,0.663658,0.663658,0.820173,True
AMP,NSC,0.663653,0.663653,0.820179,False
SWK,TEL,0.663561,0.663561,0.820291,False
HST,REG,0.663525,0.663525,0.820335,True
BRK-B,WRB,0.663501,0.663501,0.820364,True
PEG,XEL,0.663489,0.663489,0.820379,True
ESS,WELL,0.663424,0.663424,0.820458,True
FANG,PSX,0.663393,0.663393,0.820496,True
DD,PH,0.663377,0.663377,0.820516,False
L,STT,0.663361,0.663361,0.820535,True
DTE,EIX,0.663332,0.663332,0.820571,True
PFG,WAB,0.663246,0.663246,0.820675,False
IR,PNR,0.663242,0.663242,0.820681,True
AMP,GLW,0.663223,0.663223,0.820703,False
BEN,PRU,0.663205,0.663205,0.820725,True
RF,URI,0.663174,0.663174,0.820764,False
BLK,PFG,0.663045,0.663045,0.820920,True
COF,TEL,0.663024,0.663024,0.820946,False
AMP,XYL,0.662979,0.662979,0.821000,False
ITW,WAB,0.662936,0.662936,0.821053,True
PRU,SNA,0.662922,0.662922,0.821070,False
GS,TROW,0.662899,0.662899,0.821098,True
AEE,FE,0.662790,0.662790,0.821231,True
FTV,HUBB,0.662733,0.662733,0.821300,True
AMAT,CDNS,0.662674,0.662674,0.821372,True
CFG,SCHW,0.662655,0.662655,0.821395,True
AXP,TXT,0.662592,0.662592,0.821472,False
GD,LMT,0.662578,0.662578,0.821489,True
PNR,PPG,0.662573,0.662573,0.821495,False
L,SYF,0.662386,0.662386,0.821722,True
PRU,WAB,0.662376,0.662376,0.821735,False
AMP,FTV,0.662347,0.662347,0.821770,False
DAL,HLT,0.662292,0.662292,0.821837,False
PFG,WY,0.662291,0.662291,0.821839,False
VICI,WELL,0.662229,0.662229,0.821914,True
DHI,MAS,0.662209,0.662209,0.821938,False
APTV,GM,0.662198,0.662198,0.821951,True
MAA,REG,0.662175,0.662175,0.821980,True
HIG,KEY,0.662137,0.662137,0.822025,True
CCL,HST,0.662116,0.662116,0.822051,False
ADI,AVGO,0.662044,0.662044,0.822138,True
CRH,TEL,0.661898,0.661898,0.822316,False
BLK,STT,0.661851,0.661851,0.822374,True
MCO,V,0.661771,0.661771,0.822471,True
CB,MET,0.661764,0.661764,0.822479,True
INVH,VICI,0.661741,0.661741,0.822507,True
AIG,WRB,0.661705,0.661705,0.822551,True
SWK,WY,0.661696,0.661696,0.822562,False
PNW,SRE,0.661663,0.661663,0.822602,True
DOV,IVZ,0.661649,0.661649,0.822619,False
PRU,SCHW,0.661617,0.661617,0.822658,True
BLK,MET,0.661611,0.661611,0.822665,True
KEY,SCHW,0.661553,0.661553,0.822736,True
LOW,PHM,0.661501,0.661501,0.822799,True
PNC,SCHW,0.661441,0.661441,0.822871,True
SYF,URI,0.661316,0.661316,0.823024,False
TXT,USB,0.661314,0.661314,0.823026,False
ITW,PFG,0.661280,0.661280,0.823068,False
ACGL,BRK-B,0.661262,0.661262,0.823089,True
AFL,HON,0.661094,0.661094,0.823293,False
GLW,TEL,0.661081,0.661081,0.823310,True
DTE,WEC,0.661077,0.661077,0.823314,True
CFG,URI,0.661050,0.661050,0.823347,False
IVZ,KEY,0.660959,0.660959,0.823458,True
EQIX,PLD,0.660908,0.660908,0.823519,True
ITW,L,0.660842,0.660842,0.823600,False
NTRS,PH,0.660790,0.660790,0.823662,False
D,PNW,0.660775,0.660775,0.823681,True
MS,TXT,0.660763,0.660763,0.823696,False
BXP,FITB,0.660756,0.660756,0.823704,False
AFL,CB,0.660724,0.660724,0.823743,True
FITB,KIM,0.660667,0.660667,0.823812,False
GPC,ITW,0.660611,0.660611,0.823880,False
BRK-B,CSX,0.660518,0.660518,0.823992,False
KIM,RF,0.660462,0.660462,0.824060,False
COF,TXT,0.660430,0.660430,0.824100,False
MET,WRB,0.660340,0.660340,0.824208,True
AMP,WAB,0.660324,0.660324,0.824228,False
CMI,PRU,0.660302,0.660302,0.824255,False
DOC,DTE,0.660210,0.660210,0.824367,False
TXT,URI,0.660137,0.660137,0.824455,True
AMP,V,0.660137,0.660137,0.824455,True
L,PH,0.660124,0.660124,0.824471,False
APH,NXPI,0.659921,0.659921,0.824717,True
BRK-B,V,0.659862,0.659862,0.824789,True
DAL,SYF,0.659741,0.659741,0.824935,False
CL,KMB,0.659653,0.659653,0.825042,True
HWM,TXT,0.659563,0.659563,0.825151,True
RJF,TROW,0.659531,0.659531,0.825190,True
HST,PFG,0.659518,0.659518,0.825205,False
MCHP,MU,0.659490,0.659490,0.825239,True
MA,MCO,0.659364,0.659364,0.825392,True
AFL,PNC,0.659325,0.659325,0.825439,True
ALL,L,0.658996,0.658996,0.825837,True
COF,WAB,0.658981,0.658981,0.825856,False
BRO,WTW,0.658904,0.658904,0.825949,True
AXP,REG,0.658901,0.658901,0.825953,False
FITB,HST,0.658848,0.658848,0.826017,False
BLK,C,0.658783,0.658783,0.826096,True
CPT,PSA,0.658666,0.658666,0.826238,True
KKR,TROW,0.658664,0.658664,0.826240,True
FE,SO,0.658623,0.658623,0.826289,True
BRK-B,EMR,0.658558,0.658558,0.826368,False
PNR,TT,0.658517,0.658517,0.826418,True
SCHW,TFC,0.658464,0.658464,0.826481,True
AVGO,MU,0.658462,0.658462,0.826484,True
PCAR,PH,0.658440,0.658440,0.826511,True
CME,ICE,0.658435,0.658435,0.826517,True
DOV,STT,0.658413,0.658413,0.826544,False
NSC,PH,0.658404,0.658404,0.826555,True
HWM,PH,0.658329,0.658329,0.826645,True
BLK,TEL,0.658314,0.658314,0.826663,False
AMP,ARES,0.658297,0.658297,0.826684,True
EXPE,MAR,0.658292,0.658292,0.826690,True
BRK-B,TXT,0.658198,0.658198,0.826804,False
HST,PRU,0.658193,0.658193,0.826809,False
PRU,WRB,0.658149,0.658149,0.826862,True
EMR,SYF,0.658126,0.658126,0.826890,False
PH,TDG,0.658122,0.658122,0.826895,True
CTAS,MCO,0.658121,0.658121,0.826896,False
ATO,CNP,0.657939,0.657939,0.827117,True
EMR,STT,0.657912,0.657912,0.827149,False
DD,EMR,0.657826,0.657826,0.827253,False
HST,RCL,0.657773,0.657773,0.827317,False
MTB,TXT,0.657734,0.657734,0.827365,False
ALLE,AME,0.657723,0.657723,0.827377,True
FRT,WY,0.657692,0.657692,0.827415,True
BEN,PFG,0.657595,0.657595,0.827532,True
BKR,KMI,0.657528,0.657528,0.827614,True
BRK-B,CFG,0.657506,0.657506,0.827640,True
MET,WAB,0.657348,0.657348,0.827831,False
MS,TEL,0.657205,0.657205,0.828004,False
ACGL,AMP,0.657134,0.657134,0.828090,True
DOV,KEY,0.657121,0.657121,0.828106,False
FITB,TEL,0.657046,0.657046,0.828195,False
BKNG,MAR,0.656742,0.656742,0.828563,True
AXP,MGM,0.656699,0.656699,0.828614,False
AXP,KKR,0.656596,0.656596,0.828739,True
BSX,MDT,0.656570,0.656570,0.828771,True
NDSN,TEL,0.656444,0.656444,0.828922,False
PYPL,XYZ,0.656397,0.656397,0.828979,True
CVX,TRGP,0.656240,0.656240,0.829169,True
FITB,SCHW,0.656183,0.656183,0.829237,True
HUBB,PNR,0.656131,0.656131,0.829299,True
AMP,CBRE,0.655974,0.655974,0.829488,False
AJG,CB,0.655889,0.655889,0.829592,True
HST,SYF,0.655870,0.655870,0.829614,False
LOW,SHW,0.655817,0.655817,0.829678,False
CBRE,TFC,0.655748,0.655748,0.829761,False
MTB,SCHW,0.655712,0.655712,0.829805,True
SCHW,USB,0.655687,0.655687,0.829835,True
CRH,DOV,0.655669,0.655669,0.829856,False
PNR,ROK,0.655647,0.655647,0.829883,True
FITB,LYB,0.655533,0.655533,0.830021,False
NDAQ,SPGI,0.655476,0.655476,0.830089,True
TEL,TRMB,0.655469,0.655469,0.830098,True
EMR,HBAN,0.655449,0.655449,0.830122,False
AMP,APH,0.655426,0.655426,0.830149,False
AMD,MPWR,0.655313,0.655313,0.830286,True
AEP,NEE,0.655276,0.655276,0.830330,True
HON,UNP,0.655076,0.655076,0.830571,True
ETN,PNR,0.655075,0.655075,0.830572,True
MA,SYK,0.655073,0.655073,0.830574,False
HST,RF,0.655006,0.655006,0.830655,False
BKR,OXY,0.654986,0.654986,0.830679,True
ALLE,XYL,0.654944,0.654944,0.830729,True
ATO,PEG,0.654937,0.654937,0.830738,True
BXP,MAA,0.654916,0.654916,0.830764,True
ALL,TRV,0.654835,0.654835,0.830861,True
ETN,GS,0.654820,0.654820,0.830879,False
HAL,VLO,0.654793,0.654793,0.830911,True
AMD,LRCX,0.654695,0.654695,0.831030,True
BLDR,MAS,0.654643,0.654643,0.831092,True
PRU,WY,0.654611,0.654611,0.831131,False
HIG,SPG,0.654575,0.654575,0.831174,False
MA,PAYX,0.654563,0.654563,0.831188,False
IQV,TMO,0.654515,0.654515,0.831246,True
ROK,TEL,0.654417,0.654417,0.831364,False
GD,L,0.654392,0.654392,0.831394,False
AFL,ALL,0.654367,0.654367,0.831424,True
ECL,ITW,0.654357,0.654357,0.831436,False
AME,JPM,0.654355,0.654355,0.831438,False
ADI,KEYS,0.654227,0.654227,0.831592,True
EOG,KMI,0.654213,0.654213,0.831609,True
MET,SCHW,0.654209,0.654209,0.831614,True
MET,URI,0.654200,0.654200,0.831625,False
ADBE,CRM,0.654160,0.654160,0.831673,True
AME,BAC,0.654153,0.654153,0.831681,False
EXR,PLD,0.654141,0.654141,0.831696,True
KKR,PH,0.654134,0.654134,0.831704,False
AXP,TEL,0.654129,0.654129,0.831710,False
HSY,MDLZ,0.654105,0.654105,0.831740,True
FTV,SWK,0.654039,0.654039,0.831819,True
COF,HST,0.654005,0.654005,0.831859,False
ARE,ESS,0.653850,0.653850,0.832045,True
EMR,L,0.653846,0.653846,0.832051,False
DTE,MAA,0.653826,0.653826,0.832075,False
IVZ,MTB,0.653816,0.653816,0.832086,True
BXP,RF,0.653772,0.653772,0.832140,False
AXP,SPG,0.653747,0.653747,0.832169,False
COF,MGM,0.653740,0.653740,0.832178,False
ALL,BRK-B,0.653721,0.653721,0.832201,True
AIG,PH,0.653694,0.653694,0.832234,False
DAL,PFG,0.653633,0.653633,0.832306,False
AEP,PEG,0.653624,0.653624,0.832317,True
EMR,XYL,0.653608,0.653608,0.832337,True
BAC,TROW,0.653582,0.653582,0.832367,True
BAC,URI,0.653550,0.653550,0.832406,False
HUBB,ROK,0.653538,0.653538,0.832421,True
HIG,PNC,0.653483,0.653483,0.832487,True
DUK,FE,0.653417,0.653417,0.832566,True
AIG,MTB,0.653410,0.653410,0.832574,True
HUM,UNH,0.653402,0.653402,0.832584,True
MAS,PPG,0.653397,0.653397,0.832590,False
ARE,INVH,0.653300,0.653300,0.832707,True
APA,BKR,0.653268,0.653268,0.832745,True
CSX,MS,0.653233,0.653233,0.832786,False
AXP,WAB,0.653230,0.653230,0.832790,False
BLK,FITB,0.653228,0.653228,0.832793,True
CBRE,PNC,0.653179,0.653179,0.832851,False
FANG,KMI,0.653177,0.653177,0.832854,True
DD,PFG,0.653097,0.653097,0.832951,False
LRCX,WDC,0.653088,0.653088,0.832961,True
OKE,SPG,0.653079,0.653079,0.832972,False
GD,HON,0.653057,0.653057,0.832998,True
HON,JPM,0.653047,0.653047,0.833010,False
AXP,BLK,0.653027,0.653027,0.833034,True
EMR,IEX,0.653025,0.653025,0.833037,True
PH,UNP,0.652976,0.652976,0.833096,True
PH,WY,0.652950,0.652950,0.833126,False
BRK-B,NSC,0.652897,0.652897,0.833190,False
GS,TXT,0.652752,0.652752,0.833364,False
HBAN,URI,0.652738,0.652738,0.833381,False
DVN,KMI,0.652666,0.652666,0.833467,True
AWK,PPL,0.652581,0.652581,0.833570,True
BRK-B,UNP,0.652520,0.652520,0.833642,False
IQV,MTD,0.652462,0.652462,0.833713,True
DD,ITW,0.652386,0.652386,0.833803,False
MAR,NCLH,0.652379,0.652379,0.833812,True
TROW,XYL,0.652355,0.652355,0.833840,False
CBRE,PRU,0.652297,0.652297,0.833909,False
CAT,DOW,0.652295,0.652295,0.833913,False
DOV,TDY,0.652277,0.652277,0.833934,False
BX,MS,0.652205,0.652205,0.834020,True
SNA,SWK,0.652204,0.652204,0.834022,True
LYB,RF,0.652201,0.652201,0.834025,False
AVGO,NXPI,0.652179,0.652179,0.834052,True
ACGL,PFG,0.652154,0.652154,0.834082,True
AME,GS,0.652151,0.652151,0.834085,False
MCO,TROW,0.652109,0.652109,0.834136,True
BEN,PNC,0.652098,0.652098,0.834149,True
BLK,XYL,0.652061,0.652061,0.834193,False
COF,SPG,0.652046,0.652046,0.834212,False
BLK,RJF,0.652026,0.652026,0.834235,True
ADBE,INTU,0.651986,0.651986,0.834283,True
APH,HUBB,0.651859,0.651859,0.834435,False
AME,SWK,0.651844,0.651844,0.834453,True
AIG,HON,0.651806,0.651806,0.834498,False
APH,MPWR,0.651765,0.651765,0.834547,True
ACGL,AJG,0.651745,0.651745,0.834571,True
PFG,REG,0.651703,0.651703,0.834622,False
TEL,TXT,0.651695,0.651695,0.834631,False
AXP,ETN,0.651662,0.651662,0.834671,False
DOV,PCAR,0.651650,0.651650,0.834685,True
FDS,SPGI,0.651638,0.651638,0.834700,True
COF,URI,0.651545,0.651545,0.834811,False
DD,LYB,0.651505,0.651505,0.834860,True
JPM,WAB,0.651485,0.651485,0.834884,False
CBRE,SPG,0.651482,0.651482,0.834887,True
DOC,WY,0.651437,0.651437,0.834940,True
PNR,SNA,0.651403,0.651403,0.834982,True
ARES,BLK,0.651369,0.651369,0.835022,True
AME,CTAS,0.651179,0.651179,0.835250,True
AMT,AWK,0.651105,0.651105,0.835338,False
HD,NDSN,0.650996,0.650996,0.835469,False
ROK,URI,0.650983,0.650983,0.835484,True
AME,C,0.650950,0.650950,0.835524,False
AME,UNP,0.650940,0.650940,0.835536,True
MAS,NDSN,0.650930,0.650930,0.835548,True
DD,PRU,0.650926,0.650926,0.835553,False
AFL,RF,0.650909,0.650909,0.835573,True
LII,TT,0.650775,0.650775,0.835733,True
PNR,URI,0.650679,0.650679,0.835849,True
MGM,RCL,0.650635,0.650635,0.835901,True
AXP,URI,0.650589,0.650589,0.835956,False
CL,MDLZ,0.650547,0.650547,0.836005,True
AME,AXP,0.650430,0.650430,0.836145,False
BLK,NDAQ,0.650413,0.650413,0.836167,True
AMP,PAYX,0.650409,0.650409,0.836170,False
BLK,TFC,0.650303,0.650303,0.836298,True
HUBB,JCI,0.650220,0.650220,0.836397,True
APH,CDW,0.650206,0.650206,0.836413,True
EMR,KEY,0.650195,0.650195,0.836427,False
CSX,NDSN,0.650145,0.650145,0.836487,True
CAT,MET,0.650115,0.650115,0.836523,False
NEE,XEL,0.650098,0.650098,0.836542,True
DTE,ED,0.650096,0.650096,0.836545,True
HD,PNR,0.650083,0.650083,0.836561,False
BRK-B,SYF,0.650061,0.650061,0.836587,True
AMP,PNR,0.650023,0.650023,0.836633,False
EIX,PPL,0.649989,0.649989,0.836674,True
C,URI,0.649967,0.649967,0.836700,False
BEN,RJF,0.649966,0.649966,0.836700,True
ITW,LIN,0.649937,0.649937,0.836735,False
C,WAB,0.649928,0.649928,0.836747,False
BLK,CBRE,0.649908,0.649908,0.836770,False
AMP,DOW,0.649905,0.649905,0.836774,False
NSC,PRU,0.649900,0.649900,0.836780,False
NDSN,XYL,0.649894,0.649894,0.836787,True
BLK,SPGI,0.649846,0.649846,0.836844,True
DOV,TFC,0.649737,0.649737,0.836974,False
EMR,PNR,0.649704,0.649704,0.837013,True
CBRE,L,0.649648,0.649648,0.837081,False
MGM,SYF,0.649632,0.649632,0.837100,False
ALLE,PNR,0.649629,0.649629,0.837103,True
AXP,HWM,0.649621,0.649621,0.837113,False
MET,SNA,0.649605,0.649605,0.837132,False
HWM,RTX,0.649582,0.649582,0.837159,True
AMP,IR,0.649550,0.649550,0.837198,False
AIG,RJF,0.649525,0.649525,0.837227,True
PNR,WY,0.649432,0.649432,0.837339,False
EMR,NDSN,0.649399,0.649399,0.837378,True
LOW,PNR,0.649384,0.649384,0.837396,False
AFL,WRB,0.649323,0.649323,0.837469,True
AXP,IVZ,0.649303,0.649303,0.837493,True
DOV,HD,0.649289,0.649289,0.837509,False
EIX,NI,0.649239,0.649239,0.837569,True
ADI,MU,0.649176,0.649176,0.837645,True
COF,MAR,0.649175,0.649175,0.837646,False
PFG,TROW,0.649173,0.649173,0.837648,True
SPGI,V,0.649098,0.649098,0.837738,True
RF,SPG,0.649071,0.649071,0.837769,False
DTE,WELL,0.649013,0.649013,0.837839,False
BRK-B,MA,0.649004,0.649004,0.837850,True
KIM,WY,0.648998,0.648998,0.837856,True
CSX,PRU,0.648998,0.648998,0.837857,False
IVZ,L,0.648986,0.648986,0.837872,True
MAS,NVR,0.648977,0.648977,0.837882,False
AWK,ETR,0.648960,0.648960,0.837902,True
RVTY,TECH,0.648945,0.648945,0.837920,True
HD,PHM,0.648937,0.648937,0.837930,True
AMP,SNA,0.648900,0.648900,0.837974,False
DOV,L,0.648884,0.648884,0.837993,False
SCHW,WFC,0.648882,0.648882,0.837995,True
BXP,TFC,0.648787,0.648787,0.838108,False
NDSN,PPG,0.648722,0.648722,0.838186,False
CFG,SPG,0.648720,0.648720,0.838189,False
ROP,SPGI,0.648639,0.648639,0.838286,False
AXP,ITW,0.648591,0.648591,0.838343,False
BLK,MA,0.648395,0.648395,0.838576,True
CMI,PFG,0.648375,0.648375,0.838600,False
O,WY,0.648322,0.648322,0.838664,True
CCL,MGM,0.648287,0.648287,0.838705,True
DOV,RJF,0.648271,0.648271,0.838724,False
BRK-B,KEY,0.648236,0.648236,0.838766,True
GS,TEL,0.648221,0.648221,0.838784,False
ADSK,INTU,0.648177,0.648177,0.838836,True
AXP,CBRE,0.648127,0.648127,0.838896,False
EMR,TFC,0.648098,0.648098,0.838931,False
DOV,J,0.647991,0.647991,0.839058,True
QCOM,TER,0.647970,0.647970,0.839083,True
PNC,URI,0.647954,0.647954,0.839102,False
CBRE,MET,0.647944,0.647944,0.839114,False
SNA,TXT,0.647939,0.647939,0.839120,True
MAA,NI,0.647896,0.647896,0.839172,False
KLAC,TEL,0.647822,0.647822,0.839259,True
PLD,WY,0.647812,0.647812,0.839271,True
AMD,KLAC,0.647734,0.647734,0.839365,True
HON,PNC,0.647674,0.647674,0.839435,False
IR,PFG,0.647653,0.647653,0.839461,False
CFG,KIM,0.647593,0.647593,0.839532,False
PNC,TROW,0.647584,0.647584,0.839543,True
BSX,ISRG,0.647566,0.647566,0.839564,True
ECL,PPG,0.647506,0.647506,0.839636,True
KKR,SYF,0.647459,0.647459,0.839692,True
CMI,FTV,0.647454,0.647454,0.839698,True
FIX,PWR,0.647395,0.647395,0.839768,True
AMP,CAT,0.647335,0.647335,0.839839,False
HWM,PFG,0.647310,0.647310,0.839869,False
REG,WY,0.647286,0.647286,0.839898,True
CBRE,CFG,0.647212,0.647212,0.839986,False
AFL,CFG,0.647192,0.647192,0.840010,True
BLK,PNR,0.647183,0.647183,0.840021,False
DAL,MGM,0.647153,0.647153,0.840056,False
OXY,PSX,0.647124,0.647124,0.840091,True
CTAS,MA,0.647047,0.647047,0.840182,False
MU,TER,0.647012,0.647012,0.840224,True
BXP,CFG,0.646974,0.646974,0.840269,False
AME,J,0.646969,0.646969,0.840275,True
CFG,LYB,0.646910,0.646910,0.840346,False
DOV,GWW,0.646886,0.646886,0.840373,True
BAC,ITW,0.646829,0.646829,0.840441,False
BRK-B,HBAN,0.646800,0.646800,0.840476,True
CAT,WAB,0.646748,0.646748,0.840538,True
BKNG,HST,0.646743,0.646743,0.840544,False
NDSN,WY,0.646659,0.646659,0.840644,False
DUK,KO,0.646608,0.646608,0.840704,False
O,PNW,0.646605,0.646605,0.840708,False
ITW,PNC,0.646562,0.646562,0.840760,False
BEN,MS,0.646544,0.646544,0.840781,True
KMI,MPC,0.646539,0.646539,0.840787,True
CSX,EMR,0.646534,0.646534,0.840793,True
AFL,SYF,0.646513,0.646513,0.840818,True
PFG,SCHW,0.646411,0.646411,0.840939,True
HLT,UAL,0.646404,0.646404,0.840947,False
DVN,WMB,0.646363,0.646363,0.840996,True
KIM,TFC,0.646191,0.646191,0.841201,False
AMP,HIG,0.646167,0.646167,0.841229,True
DOV,LYB,0.646134,0.646134,0.841268,False
BRK-B,GD,0.646043,0.646043,0.841376,False
MLM,PH,0.645986,0.645986,0.841444,False
BKR,TRGP,0.645905,0.645905,0.841540,True
MPC,OKE,0.645840,0.645840,0.841617,True
CINF,HIG,0.645820,0.645820,0.841641,True
COF,PNR,0.645811,0.645811,0.841652,False
AME,PAYX,0.645743,0.645743,0.841733,True
ECL,LIN,0.645733,0.645733,0.841745,True
MS,NSC,0.645723,0.645723,0.841757,False
ADSK,NOW,0.645679,0.645679,0.841809,True
AXP,UAL,0.645679,0.645679,0.841809,False
KEY,URI,0.645651,0.645651,0.841842,False
MPC,PRU,0.645622,0.645622,0.841876,False
BR,PAYX,0.645592,0.645592,0.841912,True
JPM,SCHW,0.645553,0.645553,0.841958,True
AMAT,AMD,0.645546,0.645546,0.841966,True
ADP,BRK-B,0.645544,0.645544,0.841970,False
EMR,UNP,0.645463,0.645463,0.842065,True
BEN,HBAN,0.645435,0.645435,0.842099,True
GS,ITW,0.645421,0.645421,0.842115,False
PFG,TEL,0.645355,0.645355,0.842193,False
FTV,ROK,0.645352,0.645352,0.842197,True
GD,PRU,0.645343,0.645343,0.842207,False
EMR,JCI,0.645336,0.645336,0.842216,True
AFL,SPG,0.645307,0.645307,0.842251,False
CBRE,RF,0.645305,0.645305,0.842254,False
MET,TROW,0.645301,0.645301,0.842258,True
BAC,BEN,0.645244,0.645244,0.842325,True
FRT,PFG,0.645232,0.645232,0.842340,False
AFL,C,0.645180,0.645180,0.842402,True
BRK-B,TROW,0.645179,0.645179,0.842403,True
GIS,SJM,0.645129,0.645129,0.842461,True
EIX,EXC,0.645112,0.645112,0.842482,True
COF,KKR,0.645086,0.645086,0.842513,True
ADSK,CDNS,0.645015,0.645015,0.842597,True
HWM,L,0.644989,0.644989,0.842628,False
CBRE,KIM,0.644983,0.644983,0.842635,True
GS,WAB,0.644936,0.644936,0.842691,False
EME,PWR,0.644885,0.644885,0.842752,True
CBRE,COF,0.644880,0.644880,0.842758,False
BLDR,WY,0.644848,0.644848,0.842796,False
AMP,HWM,0.644838,0.644838,0.842807,False
HON,MS,0.644829,0.644829,0.842818,False
PPG,SHW,0.644814,0.644814,0.842836,True
APTV,NXPI,0.644812,0.644812,0.842838,False
ITW,JPM,0.644774,0.644774,0.842883,False
DD,DOV,0.644743,0.644743,0.842919,False
ALLE,MAS,0.644693,0.644693,0.842979,True
CTAS,SPGI,0.644668,0.644668,0.843009,False
MCO,ROP,0.644654,0.644654,0.843025,False
CAT,MS,0.644627,0.644627,0.843058,False
CMI,MET,0.644620,0.644620,0.843065,False
CFG,TEL,0.644559,0.644559,0.843139,False
ETN,HON,0.644554,0.644554,0.843144,True
EMR,LYB,0.644527,0.644527,0.843176,False
AFL,BAC,0.644400,0.644400,0.843326,True
HIG,JPM,0.644289,0.644289,0.843458,True
COF,DAL,0.644267,0.644267,0.843484,False
AVY,DOV,0.644266,0.644266,0.843486,False
AME,WAB,0.644262,0.644262,0.843490,True
MLM,URI,0.644240,0.644240,0.843517,False
EVRG,FE,0.644223,0.644223,0.843537,True
AME,TXT,0.644171,0.644171,0.843598,True
CBRE,WY,0.644160,0.644160,0.843611,True
TFC,TXT,0.644152,0.644152,0.843621,False
PRU,PSX,0.644139,0.644139,0.843636,False
BAC,CBRE,0.644102,0.644102,0.843680,False
L,WY,0.644058,0.644058,0.843732,False
FRT,VICI,0.644035,0.644035,0.843759,True
AME,JCI,0.643992,0.643992,0.843810,True
ITW,TT,0.643981,0.643981,0.843824,True
DUK,EIX,0.643953,0.643953,0.843857,True
LOW,SWK,0.643914,0.643914,0.843903,False
JBL,NXPI,0.643841,0.643841,0.843989,True
DOW,MET,0.643776,0.643776,0.844066,False
PRU,SPG,0.643766,0.643766,0.844078,False
AMT,EQIX,0.643639,0.643639,0.844229,True
EIX,PNW,0.643626,0.643626,0.844244,True
RVTY,WAT,0.643588,0.643588,0.844289,True
LOW,NVR,0.643489,0.643489,0.844407,True
AXP,BKNG,0.643454,0.643454,0.844448,False
CAT,DOV,0.643426,0.643426,0.844481,True
GD,MET,0.643369,0.643369,0.844548,False
BEN,MET,0.643357,0.643357,0.844562,True
CBRE,SYF,0.643342,0.643342,0.844581,False
C,TEL,0.643331,0.643331,0.844593,False
BRK-B,LIN,0.643325,0.643325,0.844600,False
EOG,MPC,0.643270,0.643270,0.844665,True
MAR,SYF,0.643263,0.643263,0.844674,False
CHTR,CMCSA,0.643217,0.643217,0.844728,True
ETN,GLW,0.643182,0.643182,0.844770,False
FRT,L,0.643180,0.643180,0.844772,False
BEN,NTRS,0.643104,0.643104,0.844862,True
DHI,LOW,0.643062,0.643062,0.844912,True
CAT,LYB,0.643013,0.643013,0.844970,False
CRH,FTV,0.642988,0.642988,0.845000,False
EXC,NEE,0.642969,0.642969,0.845022,True
BA,DAL,0.642958,0.642958,0.845035,True
MPWR,MU,0.642925,0.642925,0.845074,True
BA,UAL,0.642913,0.642913,0.845088,True
GD,HII,0.642891,0.642891,0.845114,True
KMI,PSX,0.642881,0.642881,0.845125,True
BAC,WAB,0.642842,0.642842,0.845172,False
HWM,PRU,0.642821,0.642821,0.845197,False
UDR,VTR,0.642799,0.642799,0.845223,True
CPT,DTE,0.642795,0.642795,0.845228,False
CRM,WDAY,0.642771,0.642771,0.845257,True
MU,NXPI,0.642756,0.642756,0.845273,True
AEP,CNP,0.642700,0.642700,0.845340,True
CBRE,DOV,0.642660,0.642660,0.845387,False
FTV,TT,0.642649,0.642649,0.845400,True
AMP,CINF,0.642602,0.642602,0.845456,True
PNR,TROW,0.642573,0.642573,0.845490,False
AVY,PPG,0.642557,0.642557,0.845509,True
AMP,DD,0.642543,0.642543,0.845526,False
C,HIG,0.642471,0.642471,0.845611,True
AME,MA,0.642470,0.642470,0.845612,False
PH,WFC,0.642398,0.642398,0.845698,False
ADP,CTAS,0.642395,0.642395,0.845701,True
EIX,ETR,0.642367,0.642367,0.845734,True
PNC,WAB,0.642354,0.642354,0.845749,False
AME,TROW,0.642297,0.642297,0.845817,False
AXP,DRI,0.642258,0.642258,0.845863,False
MGM,PH,0.642232,0.642232,0.845893,False
AMP,CPAY,0.642224,0.642224,0.845903,True
AAPL,SWKS,0.642134,0.642134,0.846009,True
D,SRE,0.642110,0.642110,0.846038,True
BLK,V,0.642081,0.642081,0.846073,True
CBRE,USB,0.642071,0.642071,0.846084,False
REG,VICI,0.642064,0.642064,0.846092,True
CMI,HUBB,0.641940,0.641940,0.846239,True
CPT,EXR,0.641937,0.641937,0.846242,True
GLW,MS,0.641925,0.641925,0.846257,False
TEL,XYL,0.641921,0.641921,0.846262,False
IEX,IR,0.641876,0.641876,0.846314,True
C,CBRE,0.641795,0.641795,0.846410,False
PFG,SNA,0.641789,0.641789,0.846418,False
HAL,WMB,0.641786,0.641786,0.846420,True
MAA,PPL,0.641782,0.641782,0.846425,False
INVH,WY,0.641770,0.641770,0.846440,True
MTB,PH,0.641748,0.641748,0.846466,False
BRK-B,WY,0.641627,0.641627,0.846609,False
APH,TT,0.641617,0.641617,0.846620,False
HON,PPG,0.641616,0.641616,0.846622,False
NEE,WEC,0.641585,0.641585,0.846658,True
BLK,EMR,0.641562,0.641562,0.846685,False
MAR,WYNN,0.641524,0.641524,0.846730,True
KEY,TXT,0.641488,0.641488,0.846773,False
RF,SCHW,0.641487,0.641487,0.846774,True
PAYX,V,0.641470,0.641470,0.846793,False
HON,TEL,0.641403,0.641403,0.846873,False
EMR,HAL,0.641395,0.641395,0.846882,False
ETN,PFG,0.641385,0.641385,0.846895,False
SYK,V,0.641347,0.641347,0.846939,False
OKE,PSX,0.641304,0.641304,0.846990,True
CTAS,HON,0.641257,0.641257,0.847045,True
AIZ,HIG,0.641255,0.641255,0.847048,True
CMI,MS,0.641239,0.641239,0.847067,False
IR,PRU,0.641155,0.641155,0.847166,False
FITB,GM,0.641152,0.641152,0.847169,False
CFG,GM,0.641122,0.641122,0.847205,False
ETN,NDSN,0.641081,0.641081,0.847254,True
DOW,PFG,0.641046,0.641046,0.847294,False
AXP,FTV,0.640967,0.640967,0.847388,False
ETN,MET,0.640934,0.640934,0.847427,False
EMR,SLB,0.640922,0.640922,0.847441,False
EMR,OKE,0.640901,0.640901,0.847466,False
BLK,SWK,0.640881,0.640881,0.847489,False
CDNS,NOW,0.640869,0.640869,0.847503,True
EOG,VLO,0.640785,0.640785,0.847602,True
CINF,EG,0.640763,0.640763,0.847629,True
HWM,SYF,0.640748,0.640748,0.847646,False
IR,TEL,0.640719,0.640719,0.847680,False
HWM,TDG,0.640686,0.640686,0.847719,True
AME,PNC,0.640677,0.640677,0.847730,False
GE,PH,0.640658,0.640658,0.847752,True
AXP,TDG,0.640625,0.640625,0.847791,False
CFG,HST,0.640623,0.640623,0.847793,False
APH,PWR,0.640550,0.640550,0.847880,False
DVN,VLO,0.640534,0.640534,0.847899,True
AWK,PNW,0.640530,0.640530,0.847903,True
ATO,SRE,0.640523,0.640523,0.847911,True
AJG,WRB,0.640508,0.640508,0.847930,True
SYF,UAL,0.640492,0.640492,0.847948,False
CPT,WELL,0.640462,0.640462,0.847984,True
HST,PNC,0.640433,0.640433,0.848017,False
BLK,HON,0.640351,0.640351,0.848114,False
COF,EMR,0.640338,0.640338,0.848129,False
FTV,MS,0.640263,0.640263,0.848218,False
FRT,RF,0.640179,0.640179,0.848317,False
FITB,FRT,0.640145,0.640145,0.848358,False
PFG,PNR,0.640111,0.640111,0.848398,False
CAT,TXT,0.640096,0.640096,0.848415,True
DUK,MAA,0.640052,0.640052,0.848467,False
FITB,MGM,0.640026,0.640026,0.848497,False
MS,WAB,0.640010,0.640010,0.848517,False
DVN,MPC,0.639962,0.639962,0.848573,True
CHD,CL,0.639925,0.639925,0.848617,True
EMR,RJF,0.639919,0.639919,0.848623,False
EME,HUBB,0.639904,0.639904,0.848641,True
PFG,PSX,0.639891,0.639891,0.848656,False
AME,CAT,0.639858,0.639858,0.848695,True
PSA,UDR,0.639810,0.639810,0.848752,True
ELV,HUM,0.639751,0.639751,0.848821,True
AMP,WRB,0.639709,0.639709,0.848871,True
CB,PFG,0.639679,0.639679,0.848906,True
TEL,TER,0.639666,0.639666,0.848922,True
BEN,USB,0.639643,0.639643,0.848949,True
JCI,TEL,0.639632,0.639632,0.848961,False
TXT,WFC,0.639619,0.639619,0.848977,False
C,LYB,0.639589,0.639589,0.849013,False
AME,WY,0.639524,0.639524,0.849089,False
CAT,ITW,0.639522,0.639522,0.849091,True
APTV,MGM,0.639457,0.639457,0.849168,True
EIX,LNT,0.639453,0.639453,0.849173,True
ADP,AMP,0.639416,0.639416,0.849216,False
ALL,PGR,0.639413,0.639413,0.849219,True
PH,TDY,0.639352,0.639352,0.849291,False
CDW,TEL,0.639313,0.639313,0.849337,True
APH,EME,0.639217,0.639217,0.849451,False
BAC,LYB,0.639198,0.639198,0.849472,False
CAT,GS,0.639193,0.639193,0.849478,False
FTV,JCI,0.639133,0.639133,0.849550,True
EMR,USB,0.639111,0.639111,0.849575,False
BAC,HON,0.639102,0.639102,0.849586,False
PRU,TRV,0.639089,0.639089,0.849600,True
GM,SYF,0.638960,0.638960,0.849753,False
AMP,UNP,0.638932,0.638932,0.849786,False
KIM,USB,0.638924,0.638924,0.849795,False
CAG,GIS,0.638878,0.638878,0.849850,True
BKR,VLO,0.638875,0.638875,0.849853,True
C,SPG,0.638861,0.638861,0.849870,False
BRK-B,MTB,0.638842,0.638842,0.849892,True
IR,ROK,0.638814,0.638814,0.849925,True
C,HON,0.638790,0.638790,0.849954,False
BLK,CSX,0.638782,0.638782,0.849962,False
HPE,HPQ,0.638772,0.638772,0.849974,True
AXP,GPN,0.638758,0.638758,0.849991,True
HON,SYF,0.638690,0.638690,0.850070,False
FTV,PFG,0.638667,0.638667,0.850098,False
CAT,IR,0.638629,0.638629,0.850142,True
CMI,WAB,0.638604,0.638604,0.850172,True
CL,KO,0.638584,0.638584,0.850195,True
GM,RF,0.638519,0.638519,0.850272,False
AVGO,MCHP,0.638493,0.638493,0.850302,True
BXP,KEY,0.638467,0.638467,0.850332,False
AMP,CMI,0.638467,0.638467,0.850333,False
GM,PH,0.638433,0.638433,0.850373,False
HUBB,TEL,0.638404,0.638404,0.850407,False
DOV,HBAN,0.638358,0.638358,0.850461,False
TDG,TDY,0.638291,0.638291,0.850540,False
HD,SWK,0.638289,0.638289,0.850543,False
ITW,RJF,0.638273,0.638273,0.850562,False
FITB,HON,0.638102,0.638102,0.850762,False
MDT,ZBH,0.637968,0.637968,0.850919,True
KEY,WAB,0.637955,0.637955,0.850935,False
BEN,RF,0.637938,0.637938,0.850955,True
MAA,WY,0.637885,0.637885,0.851018,True
HON,SNA,0.637823,0.637823,0.851090,True
AFL,AIZ,0.637813,0.637813,0.851102,True
CTAS,V,0.637806,0.637806,0.851110,False
FITB,OKE,0.637786,0.637786,0.851133,False
TEL,TXN,0.637713,0.637713,0.851219,True
AME,RJF,0.637707,0.637707,0.851226,False
RF,TEL,0.637658,0.637658,0.851283,False
CRH,PPG,0.637611,0.637611,0.851339,True
AIG,EG,0.637599,0.637599,0.851353,True
DD,MET,0.637585,0.637585,0.851369,False
D,NEE,0.637584,0.637584,0.851370,True
CSX,HON,0.637571,0.637571,0.851386,True
ITW,NTRS,0.637563,0.637563,0.851396,False
BXP,PNC,0.637562,0.637562,0.851396,False
CINF,PFG,0.637559,0.637559,0.851400,True
AJG,RSG,0.637544,0.637544,0.851418,False
BKR,MPC,0.637531,0.637531,0.851433,True
BLK,SYF,0.637468,0.637468,0.851507,True
AIG,OKE,0.637363,0.637363,0.851630,False
C,ETN,0.637360,0.637360,0.851634,False
EIX,PEG,0.637347,0.637347,0.851649,True
AMP,CB,0.637332,0.637332,0.851666,True
CPAY,PFG,0.637309,0.637309,0.851694,True
AFL,MS,0.637302,0.637302,0.851701,True
MGM,TEL,0.637281,0.637281,0.851727,False
CMI,TEL,0.637206,0.637206,0.851814,False
INTU,MCO,0.637178,0.637178,0.851847,False
BRK-B,XYL,0.637152,0.637152,0.851878,False
HWM,MET,0.637083,0.637083,0.851959,False
SNA,WAB,0.637072,0.637072,0.851972,True
CMI,PNR,0.637025,0.637025,0.852026,True
MCO,VRSK,0.637002,0.637002,0.852054,False
AIG,SYY,0.636989,0.636989,0.852069,False
AME,V,0.636988,0.636988,0.852070,False
KKR,MCO,0.636981,0.636981,0.852079,True
MCO,MSFT,0.636956,0.636956,0.852108,False
HLT,NCLH,0.636926,0.636926,0.852143,True
PPL,UDR,0.636905,0.636905,0.852168,False
NDSN,NSC,0.636892,0.636892,0.852183,True
ACN,PAYX,0.636886,0.636886,0.852190,False
L,SPG,0.636850,0.636850,0.852232,False
AMP,CDW,0.636823,0.636823,0.852264,False
SWKS,TEL,0.636798,0.636798,0.852293,True
ITW,ROP,0.636737,0.636737,0.852365,False
FE,LNT,0.636735,0.636735,0.852367,True
COF,UAL,0.636725,0.636725,0.852378,False
HWM,WAB,0.636712,0.636712,0.852394,True
ADBE,CDNS,0.636707,0.636707,0.852400,True
APH,TRMB,0.636705,0.636705,0.852402,True
EVRG,MAA,0.636705,0.636705,0.852402,False
DD,PPG,0.636704,0.636704,0.852403,True
IQV,MCO,0.636695,0.636695,0.852414,False
HLT,LYV,0.636692,0.636692,0.852418,False
BKNG,RCL,0.636686,0.636686,0.852425,True
CMS,SRE,0.636685,0.636685,0.852426,True
CMI,SWK,0.636647,0.636647,0.852470,True
EG,HIG,0.636598,0.636598,0.852528,True
AVGO,QCOM,0.636582,0.636582,0.852546,True
EIX,SO,0.636579,0.636579,0.852550,True
HON,WY,0.636574,0.636574,0.852556,False
FITB,ITW,0.636566,0.636566,0.852566,False
STT,TROW,0.636564,0.636564,0.852568,True
AMP,MCO,0.636550,0.636550,0.852585,True
KO,SO,0.636536,0.636536,0.852600,False
FITB,SWK,0.636470,0.636470,0.852678,False
AVY,ECL,0.636461,0.636461,0.852689,True
DTE,VTR,0.636449,0.636449,0.852703,False
TROW,TXT,0.636443,0.636443,0.852710,False
APO,MS,0.636421,0.636421,0.852736,True
CAT,PFG,0.636334,0.636334,0.852838,False
ITW,J,0.636296,0.636296,0.852883,True
L,SNA,0.636156,0.636156,0.853046,False
ADBE,ADSK,0.636123,0.636123,0.853085,True
LII,MAS,0.636113,0.636113,0.853097,True
ECL,SYK,0.635973,0.635973,0.853261,False
FTV,WAB,0.635970,0.635970,0.853264,True
JBL,PH,0.635968,0.635968,0.853267,False
HON,JCI,0.635910,0.635910,0.853334,True
HBAN,WAB,0.635884,0.635884,0.853365,False
LYB,TXT,0.635878,0.635878,0.853372,False
KO,PG,0.635857,0.635857,0.853397,True
HUBB,WAB,0.635848,0.635848,0.853407,True
GS,HON,0.635839,0.635839,0.853418,False
AFL,PH,0.635790,0.635790,0.853475,False
ETN,PRU,0.635710,0.635710,0.853569,False
EMR,IVZ,0.635686,0.635686,0.853597,False
AME,NTRS,0.635654,0.635654,0.853635,False
SNA,URI,0.635647,0.635647,0.853643,True
LYB,PNC,0.635607,0.635607,0.853690,False
BX,MCO,0.635554,0.635554,0.853752,True
MPC,PFG,0.635520,0.635520,0.853792,False
BAC,CAT,0.635509,0.635509,0.853804,False
CAG,CPB,0.635499,0.635499,0.853816,True
L,NSC,0.635477,0.635477,0.853842,False
RJF,URI,0.635451,0.635451,0.853873,False
IR,TT,0.635439,0.635439,0.853887,True
AXP,HIG,0.635380,0.635380,0.853956,True
ETN,JPM,0.635379,0.635379,0.853957,False
COF,SWK,0.635377,0.635377,0.853959,False
GM,PFG,0.635375,0.635375,0.853962,False
AME,SNA,0.635341,0.635341,0.854002,True
FITB,UNP,0.635301,0.635301,0.854048,False
DHI,HD,0.635220,0.635220,0.854143,True
APH,TXN,0.635196,0.635196,0.854171,True
COF,KIM,0.635187,0.635187,0.854182,False
SRE,XEL,0.635146,0.635146,0.854229,True
ACN,ADP,0.635121,0.635121,0.854259,False
APO,AXP,0.635112,0.635112,0.854269,True
KIM,MTB,0.635054,0.635054,0.854337,False
FITB,WY,0.634976,0.634976,0.854428,False
RTX,TDG,0.634965,0.634965,0.854441,True
TMO,WAT,0.634922,0.634922,0.854492,True
AIZ,CB,0.634902,0.634902,0.854516,True
ADP,MCO,0.634889,0.634889,0.854530,False
EMR,SNA,0.634884,0.634884,0.854536,True
MAR,PH,0.634812,0.634812,0.854620,False
L,WAB,0.634810,0.634810,0.854623,False
BXP,PRU,0.634779,0.634779,0.854659,False
IR,TXT,0.634735,0.634735,0.854711,True
AXP,CCL,0.634715,0.634715,0.854734,False
EMR,SWK,0.634713,0.634713,0.854736,True
AIG,NTRS,0.634648,0.634648,0.854813,True
LIN,PPG,0.634647,0.634647,0.854813,True
SNA,TEL,0.634643,0.634643,0.854818,False
BR,MCO,0.634621,0.634621,0.854844,False
KIM,PNC,0.634617,0.634617,0.854848,False
DOV,USB,0.634606,0.634606,0.854861,False
CNP,XEL,0.634585,0.634585,0.854886,True
CFG,FRT,0.634554,0.634554,0.854922,False
DTE,UDR,0.634526,0.634526,0.854955,False
HBAN,HST,0.634522,0.634522,0.854960,False
DOW,EMR,0.634456,0.634456,0.855037,False
HUBB,IR,0.634440,0.634440,0.855056,True
CPT,KIM,0.634380,0.634380,0.855126,True
DOW,PH,0.634359,0.634359,0.855150,False
FRT,PRU,0.634324,0.634324,0.855191,False
AVGO,TER,0.634323,0.634323,0.855193,True
KIM,SYF,0.634282,0.634282,0.855240,False
ALLE,TROW,0.634249,0.634249,0.855279,False
BXP,USB,0.634198,0.634198,0.855338,False
CSX,JPM,0.634139,0.634139,0.855408,False
CTAS,DOV,0.634119,0.634119,0.855431,True
MAA,VICI,0.634075,0.634075,0.855483,True
EXR,UDR,0.634069,0.634069,0.855490,True
AIZ,PRU,0.634051,0.634051,0.855511,True
LYB,TFC,0.634050,0.634050,0.855512,False
AME,GLW,0.634045,0.634045,0.855517,False
STLD,URI,0.634036,0.634036,0.855528,False
HON,NSC,0.634028,0.634028,0.855538,True
DOV,KKR,0.634022,0.634022,0.855545,False
CVX,EMR,0.633942,0.633942,0.855637,False
DOV,MCO,0.633934,0.633934,0.855647,False
CMS,FE,0.633863,0.633863,0.855730,True
ACN,MCO,0.633809,0.633809,0.855794,False
CPT,WY,0.633799,0.633799,0.855805,True
BLK,ETN,0.633684,0.633684,0.855940,False
PCAR,URI,0.633637,0.633637,0.855994,True
RCL,SPG,0.633614,0.633614,0.856021,False
SWK,SYF,0.633608,0.633608,0.856029,False
HD,POOL,0.633596,0.633596,0.856042,True
AMAT,WDC,0.633577,0.633577,0.856065,True
MAS,WY,0.633381,0.633381,0.856294,False
ECL,V,0.633320,0.633320,0.856364,False
BXP,MTB,0.633296,0.633296,0.856393,False
ALLE,PH,0.633265,0.633265,0.856429,True
GS,SCHW,0.633231,0.633231,0.856468,True
AJG,BRK-B,0.633211,0.633211,0.856492,True
JCI,PNR,0.633198,0.633198,0.856506,True
LYB,XOM,0.633172,0.633172,0.856537,False
CRH,PNR,0.633165,0.633165,0.856546,False
BEN,TFC,0.633017,0.633017,0.856718,True
APO,PFG,0.633007,0.633007,0.856729,True
CSX,MET,0.632979,0.632979,0.856762,False
ADSK,MSFT,0.632969,0.632969,0.856774,True
CDW,DOV,0.632959,0.632959,0.856785,False
IEX,TEL,0.632951,0.632951,0.856795,False
BEN,GS,0.632938,0.632938,0.856810,True
L,REG,0.632928,0.632928,0.856822,False
PNR,WAB,0.632897,0.632897,0.856858,True
AMP,PPG,0.632889,0.632889,0.856867,False
MA,SPGI,0.632870,0.632870,0.856890,True
AVGO,CDNS,0.632839,0.632839,0.856926,True
DRI,MGM,0.632827,0.632827,0.856940,True
CBRE,IVZ,0.632814,0.632814,0.856956,False
EMR,NSC,0.632808,0.632808,0.856962,True
AFL,COF,0.632801,0.632801,0.856970,True
AFL,STT,0.632754,0.632754,0.857025,True
COF,HIG,0.632738,0.632738,0.857044,True
MET,TRV,0.632707,0.632707,0.857080,True
BEN,FITB,0.632657,0.632657,0.857138,True
RCL,WYNN,0.632595,0.632595,0.857210,True
OKE,RF,0.632588,0.632588,0.857218,False
MET,NSC,0.632554,0.632554,0.857258,False
RTX,TXT,0.632525,0.632525,0.857292,True
FITB,PNR,0.632520,0.632520,0.857298,False
HAL,PRU,0.632499,0.632499,0.857323,False
ITW,STT,0.632492,0.632492,0.857331,False
LEN,LOW,0.632476,0.632476,0.857349,True
DOV,LOW,0.632450,0.632450,0.857380,False
FE,NI,0.632437,0.632437,0.857395,True
ESS,SPG,0.632404,0.632404,0.857433,True
KKR,TEL,0.632402,0.632402,0.857436,False
CRH,URI,0.632356,0.632356,0.857490,False
AMP,CTAS,0.632355,0.632355,0.857491,False
LIN,MA,0.632336,0.632336,0.857513,False
TROW,USB,0.632326,0.632326,0.857525,True
APTV,PH,0.632308,0.632308,0.857545,False
PNR,SYF,0.632288,0.632288,0.857568,False
SPG,UDR,0.632234,0.632234,0.857632,True
MGM,NCLH,0.632231,0.632231,0.857635,True
AME,LIN,0.632208,0.632208,0.857662,False
AWK,DTE,0.632113,0.632113,0.857772,True
ROP,V,0.632086,0.632086,0.857804,False
FIS,MA,0.632086,0.632086,0.857805,True
CCL,SPG,0.632081,0.632081,0.857810,False
CBRE,FRT,0.632044,0.632044,0.857853,True
PEG,WEC,0.632041,0.632041,0.857856,True
DHR,TECH,0.632034,0.632034,0.857865,True
ARE,EXR,0.632021,0.632021,0.857880,True
DOV,GPC,0.631997,0.631997,0.857908,False
APO,PRU,0.631962,0.631962,0.857948,True
HON,RTX,0.631873,0.631873,0.858052,True
PNC,UNP,0.631871,0.631871,0.858055,False
ACN,V,0.631845,0.631845,0.858085,False
AME,PCAR,0.631823,0.631823,0.858111,True
HUBB,XYL,0.631796,0.631796,0.858142,True
HON,NDSN,0.631796,0.631796,0.858142,True
CBRE,GS,0.631785,0.631785,0.858155,False
KKR,RJF,0.631750,0.631750,0.858196,True
KIM,MET,0.631742,0.631742,0.858205,False
AFL,SYY,0.631719,0.631719,0.858232,False
BA,HWM,0.631718,0.631718,0.858233,True
PH,TROW,0.631692,0.631692,0.858264,False
CRM,INTU,0.631690,0.631690,0.858265,True
PRU,REG,0.631654,0.631654,0.858307,False
ON,QCOM,0.631635,0.631635,0.858329,True
IR,MET,0.631633,0.631633,0.858332,False
HD,WY,0.631619,0.631619,0.858349,False
LNT,MAA,0.631609,0.631609,0.858360,False
IEX,SWK,0.631581,0.631581,0.858393,True
BLK,COF,0.631569,0.631569,0.858406,True
ACN,MA,0.631559,0.631559,0.858418,False
HAL,LYB,0.631559,0.631559,0.858419,False
AFL,DOV,0.631548,0.631548,0.858431,False
ECL,HON,0.631477,0.631477,0.858514,False
ALL,WRB,0.631389,0.631389,0.858616,True
ARES,MS,0.631253,0.631253,0.858774,True
ITW,MMM,0.631250,0.631250,0.858779,True
AEP,FE,0.631236,0.631236,0.858795,True
GD,NOC,0.631227,0.631227,0.858805,True
PRU,SWK,0.631216,0.631216,0.858817,False
NXPI,TRMB,0.631193,0.631193,0.858844,True
IEX,ROK,0.631149,0.631149,0.858896,True
AVY,NDSN,0.631140,0.631140,0.858906,False
HST,NCLH,0.631105,0.631105,0.858948,False
PNC,TEL,0.631034,0.631034,0.859029,False
L,LYB,0.631002,0.631002,0.859067,False
GM,TEL,0.630995,0.630995,0.859075,False
COF,HON,0.630979,0.630979,0.859094,False
JPM,NSC,0.630944,0.630944,0.859135,False
LYV,RCL,0.630918,0.630918,0.859164,False
HON,PAYX,0.630907,0.630907,0.859177,True
COF,GM,0.630894,0.630894,0.859193,False
APO,MET,0.630887,0.630887,0.859200,True
APH,PNR,0.630870,0.630870,0.859220,False
AXP,TROW,0.630863,0.630863,0.859228,True
O,PPL,0.630820,0.630820,0.859279,False
JCI,URI,0.630802,0.630802,0.859300,True
AMP,HST,0.630798,0.630798,0.859304,False
EVRG,NEE,0.630793,0.630793,0.859310,True
IQV,RVTY,0.630776,0.630776,0.859330,True
APH,MU,0.630773,0.630773,0.859334,True
BKR,WMB,0.630762,0.630762,0.859346,True
AMP,SWK,0.630717,0.630717,0.859399,False
HON,PNR,0.630711,0.630711,0.859405,True
HLT,SYF,0.630678,0.630678,0.859444,False
MAS,POOL,0.630600,0.630600,0.859535,False
FTV,WY,0.630589,0.630589,0.859547,False
AME,PPG,0.630521,0.630521,0.859627,False
SPG,VICI,0.630513,0.630513,0.859636,True
AFL,KEY,0.630511,0.630511,0.859638,True
DOV,WFC,0.630467,0.630467,0.859689,False
MCO,NDSN,0.630402,0.630402,0.859765,False
NI,UDR,0.630392,0.630392,0.859776,False
BAC,HIG,0.630386,0.630386,0.859783,True
AMZN,GOOG,0.630362,0.630362,0.859811,False
BRK-B,FTV,0.630335,0.630335,0.859842,False
AFL,TFC,0.630285,0.630285,0.859902,True
ETN,JBL,0.630276,0.630276,0.859911,False
APH,FTV,0.630266,0.630266,0.859923,False
CCI,EQIX,0.630230,0.630230,0.859965,True
BLK,CFG,0.630228,0.630228,0.859967,True
AME,AVY,0.630177,0.630177,0.860026,False
LYB,MPC,0.630071,0.630071,0.860150,False
COF,LYB,0.630069,0.630069,0.860152,False
KO,LNT,0.630027,0.630027,0.860201,False
CAT,RJF,0.630019,0.630019,0.860210,False
EXR,INVH,0.630016,0.630016,0.860214,True
SLB,WMB,0.629972,0.629972,0.860265,True
PHM,PNR,0.629956,0.629956,0.860283,False
ECL,MA,0.629925,0.629925,0.860320,False
JPM,TEL,0.629902,0.629902,0.860347,False
HBAN,KIM,0.629899,0.629899,0.860350,False
PRU,XYL,0.629897,0.629897,0.860352,False
BLK,HD,0.629879,0.629879,0.860373,False
SYF,WY,0.629848,0.629848,0.860410,False
EMR,PCAR,0.629844,0.629844,0.860413,True
SYY,VTR,0.629793,0.629793,0.860473,False
HON,LIN,0.629766,0.629766,0.860505,False
COF,HLT,0.629722,0.629722,0.860556,False
BXP,HST,0.629661,0.629661,0.860627,True
NXPI,PH,0.629630,0.629630,0.860663,False
FRT,HIG,0.629592,0.629592,0.860707,False
APH,MS,0.629584,0.629584,0.860716,False
OMC,PRU,0.629552,0.629552,0.860753,False
PSKY,WBD,0.629513,0.629513,0.860799,True
ADP,V,0.629512,0.629512,0.860800,False
PHM,SWK,0.629455,0.629455,0.860866,False
FCX,PH,0.629447,0.629447,0.860875,False
AIG,CINF,0.629440,0.629440,0.860883,True
AFL,REG,0.629406,0.629406,0.860923,False
AMP,TPR,0.629399,0.629399,0.860930,False
PNC,PPG,0.629283,0.629283,0.861066,False
PNR,PRU,0.629261,0.629261,0.861091,False
CAT,HUBB,0.629145,0.629145,0.861226,True
APH,JCI,0.629135,0.629135,0.861238,False
MAA,WELL,0.629087,0.629087,0.861293,True
C,TROW,0.629064,0.629064,0.861320,True
DAL,HST,0.628958,0.628958,0.861443,False
HON,MA,0.628945,0.628945,0.861458,False
AIG,WAB,0.628939,0.628939,0.861465,False
AMT,PLD,0.628891,0.628891,0.861520,True
EQIX,SBAC,0.628815,0.628815,0.861609,True
EG,MET,0.628791,0.628791,0.861637,True
EXPE,HST,0.628778,0.628778,0.861652,False
BLK,ECL,0.628746,0.628746,0.861689,False
DHR,WAT,0.628694,0.628694,0.861749,True
DOV,MLM,0.628693,0.628693,0.861750,False
DOV,DOW,0.628679,0.628679,0.861767,False
TEL,TROW,0.628671,0.628671,0.861776,False
AIG,KIM,0.628671,0.628671,0.861776,False
HUBB,PWR,0.628653,0.628653,0.861797,True
FE,PPL,0.628520,0.628520,0.861951,True
CRH,ETN,0.628490,0.628490,0.861986,False
BRK-B,IVZ,0.628473,0.628473,0.862005,True
HON,WAB,0.628449,0.628449,0.862033,True
AME,CBRE,0.628447,0.628447,0.862036,False
KEYS,KLAC,0.628445,0.628445,0.862038,True
HLT,WYNN,0.628440,0.628440,0.862044,True
NTRS,URI,0.628435,0.628435,0.862050,False
LYB,SLB,0.628384,0.628384,0.862109,False
AMZN,GOOGL,0.628366,0.628366,0.862130,False
ADP,AJG,0.628360,0.628360,0.862137,False
ETN,HWM,0.628307,0.628307,0.862198,True
DTE,ESS,0.628259,0.628259,0.862254,False
ADI,PH,0.628185,0.628185,0.862340,False
AVY,XYL,0.628171,0.628171,0.862356,False
UDR,VICI,0.628151,0.628151,0.862380,True
ETN,RJF,0.628074,0.628074,0.862469,False
BRK-B,CTAS,0.628067,0.628067,0.862476,False
LOW,WY,0.628062,0.628062,0.862482,False
MS,XYL,0.628008,0.628008,0.862546,False
C,HWM,0.627990,0.627990,0.862566,False
GD,PFG,0.627984,0.627984,0.862573,False
FITB,REG,0.627925,0.627925,0.862641,False
BXP,O,0.627894,0.627894,0.862677,True
FTV,SNA,0.627829,0.627829,0.862753,True
APO,RJF,0.627806,0.627806,0.862780,True
RF,SLB,0.627799,0.627799,0.862787,False
SPGI,VRSK,0.627783,0.627783,0.862806,False
CMS,MAA,0.627774,0.627774,0.862816,False
SYF,TROW,0.627708,0.627708,0.862892,True
CBRE,MS,0.627701,0.627701,0.862901,False
CSX,L,0.627688,0.627688,0.862916,False
NVDA,TER,0.627672,0.627672,0.862935,True
MGM,SPG,0.627565,0.627565,0.863058,False
BXP,WY,0.627551,0.627551,0.863074,True
KIM,MAA,0.627506,0.627506,0.863127,True
INVH,PSA,0.627481,0.627481,0.863156,True
AME,STT,0.627477,0.627477,0.863161,False
EMR,NTRS,0.627474,0.627474,0.863164,False
PH,PWR,0.627460,0.627460,0.863181,True
BRO,WRB,0.627459,0.627459,0.863182,True
LYB,SYF,0.627434,0.627434,0.863211,False
AVY,HON,0.627433,0.627433,0.863211,False
AXP,RCL,0.627425,0.627425,0.863221,False
ITW,JCI,0.627396,0.627396,0.863254,True
ALL,CB,0.627394,0.627394,0.863257,True
EMR,PPG,0.627365,0.627365,0.863290,False
AIG,DOV,0.627315,0.627315,0.863348,False
CPT,VICI,0.627298,0.627298,0.863367,True
JPM,URI,0.627287,0.627287,0.863380,False
MU,NVDA,0.627274,0.627274,0.863396,True
NTRS,TXT,0.627271,0.627271,0.863399,False
HST,MTB,0.627261,0.627261,0.863411,False
LOW,NDSN,0.627259,0.627259,0.863413,False
CPAY,PRU,0.627232,0.627232,0.863444,True
ADP,HON,0.627211,0.627211,0.863469,True
KEYS,MCHP,0.627171,0.627171,0.863515,True
NDSN,SNA,0.627155,0.627155,0.863533,True
CPAY,PH,0.627144,0.627144,0.863546,False
JCI,MS,0.627132,0.627132,0.863560,False
AVGO,SWKS,0.627115,0.627115,0.863579,True
AIZ,L,0.627095,0.627095,0.863602,True
CTAS,PH,0.627077,0.627077,0.863623,True
FTV,NSC,0.627061,0.627061,0.863642,True
PNC,SNA,0.627056,0.627056,0.863648,False
BLK,MAS,0.627034,0.627034,0.863673,False
CMI,DD,0.627017,0.627017,0.863693,False
BAC,NSC,0.627014,0.627014,0.863697,False
CRH,MS,0.626984,0.626984,0.863732,False
DAL,PRU,0.626979,0.626979,0.863737,False
CSX,PNC,0.626971,0.626971,0.863747,False
CPT,PPL,0.626969,0.626969,0.863749,False
APTV,DOV,0.626965,0.626965,0.863754,False
ACN,BLK,0.626951,0.626951,0.863769,False
RF,SNA,0.626886,0.626886,0.863845,False
AIG,REG,0.626870,0.626870,0.863864,False
GE,PRU,0.626851,0.626851,0.863886,False
COF,FRT,0.626837,0.626837,0.863901,False
HUBB,MLM,0.626837,0.626837,0.863902,False
ALLE,AMP,0.626799,0.626799,0.863946,False
TFC,TROW,0.626787,0.626787,0.863959,True
ARES,TROW,0.626770,0.626770,0.863979,True
ECL,XYL,0.626768,0.626768,0.863981,False
TEL,WY,0.626761,0.626761,0.863990,False
ADP,MA,0.626749,0.626749,0.864004,False
CCL,COF,0.626735,0.626735,0.864019,False
HLT,PH,0.626723,0.626723,0.864034,False
CPT,NI,0.626719,0.626719,0.864038,False
C,HST,0.626679,0.626679,0.864084,False
HSY,PEP,0.626634,0.626634,0.864136,True
AXP,GM,0.626632,0.626632,0.864139,False
BX,GS,0.626535,0.626535,0.864251,True
AMP,PCAR,0.626514,0.626514,0.864276,False
CVX,PRU,0.626481,0.626481,0.864313,False
AMP,CRH,0.626474,0.626474,0.864321,False
AME,FITB,0.626468,0.626468,0.864329,False
AMP,STLD,0.626452,0.626452,0.864347,False
CTAS,RSG,0.626451,0.626451,0.864349,True
DOC,PPL,0.626380,0.626380,0.864430,False
MCO,VRSN,0.626380,0.626380,0.864431,False
AIG,LYB,0.626374,0.626374,0.864437,False
CTAS,ITW,0.626374,0.626374,0.864438,True
BLK,IEX,0.626320,0.626320,0.864500,False
AXP,WY,0.626310,0.626310,0.864512,False
CNP,D,0.626298,0.626298,0.864525,True
DOV,GLW,0.626295,0.626295,0.864529,False
GM,PRU,0.626269,0.626269,0.864559,False
MTD,TECH,0.626261,0.626261,0.864568,True
CMI,SNA,0.626250,0.626250,0.864581,True
CSX,GS,0.626175,0.626175,0.864667,False
PFG,SWK,0.626172,0.626172,0.864671,False
SYY,TDG,0.626096,0.626096,0.864759,False
FRT,PNC,0.626024,0.626024,0.864842,False
HBAN,LYB,0.626014,0.626014,0.864853,False
ITW,MCO,0.625982,0.625982,0.864891,False
DE,URI,0.625981,0.625981,0.864892,True
ROK,WAB,0.625966,0.625966,0.864909,True
AFL,MTB,0.625966,0.625966,0.864909,True
PCAR,PRU,0.625952,0.625952,0.864926,False
LEN,WY,0.625950,0.625950,0.864928,False
PFG,PPG,0.625913,0.625913,0.864970,False
IVZ,WY,0.625899,0.625899,0.864986,False
CMS,KO,0.625853,0.625853,0.865039,False
PWR,URI,0.625807,0.625807,0.865093,True
AIG,EMR,0.625803,0.625803,0.865097,False
BXP,HBAN,0.625799,0.625799,0.865102,False
AMP,GPN,0.625726,0.625726,0.865187,True
C,GM,0.625716,0.625716,0.865198,False
BLK,USB,0.625716,0.625716,0.865198,True
PRU,TPR,0.625700,0.625700,0.865216,False
AMP,MGM,0.625696,0.625696,0.865222,False
ALLE,BLK,0.625669,0.625669,0.865252,False
AVY,PRU,0.625666,0.625666,0.865256,False
AXP,SNA,0.625625,0.625625,0.865303,False
CBRE,PH,0.625622,0.625622,0.865307,False
CTAS,ROP,0.625619,0.625619,0.865310,False
RJF,WAB,0.625603,0.625603,0.865328,False
PNC,SWK,0.625590,0.625590,0.865344,False
AFL,FRT,0.625576,0.625576,0.865360,False
CPAY,RJF,0.625549,0.625549,0.865392,True
CDW,MCHP,0.625547,0.625547,0.865393,True
BLDR,SWK,0.625506,0.625506,0.865441,True
APO,GS,0.625463,0.625463,0.865490,True
DE,PH,0.625451,0.625451,0.865504,True
AMP,JCI,0.625444,0.625444,0.865513,False
APA,PSX,0.625424,0.625424,0.865536,True
DAL,PH,0.625409,0.625409,0.865553,True
CVX,PFG,0.625353,0.625353,0.865618,False
ETN,KKR,0.625332,0.625332,0.865642,False
HST,TFC,0.625311,0.625311,0.865667,False
JPM,UNP,0.625311,0.625311,0.865667,False
MS,PNR,0.625285,0.625285,0.865696,False
FITB,SYY,0.625282,0.625282,0.865700,False
JCI,XYL,0.625280,0.625280,0.865702,True
BA,TXT,0.625276,0.625276,0.865707,True
BLK,RF,0.625224,0.625224,0.865767,True
HST,UAL,0.625176,0.625176,0.865822,False
BEN,CFG,0.625162,0.625162,0.865838,True
BAC,CSX,0.625162,0.625162,0.865839,False
ESS,VTR,0.625122,0.625122,0.865884,True
FTV,PRU,0.625091,0.625091,0.865921,False
HD,MCO,0.625086,0.625086,0.865926,False
C,KKR,0.625086,0.625086,0.865927,True
PFG,UAL,0.625042,0.625042,0.865976,False
NDSN,URI,0.625041,0.625041,0.865978,True
BRK-B,PAYX,0.625030,0.625030,0.865991,False
FRT,SYF,0.625029,0.625029,0.865992,False
EIX,EVRG,0.624937,0.624937,0.866098,True
HD,ITW,0.624910,0.624910,0.866129,False
CAT,PCAR,0.624897,0.624897,0.866144,True
BKNG,DAL,0.624831,0.624831,0.866220,False
BXP,CBRE,0.624815,0.624815,0.866239,True
COF,WY,0.624808,0.624808,0.866247,False
NVDA,QCOM,0.624799,0.624799,0.866257,True
MET,WY,0.624784,0.624784,0.866274,False
PPG,PRU,0.624762,0.624762,0.866301,False
BEN,ITW,0.624723,0.624723,0.866345,False
APO,BLK,0.624693,0.624693,0.866380,True
HIG,TFC,0.624693,0.624693,0.866380,True
JBL,LRCX,0.624675,0.624675,0.866400,True
IVZ,TEL,0.624663,0.624663,0.866414,False
FDS,MSCI,0.624641,0.624641,0.866440,True
HAL,RF,0.624639,0.624639,0.866442,False
IR,XYL,0.624621,0.624621,0.866462,True
PPG,SYF,0.624621,0.624621,0.866463,False
AWK,CCI,0.624576,0.624576,0.866514,False
CVX,FITB,0.624536,0.624536,0.866561,False
AOS,MAS,0.624536,0.624536,0.866561,True
CPT,EVRG,0.624462,0.624462,0.866646,False
PNC,WY,0.624454,0.624454,0.866656,False
LUV,NCLH,0.624444,0.624444,0.866667,False
URI,VMC,0.624431,0.624431,0.866682,False
AXP,CTAS,0.624401,0.624401,0.866716,False
PH,RTX,0.624384,0.624384,0.866737,True
ADP,SPGI,0.624381,0.624381,0.866740,False
ITW,PAYX,0.624364,0.624364,0.866760,True
AXP,BXP,0.624333,0.624333,0.866796,False
APH,CDNS,0.624326,0.624326,0.866803,True
FTV,SYF,0.624284,0.624284,0.866852,False
CCI,PLD,0.624187,0.624187,0.866963,True
BX,CBRE,0.624171,0.624171,0.866982,False
FIX,HUBB,0.624164,0.624164,0.866990,True
SPG,UAL,0.624152,0.624152,0.867004,False
AMP,HUBB,0.624139,0.624139,0.867019,False
NSC,TXT,0.624088,0.624088,0.867078,True
IR,SWK,0.624069,0.624069,0.867099,True
AMAT,JBL,0.624054,0.624054,0.867117,True
D,PEG,0.624015,0.624015,0.867162,True
MCO,PLD,0.623981,0.623981,0.867201,False
CBRE,KEY,0.623965,0.623965,0.867220,False
CSX,FTV,0.623964,0.623964,0.867220,True
LYB,PSX,0.623918,0.623918,0.867274,False
J,TXT,0.623904,0.623904,0.867290,True
CMI,GS,0.623868,0.623868,0.867331,False
APTV,PPG,0.623857,0.623857,0.867344,False
BXP,PFG,0.623851,0.623851,0.867352,False
GS,HUBB,0.623822,0.623822,0.867385,False
BLK,PPG,0.623787,0.623787,0.867425,False
BAC,ETN,0.623768,0.623768,0.867447,False
UDR,WY,0.623767,0.623767,0.867448,True
AVY,WY,0.623763,0.623763,0.867452,False
DOV,NXPI,0.623760,0.623760,0.867456,False
J,PH,0.623755,0.623755,0.867462,True
BAC,HST,0.623753,0.623753,0.867464,False
ADI,CDNS,0.623747,0.623747,0.867471,True
BLK,L,0.623742,0.623742,0.867477,True
HUBB,MS,0.623725,0.623725,0.867496,False
PRU,TEL,0.623711,0.623711,0.867512,False
AFL,USB,0.623708,0.623708,0.867516,True
NEE,NI,0.623702,0.623702,0.867523,True
AFL,RTX,0.623655,0.623655,0.867577,False
KKR,TRMB,0.623592,0.623592,0.867650,False
CMI,JCI,0.623582,0.623582,0.867661,True
L,RTX,0.623579,0.623579,0.867664,False
BKNG,CCL,0.623579,0.623579,0.867665,True
ETR,NEE,0.623507,0.623507,0.867748,True
APTV,SYF,0.623481,0.623481,0.867778,False
JPM,TROW,0.623473,0.623473,0.867787,True
KKR,PFG,0.623441,0.623441,0.867824,True
AMP,GD,0.623429,0.623429,0.867837,False
IDXX,ZTS,0.623392,0.623392,0.867880,True
NSC,PFG,0.623387,0.623387,0.867886,False
NDSN,UNP,0.623372,0.623372,0.867904,True
FITB,KMI,0.623367,0.623367,0.867909,False
ITW,PKG,0.623317,0.623317,0.867967,False
HON,J,0.623293,0.623293,0.867995,True
CMS,EIX,0.623261,0.623261,0.868031,True
EMR,TDY,0.623242,0.623242,0.868052,False
NDSN,TROW,0.623217,0.623217,0.868081,False
GM,GS,0.623208,0.623208,0.868093,False
ESS,PSA,0.623180,0.623180,0.868125,True
HON,HUBB,0.623168,0.623168,0.868139,True
BLK,ROP,0.623157,0.623157,0.868151,False
AME,CMI,0.623124,0.623124,0.868189,True
BEN,STT,0.623100,0.623100,0.868216,True
AME,MCO,0.623100,0.623100,0.868217,False
AMP,TJX,0.623100,0.623100,0.868217,False
FE,PNW,0.623096,0.623096,0.868221,True
GWW,NDSN,0.623052,0.623052,0.868272,True
HUBB,SNA,0.623042,0.623042,0.868283,True
HD,NVR,0.623037,0.623037,0.868289,True
CRH,SYF,0.622997,0.622997,0.868335,False
MS,WY,0.622997,0.622997,0.868336,False
PH,VMC,0.622988,0.622988,0.868346,False
AIG,TDG,0.622976,0.622976,0.868360,False
LYB,WY,0.622899,0.622899,0.868448,False
PRU,UNP,0.622879,0.622879,0.868472,False
PFG,WRB,0.622875,0.622875,0.868475,True
AXP,JCI,0.622806,0.622806,0.868556,False
ETN,SNA,0.622784,0.622784,0.868581,True
APTV,ON,0.622780,0.622780,0.868585,False
PRU,SLB,0.622779,0.622779,0.868586,False
MAA,VTR,0.622753,0.622753,0.868616,True
L,SYY,0.622693,0.622693,0.868685,False
SYY,WELL,0.622685,0.622685,0.868694,False
APTV,FITB,0.622683,0.622683,0.868696,False
HPE,NTAP,0.622682,0.622682,0.868698,True
MAS,PH,0.622642,0.622642,0.868744,True
FITB,FTV,0.622624,0.622624,0.868765,False
CFG,OKE,0.622584,0.622584,0.868811,False
HON,USB,0.622582,0.622582,0.868813,False
AXP,RTX,0.622581,0.622581,0.868814,False
AEE,MAA,0.622528,0.622528,0.868875,False
ADP,RSG,0.622513,0.622513,0.868892,True
ES,PEG,0.622489,0.622489,0.868920,True
KEY,SPG,0.622457,0.622457,0.868957,False
AMP,J,0.622440,0.622440,0.868976,False
DD,RF,0.622421,0.622421,0.868998,False
ADI,DOV,0.622356,0.622356,0.869073,False
ED,PEG,0.622340,0.622340,0.869091,True
ETN,MLM,0.622331,0.622331,0.869102,False
LYB,MS,0.622305,0.622305,0.869132,False
EG,PRU,0.622298,0.622298,0.869140,True
MU,TXN,0.622271,0.622271,0.869171,True
AFL,CTAS,0.622258,0.622258,0.869186,False
BEN,DOV,0.622253,0.622253,0.869192,False
COF,DRI,0.622203,0.622203,0.869250,False
FTV,MAS,0.622138,0.622138,0.869324,True
MGM,VICI,0.622127,0.622127,0.869337,False
CSX,SWK,0.622113,0.622113,0.869352,True
LYB,SWK,0.622111,0.622111,0.869355,False
CDW,NXPI,0.622102,0.622102,0.869365,True
AFL,WFC,0.622039,0.622039,0.869437,True
C,KIM,0.622021,0.622021,0.869458,False
REG,RF,0.621981,0.621981,0.869504,False
MGM,PFG,0.621957,0.621957,0.869532,False
SPG,TDG,0.621919,0.621919,0.869576,False
HWM,JPM,0.621918,0.621918,0.869577,False
C,PSX,0.621917,0.621917,0.869578,False
C,OKE,0.621903,0.621903,0.869594,False
GD,ITW,0.621895,0.621895,0.869603,True
STT,URI,0.621879,0.621879,0.869622,False
IQV,TECH,0.621860,0.621860,0.869644,True
KEYS,TXN,0.621857,0.621857,0.869647,True
BAC,GLW,0.621841,0.621841,0.869666,False
AOS,ITW,0.621827,0.621827,0.869682,True
FTV,GS,0.621817,0.621817,0.869693,False
CFG,MGM,0.621806,0.621806,0.869706,False
ADP,AME,0.621781,0.621781,0.869734,True
CAT,JPM,0.621778,0.621778,0.869738,False
DOV,LIN,0.621773,0.621773,0.869744,False
MS,SWK,0.621770,0.621770,0.869748,False
JCI,ROK,0.621742,0.621742,0.869780,True
FANG,MPC,0.621724,0.621724,0.869799,True
MA,PFG,0.621692,0.621692,0.869836,True
TDY,TEL,0.621667,0.621667,0.869866,True
HLT,TDG,0.621620,0.621620,0.869919,False
BAC,KIM,0.621610,0.621610,0.869931,False
AMP,GE,0.621600,0.621600,0.869943,False
HIG,SYF,0.621537,0.621537,0.870015,True
COF,FTV,0.621533,0.621533,0.870020,False
EOG,WMB,0.621532,0.621532,0.870020,True
C,CVX,0.621528,0.621528,0.870025,False
FANG,WMB,0.621526,0.621526,0.870028,True
NSC,PNC,0.621511,0.621511,0.870045,False
JBL,MCHP,0.621494,0.621494,0.870065,True
HST,JPM,0.621485,0.621485,0.870075,False
APH,WAB,0.621455,0.621455,0.870109,False
BEN,PH,0.621449,0.621449,0.870116,False
IR,NDSN,0.621442,0.621442,0.870124,True
FTV,MLM,0.621433,0.621433,0.870135,False
META,MSFT,0.621401,0.621401,0.870172,False
PFG,XYL,0.621398,0.621398,0.870175,False
ADP,DOV,0.621396,0.621396,0.870177,True
AFL,GD,0.621366,0.621366,0.870212,False
AME,MLM,0.621341,0.621341,0.870240,False
BLK,NSC,0.621319,0.621319,0.870266,False
ADI,NVDA,0.621311,0.621311,0.870274,True
ITW,RF,0.621308,0.621308,0.870279,False
ALLE,HUBB,0.621293,0.621293,0.870295,True
FITB,NSC,0.621284,0.621284,0.870306,False
FITB,SNA,0.621274,0.621274,0.870317,False
ADI,CDW,0.621247,0.621247,0.870348,True
AVY,FTV,0.621217,0.621217,0.870382,False
DD,FITB,0.621165,0.621165,0.870442,False
EXPE,MGM,0.621164,0.621164,0.870444,True
MET,PAYX,0.621160,0.621160,0.870448,False
CBRE,HBAN,0.621150,0.621150,0.870460,False
AMP,HPE,0.621131,0.621131,0.870481,False
C,FTV,0.621122,0.621122,0.870491,False
CAT,PNC,0.621113,0.621113,0.870502,False
BLK,FTV,0.621112,0.621112,0.870503,False
ETN,PCAR,0.621086,0.621086,0.870533,True
IEX,URI,0.621073,0.621073,0.870548,True
IQV,SPGI,0.621036,0.621036,0.870591,False
DOC,SPG,0.621032,0.621032,0.870595,True
AXP,PPG,0.620984,0.620984,0.870650,False
ACN,CDW,0.620898,0.620898,0.870749,True
CCL,SYF,0.620892,0.620892,0.870756,False
LIN,V,0.620882,0.620882,0.870767,False
L,URI,0.620880,0.620880,0.870770,False
COF,ITW,0.620872,0.620872,0.870778,False
HIG,REG,0.620846,0.620846,0.870808,False
CMI,HON,0.620846,0.620846,0.870809,True
ECL,SPGI,0.620802,0.620802,0.870859,False
HON,URI,0.620774,0.620774,0.870891,True
AXP,IR,0.620759,0.620759,0.870908,False
AME,MAS,0.620746,0.620746,0.870924,True
MS,UNP,0.620738,0.620738,0.870933,False
BLK,GLW,0.620726,0.620726,0.870946,False
DUK,PEP,0.620706,0.620706,0.870970,False
DD,HON,0.620705,0.620705,0.870971,False
APH,NVDA,0.620671,0.620671,0.871010,True
ETN,TXT,0.620652,0.620652,0.871031,True
PFG,RTX,0.620630,0.620630,0.871057,False
C,WY,0.620623,0.620623,0.871065,False
AFL,DTE,0.620622,0.620622,0.871066,False
IVZ,SWK,0.620620,0.620620,0.871068,False
NDSN,ROK,0.620616,0.620616,0.871073,True
FTV,UNP,0.620597,0.620597,0.871095,True
CINF,USB,0.620587,0.620587,0.871106,True
C,CAT,0.620571,0.620571,0.871125,False
STT,TXT,0.620566,0.620566,0.871130,False
ACN,AMP,0.620543,0.620543,0.871156,False
CSX,FITB,0.620494,0.620494,0.871213,False
TFC,URI,0.620486,0.620486,0.871222,False
BX,DOV,0.620440,0.620440,0.871274,False
BLK,CTAS,0.620435,0.620435,0.871280,False
DOW,TXT,0.620431,0.620431,0.871285,False
TXT,XYL,0.620409,0.620409,0.871310,True
HON,STT,0.620404,0.620404,0.871317,False
MET,OMC,0.620377,0.620377,0.871347,False
GLW,PH,0.620369,0.620369,0.871357,False
BRK-B,PPG,0.620347,0.620347,0.871382,False
OMC,PFG,0.620320,0.620320,0.871413,False
CBRE,SWK,0.620303,0.620303,0.871432,False
SYF,TDG,0.620285,0.620285,0.871452,False
LIN,MET,0.620280,0.620280,0.871459,False
BAC,CMI,0.620232,0.620232,0.871514,False
AEE,EIX,0.620216,0.620216,0.871531,True
AMP,IEX,0.620198,0.620198,0.871552,False
APH,KKR,0.620151,0.620151,0.871606,False
ARES,MCO,0.620146,0.620146,0.871613,True
PPG,SNA,0.620121,0.620121,0.871641,False
BAC,CINF,0.620116,0.620116,0.871647,True
BEN,MTB,0.620104,0.620104,0.871660,True
ALLE,SWK,0.620095,0.620095,0.871670,True
JPM,LYB,0.620088,0.620088,0.871679,False
MAR,SPG,0.620085,0.620085,0.871682,False
ETN,SYF,0.620076,0.620076,0.871692,False
MGM,RF,0.620074,0.620074,0.871695,False
AFL,VICI,0.620060,0.620060,0.871711,False
L,OMC,0.620042,0.620042,0.871732,False
STT,WAB,0.620007,0.620007,0.871772,False
AMP,CTSH,0.620004,0.620004,0.871775,False
CCL,LUV,0.619976,0.619976,0.871807,False
MET,TEL,0.619964,0.619964,0.871822,False
MS,NDSN,0.619937,0.619937,0.871852,False
GS,NSC,0.619881,0.619881,0.871917,False
IEX,NSC,0.619867,0.619867,0.871932,True
AVY,BLK,0.619859,0.619859,0.871942,False
IVZ,TXT,0.619809,0.619809,0.871999,False
ITW,SYF,0.619799,0.619799,0.872010,False
BRK-B,RTX,0.619761,0.619761,0.872054,False
APH,FIX,0.619757,0.619757,0.872059,False
AME,SYF,0.619729,0.619729,0.872090,False
MU,QCOM,0.619728,0.619728,0.872092,True
DE,DOV,0.619670,0.619670,0.872158,True
URI,USB,0.619641,0.619641,0.872191,False
CSX,TXT,0.619622,0.619622,0.872213,True
LIN,XYL,0.619599,0.619599,0.872240,False
NSC,WY,0.619567,0.619567,0.872276,False
GLW,PRU,0.619523,0.619523,0.872327,False
PEP,XEL,0.619491,0.619491,0.872363,False
APTV,CFG,0.619479,0.619479,0.872377,False
TEL,TT,0.619470,0.619470,0.872388,False
SYF,SYY,0.619441,0.619441,0.872421,False
LYV,MAR,0.619383,0.619383,0.872487,False
ACN,SPGI,0.619381,0.619381,0.872489,False
AFL,HBAN,0.619364,0.619364,0.872509,True
BLK,WFC,0.619359,0.619359,0.872515,True
CTAS,PAYX,0.619309,0.619309,0.872572,True
PPG,WY,0.619307,0.619307,0.872574,False
AXP,BX,0.619306,0.619306,0.872575,True
DAL,SPG,0.619288,0.619288,0.872596,False
AIZ,BRK-B,0.619250,0.619250,0.872640,True
DD,FTV,0.619191,0.619191,0.872708,False
DD,PNC,0.619179,0.619179,0.872721,False
TROW,ZBRA,0.619174,0.619174,0.872726,False
CCI,PSA,0.619160,0.619160,0.872743,True
HON,RF,0.619157,0.619157,0.872747,False
AMP,TRMB,0.619150,0.619150,0.872754,False
NDAQ,TROW,0.619143,0.619143,0.872762,True
BLK,PAYX,0.619115,0.619115,0.872795,False
AFL,GS,0.619104,0.619104,0.872807,True
DTE,VICI,0.619099,0.619099,0.872813,False
BLK,URI,0.619066,0.619066,0.872851,False
MAR,PFG,0.619054,0.619054,0.872864,False
EMR,KMI,0.618991,0.618991,0.872936,False
AIG,DRI,0.618965,0.618965,0.872966,False
FITB,MAR,0.618954,0.618954,0.872979,False
DOV,PAYX,0.618942,0.618942,0.872992,True
FTV,STT,0.618924,0.618924,0.873013,False
CCL,LYV,0.618923,0.618923,0.873014,False
ETN,IEX,0.618884,0.618884,0.873060,True
ALLE,TT,0.618833,0.618833,0.873117,True
FRT,INVH,0.618828,0.618828,0.873124,True
FITB,PPG,0.618816,0.618816,0.873136,False
AFL,KIM,0.618816,0.618816,0.873137,False
FCX,STLD,0.618812,0.618812,0.873142,True
IVZ,LYB,0.618782,0.618782,0.873176,False
REG,SYF,0.618747,0.618747,0.873216,False
APH,URI,0.618738,0.618738,0.873226,False
COP,LYB,0.618727,0.618727,0.873239,False
BAC,TEL,0.618668,0.618668,0.873307,False
AME,FAST,0.618658,0.618658,0.873318,True
HON,TT,0.618657,0.618657,0.873319,True
ACGL,AIZ,0.618655,0.618655,0.873321,True
CSX,WY,0.618653,0.618653,0.873323,False
KIM,L,0.618647,0.618647,0.873330,False
DRI,SYF,0.618595,0.618595,0.873390,False
MPWR,TEL,0.618585,0.618585,0.873401,True
URI,XYL,0.618520,0.618520,0.873476,True
KEY,KIM,0.618494,0.618494,0.873506,False
MCO,PNR,0.618473,0.618473,0.873530,False
TEL,WDC,0.618462,0.618462,0.873542,True
C,GLW,0.618440,0.618440,0.873568,False
C,DAL,0.618432,0.618432,0.873577,False
BRK-B,ECL,0.618378,0.618378,0.873638,False
GWW,PH,0.618376,0.618376,0.873641,True
MET,PSX,0.618344,0.618344,0.873677,False
DVN,TPL,0.618302,0.618302,0.873726,True
SNA,WY,0.618293,0.618293,0.873736,False
GS,PNR,0.618289,0.618289,0.873740,False
CFG,DD,0.618263,0.618263,0.873770,False
MA,PH,0.618249,0.618249,0.873787,False
HBAN,SNA,0.618246,0.618246,0.873790,False
ALLE,NDSN,0.618236,0.618236,0.873801,True
EMR,WFC,0.618211,0.618211,0.873830,False
ROK,XYL,0.618189,0.618189,0.873854,True
WMB,XOM,0.618183,0.618183,0.873862,True
CMI,XYL,0.618180,0.618180,0.873865,True
COF,REG,0.618170,0.618170,0.873877,False
MU,SWKS,0.618165,0.618165,0.873882,True
ADI,BLK,0.618155,0.618155,0.873894,False
BRK-B,BRO,0.618142,0.618142,0.873908,True
CB,PNC,0.618121,0.618121,0.873932,True
GLW,MET,0.618040,0.618040,0.874025,False
AAPL,GOOGL,0.618037,0.618037,0.874029,False
HUBB,IEX,0.618034,0.618034,0.874032,True
DTE,L,0.618031,0.618031,0.874036,False
COF,DD,0.618026,0.618026,0.874042,False
KKR,URI,0.618006,0.618006,0.874064,False
CRM,MSFT,0.617972,0.617972,0.874103,True
AFL,KMI,0.617938,0.617938,0.874141,False
KIM,SYY,0.617927,0.617927,0.874155,False
DTE,NEE,0.617909,0.617909,0.874175,True
APTV,COF,0.617857,0.617857,0.874234,False
CSX,PFG,0.617846,0.617846,0.874247,False
LYV,MGM,0.617831,0.617831,0.874264,False
MLM,TT,0.617813,0.617813,0.874285,False
AFL,TXT,0.617796,0.617796,0.874304,False
FTV,JPM,0.617788,0.617788,0.874314,False
EXPE,RCL,0.617782,0.617782,0.874320,True
ACGL,JPM,0.617767,0.617767,0.874337,True
PPL,REG,0.617764,0.617764,0.874340,False
NSC,URI,0.617750,0.617750,0.874357,True
CBRE,ESS,0.617741,0.617741,0.874368,True
SNA,SYF,0.617727,0.617727,0.874383,False
PFG,SLB,0.617706,0.617706,0.874407,False
ADP,VRSK,0.617706,0.617706,0.874408,True
ETR,MAA,0.617696,0.617696,0.874418,False
BLDR,HD,0.617664,0.617664,0.874455,False
COF,HWM,0.617650,0.617650,0.874471,False
COF,TROW,0.617648,0.617648,0.874473,True
CTAS,TEL,0.617620,0.617620,0.874506,False
HBAN,HON,0.617568,0.617568,0.874565,False
MCHP,PH,0.617559,0.617559,0.874576,False
GLW,GS,0.617534,0.617534,0.874604,False
IR,MS,0.617515,0.617515,0.874626,False
GLW,IVZ,0.617507,0.617507,0.874635,False
KO,PPL,0.617501,0.617501,0.874642,False
ARE,PSA,0.617495,0.617495,0.874649,True
EMR,HWM,0.617460,0.617460,0.874689,True
HST,MET,0.617434,0.617434,0.874719,False
C,MPC,0.617429,0.617429,0.874724,False
JBL,KLAC,0.617422,0.617422,0.874732,True
CPT,VTR,0.617403,0.617403,0.874754,True
KKR,PNR,0.617399,0.617399,0.874759,False
BX,IVZ,0.617392,0.617392,0.874767,True
AAPL,GOOG,0.617363,0.617363,0.874799,False
CPAY,DOV,0.617264,0.617264,0.874913,False
BLDR,LOW,0.617261,0.617261,0.874916,False
FITB,TDG,0.617257,0.617257,0.874921,False
MA,PRU,0.617250,0.617250,0.874928,True
AMP,AVY,0.617242,0.617242,0.874937,False
NVR,WY,0.617222,0.617222,0.874960,False
INVH,REG,0.617163,0.617163,0.875028,True
ARES,PH,0.617153,0.617153,0.875039,False
MET,SWK,0.617147,0.617147,0.875046,False
HON,HWM,0.617140,0.617140,0.875054,True
ALLE,TXT,0.617120,0.617120,0.875077,True
EMR,PWR,0.617113,0.617113,0.875085,True
AEE,KO,0.617092,0.617092,0.875110,False
BA,RCL,0.617063,0.617063,0.875142,False
BR,SPGI,0.617052,0.617052,0.875155,False
CPAY,SYF,0.617040,0.617040,0.875169,True
EMR,TROW,0.617004,0.617004,0.875209,False
IQV,TEL,0.616986,0.616986,0.875231,False
BRK-B,MCO,0.616953,0.616953,0.875268,True
J,MET,0.616923,0.616923,0.875302,False
DOV,GD,0.616908,0.616908,0.875319,True
AMP,MLM,0.616886,0.616886,0.875345,False
BRK-B,LYB,0.616885,0.616885,0.875346,False
BLDR,URI,0.616876,0.616876,0.875356,True
ETN,J,0.616800,0.616800,0.875443,True
C,ITW,0.616800,0.616800,0.875443,False
APH,BLK,0.616788,0.616788,0.875457,False
MCHP,TROW,0.616774,0.616774,0.875472,False
FTV,PCAR,0.616770,0.616770,0.875476,True
C,CSX,0.616764,0.616764,0.875483,False
DOV,MGM,0.616751,0.616751,0.875498,False
CVX,LYB,0.616710,0.616710,0.875546,False
CFG,UNP,0.616670,0.616670,0.875592,False
C,TDG,0.616653,0.616653,0.875611,False
DAL,TXT,0.616627,0.616627,0.875640,True
GS,ROK,0.616601,0.616601,0.875669,False
TECH,TMO,0.616593,0.616593,0.875679,True
AME,CDW,0.616586,0.616586,0.875687,False
ADP,BR,0.616469,0.616469,0.875821,True
ETR,FE,0.616459,0.616459,0.875832,True
HST,TXT,0.616441,0.616441,0.875853,False
EMR,MTB,0.616430,0.616430,0.875865,False
C,CRH,0.616311,0.616311,0.876001,False
PRU,RTX,0.616285,0.616285,0.876030,False
PNC,PNR,0.616250,0.616250,0.876071,False
AMP,NUE,0.616228,0.616228,0.876096,False
FCX,LYB,0.616226,0.616226,0.876098,True
DAL,EXPE,0.616210,0.616210,0.876117,False
AXP,SWK,0.616206,0.616206,0.876121,False
ATO,KO,0.616185,0.616185,0.876145,False
CFG,HON,0.616179,0.616179,0.876152,False
EMR,MLM,0.616154,0.616154,0.876180,False
HST,WAB,0.616109,0.616109,0.876231,False
FANG,VLO,0.616084,0.616084,0.876261,True
PFG,RCL,0.616075,0.616075,0.876271,False
CMS,PEP,0.616033,0.616033,0.876318,False
INTU,SNPS,0.616000,0.616000,0.876356,True
MAR,TDG,0.615985,0.615985,0.876373,False
TFC,WAB,0.615979,0.615979,0.876380,False
LII,PNR,0.615961,0.615961,0.876400,True
MAS,TROW,0.615961,0.615961,0.876400,False
ADSK,PTC,0.615956,0.615956,0.876407,True
ITW,USB,0.615951,0.615951,0.876412,False
CAT,HBAN,0.615948,0.615948,0.876416,False
CRH,GS,0.615906,0.615906,0.876463,False
NDSN,PRU,0.615905,0.615905,0.876465,False
CFG,REG,0.615881,0.615881,0.876492,False
AME,KKR,0.615867,0.615867,0.876508,False
FE,XEL,0.615835,0.615835,0.876545,True
INTU,MA,0.615833,0.615833,0.876547,False
APH,EMR,0.615797,0.615797,0.876588,False
IVZ,KKR,0.615793,0.615793,0.876592,True
C,HPE,0.615767,0.615767,0.876622,False
HON,V,0.615749,0.615749,0.876643,False
ALLE,URI,0.615688,0.615688,0.876712,True
CMI,IR,0.615643,0.615643,0.876764,True
PAYX,VRSK,0.615605,0.615605,0.876806,True
AMZN,META,0.615605,0.615605,0.876806,False
AFL,NTRS,0.615574,0.615574,0.876842,True
DOV,RTX,0.615569,0.615569,0.876848,True
AME,ECL,0.615516,0.615516,0.876909,False
BEN,L,0.615502,0.615502,0.876924,True
BAC,KKR,0.615491,0.615491,0.876937,True
CTAS,WY,0.615487,0.615487,0.876941,False
AMT,PSA,0.615432,0.615432,0.877004,True
MET,PNR,0.615424,0.615424,0.877013,False
KEYS,TEL,0.615417,0.615417,0.877021,True
AEP,SRE,0.615389,0.615389,0.877053,True
GS,JCI,0.615383,0.615383,0.877060,False
AVY,PKG,0.615375,0.615375,0.877069,True
OKE,PFG,0.615356,0.615356,0.877091,False
HST,KEY,0.615349,0.615349,0.877098,False
LIN,PH,0.615337,0.615337,0.877112,False
CRH,EMR,0.615333,0.615333,0.877117,False
PPG,XYL,0.615332,0.615332,0.877118,False
L,LIN,0.615315,0.615315,0.877137,False
SYY,VICI,0.615300,0.615300,0.877154,False
PH,STLD,0.615291,0.615291,0.877165,False
ECL,ROP,0.615249,0.615249,0.877212,False
BLK,LIN,0.615201,0.615201,0.877268,False
AMP,ROK,0.615119,0.615119,0.877361,False
AMP,GM,0.615119,0.615119,0.877361,False
SWK,TROW,0.615114,0.615114,0.877367,False
CFG,SWK,0.615099,0.615099,0.877383,False
SPG,WY,0.615081,0.615081,0.877404,True
CTAS,ECL,0.615034,0.615034,0.877458,False
KEYS,TER,0.615022,0.615022,0.877471,True
AXP,SYY,0.615015,0.615015,0.877479,False
FIS,V,0.615008,0.615008,0.877488,True
HAL,PFG,0.615006,0.615006,0.877490,False
ARES,DOV,0.614984,0.614984,0.877514,False
BLK,UNP,0.614965,0.614965,0.877536,False
AWK,MAA,0.614933,0.614933,0.877572,False
APH,XYL,0.614896,0.614896,0.877615,False
RF,SWK,0.614894,0.614894,0.877618,False
DD,SWK,0.614834,0.614834,0.877686,False
DOV,TRMB,0.614821,0.614821,0.877701,False
MAA,PNW,0.614816,0.614816,0.877706,False
ITW,IVZ,0.614807,0.614807,0.877716,False
FITB,TROW,0.614806,0.614806,0.877717,True
INTU,VRSN,0.614797,0.614797,0.877728,True
LIN,PAYX,0.614784,0.614784,0.877743,False
HON,ROK,0.614761,0.614761,0.877768,True
BEN,C,0.614760,0.614760,0.877770,True
DOV,IQV,0.614737,0.614737,0.877796,False
KEYS,LRCX,0.614731,0.614731,0.877802,True
OKE,TDG,0.614729,0.614729,0.877806,False
COF,PPG,0.614663,0.614663,0.877881,False
DOV,PWR,0.614660,0.614660,0.877884,True
BAC,DD,0.614645,0.614645,0.877901,False
FITB,HWM,0.614632,0.614632,0.877916,False
HUBB,PCAR,0.614602,0.614602,0.877950,True
AIZ,MET,0.614601,0.614601,0.877951,True
ACGL,ALL,0.614552,0.614552,0.878007,True
UNP,WAB,0.614534,0.614534,0.878027,True
CAT,RF,0.614517,0.614517,0.878047,False
IVZ,URI,0.614512,0.614512,0.878052,False
TDG,TXT,0.614477,0.614477,0.878092,True
ADP,ITW,0.614462,0.614462,0.878109,True
NSC,SWK,0.614446,0.614446,0.878127,True
APH,CRH,0.614435,0.614435,0.878140,False
ALL,HIG,0.614419,0.614419,0.878158,True
TEL,TFC,0.614374,0.614374,0.878210,False
MLM,XYL,0.614311,0.614311,0.878281,False
AXP,PNR,0.614260,0.614260,0.878340,False
IP,PRU,0.614255,0.614255,0.878345,False
DRI,MAR,0.614220,0.614220,0.878385,True
GE,HWM,0.614215,0.614215,0.878390,True
CFG,CVX,0.614209,0.614209,0.878398,False
KEY,LYB,0.614202,0.614202,0.878406,False
COF,CPAY,0.614150,0.614150,0.878465,True
HPE,MET,0.614141,0.614141,0.878475,False
HON,TFC,0.614119,0.614119,0.878500,False
FITB,IR,0.614089,0.614089,0.878534,False
HON,SWK,0.614051,0.614051,0.878577,True
C,NSC,0.614040,0.614040,0.878590,False
FITB,SLB,0.614040,0.614040,0.878590,False
CBRE,EMR,0.614038,0.614038,0.878593,False
DOW,RF,0.613995,0.613995,0.878641,False
ACN,INTU,0.613979,0.613979,0.878659,True
BLK,WY,0.613979,0.613979,0.878659,False
MET,SPG,0.613964,0.613964,0.878676,False
ALL,PRU,0.613924,0.613924,0.878722,True
DRI,HLT,0.613922,0.613922,0.878725,True
CBRE,PNR,0.613920,0.613920,0.878726,False
PH,V,0.613918,0.613918,0.878728,False
MAR,TEL,0.613910,0.613910,0.878738,False
IBKR,RJF,0.613896,0.613896,0.878754,True
GE,MET,0.613891,0.613891,0.878759,False
HST,PH,0.613880,0.613880,0.878772,False
PRU,VLO,0.613864,0.613864,0.878790,False
BX,NDSN,0.613848,0.613848,0.878808,False
CFG,KMI,0.613830,0.613830,0.878829,False
CMI,FITB,0.613821,0.613821,0.878838,False
COF,CRH,0.613752,0.613752,0.878918,False
C,SCHW,0.613751,0.613751,0.878918,True
NDSN,PNC,0.613743,0.613743,0.878927,False
ROP,VRSK,0.613726,0.613726,0.878947,False
HBAN,HIG,0.613720,0.613720,0.878953,True
AMP,KIM,0.613717,0.613717,0.878957,False
AEE,PEP,0.613689,0.613689,0.878989,False
IEX,PPG,0.613687,0.613687,0.878991,False
AME,LYB,0.613685,0.613685,0.878994,False
CVX,RF,0.613682,0.613682,0.878997,False
CNP,VICI,0.613643,0.613643,0.879041,False
ETN,HPE,0.613626,0.613626,0.879060,False
PRU,RCL,0.613598,0.613598,0.879093,False
DD,MS,0.613598,0.613598,0.879093,False
CPT,LNT,0.613596,0.613596,0.879095,False
AXP,DIS,0.613595,0.613595,0.879097,False
AIG,HWM,0.613591,0.613591,0.879101,False
BEN,SYF,0.613580,0.613580,0.879113,True
CFG,HWM,0.613580,0.613580,0.879113,False
NTRS,PNR,0.613518,0.613518,0.879184,False
KMI,RF,0.613447,0.613447,0.879265,False
AMP,TRV,0.613402,0.613402,0.879316,True
SPG,TXT,0.613355,0.613355,0.879370,False
MSFT,VRSN,0.613349,0.613349,0.879376,True
EMR,TT,0.613323,0.613323,0.879405,True
LYB,NTRS,0.613310,0.613310,0.879421,False
DOC,PNW,0.613303,0.613303,0.879428,False
BA,SPG,0.613295,0.613295,0.879437,False
CSX,IEX,0.613285,0.613285,0.879449,True
MET,RTX,0.613282,0.613282,0.879452,False
C,UAL,0.613275,0.613275,0.879460,False
DD,HBAN,0.613275,0.613275,0.879460,False
MET,XYL,0.613231,0.613231,0.879510,False
ALLE,IEX,0.613216,0.613216,0.879527,True
TFC,WY,0.613199,0.613199,0.879547,False
MPC,TRGP,0.613165,0.613165,0.879585,True
PCAR,PFG,0.613111,0.613111,0.879647,False
CAT,FCX,0.613042,0.613042,0.879725,False
MET,MPC,0.613019,0.613019,0.879751,False
KKR,PRU,0.613013,0.613013,0.879758,True
ACGL,BRO,0.613001,0.613001,0.879771,True
TROW,WY,0.613000,0.613000,0.879773,False
J,XYL,0.612999,0.612999,0.879774,True
DOV,FRT,0.612990,0.612990,0.879784,False
HUBB,NDSN,0.612983,0.612983,0.879792,True
RJF,SNA,0.612977,0.612977,0.879799,False
ATO,MAA,0.612975,0.612975,0.879801,False
DTE,FE,0.612966,0.612966,0.879811,True
APO,TROW,0.612961,0.612961,0.879817,True
FCX,URI,0.612951,0.612951,0.879829,False
ARES,GS,0.612933,0.612933,0.879849,True
DOC,NI,0.612924,0.612924,0.879859,False
CFG,ITW,0.612864,0.612864,0.879927,False
C,GE,0.612854,0.612854,0.879938,False
ESS,PPL,0.612842,0.612842,0.879952,False
GS,IR,0.612840,0.612840,0.879955,False
RF,WY,0.612839,0.612839,0.879956,False
APO,SYF,0.612804,0.612804,0.879995,True
J,PRU,0.612785,0.612785,0.880017,False
HIG,TDG,0.612744,0.612744,0.880064,False
HST,SYY,0.612739,0.612739,0.880069,False
CFG,PNR,0.612736,0.612736,0.880072,False
GE,PFG,0.612656,0.612656,0.880163,False
DAL,MET,0.612647,0.612647,0.880174,False
CBRE,UDR,0.612638,0.612638,0.880184,True
PAYX,PRU,0.612637,0.612637,0.880185,False
BKR,PRU,0.612624,0.612624,0.880200,False
AME,TFC,0.612621,0.612621,0.880203,False
ALLE,CBRE,0.612619,0.612619,0.880205,False
EMR,FCX,0.612559,0.612559,0.880274,False
DOV,HWM,0.612543,0.612543,0.880292,True
BLK,KEY,0.612519,0.612519,0.880319,True
NEE,PNW,0.612491,0.612491,0.880352,True
PNC,TRV,0.612476,0.612476,0.880368,True
ITW,MA,0.612460,0.612460,0.880387,False
FE,PEG,0.612444,0.612444,0.880405,True
LYB,WAB,0.612437,0.612437,0.880412,False
HPE,PRU,0.612433,0.612433,0.880416,False
STT,TEL,0.612416,0.612416,0.880436,False
HBAN,TEL,0.612408,0.612408,0.880446,False
IR,JCI,0.612405,0.612405,0.880449,True
AME,COF,0.612393,0.612393,0.880462,False
KKR,MET,0.612386,0.612386,0.880470,True
ADP,BRO,0.612375,0.612375,0.880483,False
MCO,TEL,0.612374,0.612374,0.880484,False
AJG,TRV,0.612355,0.612355,0.880506,True
CMI,PNC,0.612345,0.612345,0.880517,False
MET,PCAR,0.612329,0.612329,0.880535,False
BLK,TXT,0.612285,0.612285,0.880585,False
PFG,UNP,0.612279,0.612279,0.880592,False
LIN,PFG,0.612256,0.612256,0.880618,False
PH,SPG,0.612253,0.612253,0.880621,False
APH,KEYS,0.612252,0.612252,0.880622,True
JPM,SNA,0.612237,0.612237,0.880640,False
HST,USB,0.612235,0.612235,0.880642,False
HD,PLD,0.612225,0.612225,0.880653,False
MDLZ,MKC,0.612204,0.612204,0.880677,True
CBRE,NDSN,0.612201,0.612201,0.880680,False
CDW,SWKS,0.612200,0.612200,0.880682,True
GS,XYL,0.612166,0.612166,0.880721,False
NDSN,PFG,0.612109,0.612109,0.880785,False
C,SWK,0.612107,0.612107,0.880787,False
BAC,BXP,0.612102,0.612102,0.880793,False
MA,MET,0.612099,0.612099,0.880796,True
NDSN,ROP,0.612078,0.612078,0.880820,False
KKR,NXPI,0.612073,0.612073,0.880826,False
FRT,WAB,0.612066,0.612066,0.880834,False
DD,URI,0.612065,0.612065,0.880835,False
FCX,TEL,0.612060,0.612060,0.880840,False
SWK,URI,0.612051,0.612051,0.880851,True
ALL,MET,0.612025,0.612025,0.880880,True
HWM,RF,0.611977,0.611977,0.880935,False
BXP,SYF,0.611969,0.611969,0.880944,False
AME,RF,0.611773,0.611773,0.881166,False
KLAC,SNPS,0.611764,0.611764,0.881176,True
AME,SPGI,0.611761,0.611761,0.881180,False
BX,TRMB,0.611755,0.611755,0.881186,False
MCHP,NVDA,0.611727,0.611727,0.881218,True
GLW,PFG,0.611721,0.611721,0.881225,False
L,PAYX,0.611696,0.611696,0.881254,False
EFX,MCO,0.611695,0.611695,0.881255,False
LYB,MTB,0.611636,0.611636,0.881321,False
COF,TDG,0.611633,0.611633,0.881325,False
ES,SRE,0.611620,0.611620,0.881340,True
CCL,WYNN,0.611571,0.611571,0.881396,True
FITB,MPC,0.611566,0.611566,0.881401,False
DOC,PSA,0.611553,0.611553,0.881416,True
LYB,USB,0.611498,0.611498,0.881478,False
COF,SNA,0.611489,0.611489,0.881489,False
BRK-B,WAB,0.611428,0.611428,0.881557,False
CPAY,MET,0.611398,0.611398,0.881591,True
ADI,TROW,0.611395,0.611395,0.881596,False
MPC,OXY,0.611383,0.611383,0.881609,True
PNC,SPG,0.611371,0.611371,0.881622,False
J,URI,0.611371,0.611371,0.881623,True
PPG,RF,0.611363,0.611363,0.881631,False
EMR,STLD,0.611335,0.611335,0.881663,False
CINF,TFC,0.611315,0.611315,0.881686,True
CBRE,MLM,0.611280,0.611280,0.881726,False
ECL,L,0.611278,0.611278,0.881727,False
AVY,PNR,0.611278,0.611278,0.881728,False
BX,PH,0.611263,0.611263,0.881745,False
CRL,TECH,0.611235,0.611235,0.881776,True
EXPD,ITW,0.611198,0.611198,0.881818,True
AIG,AIZ,0.611183,0.611183,0.881836,True
NVDA,SNPS,0.611177,0.611177,0.881843,True
AWK,PEP,0.611158,0.611158,0.881863,False
CFG,IR,0.611145,0.611145,0.881879,False
BXP,COF,0.611143,0.611143,0.881881,False
RJF,TEL,0.611108,0.611108,0.881920,False
GM,KEY,0.611033,0.611033,0.882005,False
TROW,TXN,0.611014,0.611014,0.882028,False
INTU,WDAY,0.611010,0.611010,0.882032,True
FRT,KEY,0.611005,0.611005,0.882038,False
SPG,WAB,0.610987,0.610987,0.882058,False
KLAC,MSFT,0.610962,0.610962,0.882086,True
FTV,RF,0.610953,0.610953,0.882096,False
DD,WAB,0.610947,0.610947,0.882104,False
CINF,PNC,0.610919,0.610919,0.882134,True
DD,TEL,0.610910,0.610910,0.882145,False
BAC,GM,0.610890,0.610890,0.882168,False
BRO,RSG,0.610881,0.610881,0.882178,False
CNP,O,0.610855,0.610855,0.882208,False
PEP,SO,0.610829,0.610829,0.882237,False
PNR,RF,0.610822,0.610822,0.882244,False
GIS,MDLZ,0.610816,0.610816,0.882252,True
FDS,NDAQ,0.610814,0.610814,0.882254,True
FITB,TRV,0.610814,0.610814,0.882254,True
AVGO,ON,0.610798,0.610798,0.882273,True
JPM,KIM,0.610783,0.610783,0.882289,False
BRK-B,EG,0.610773,0.610773,0.882300,True
LNT,UDR,0.610743,0.610743,0.882334,False
FDS,VRSK,0.610732,0.610732,0.882347,False
DOV,VMC,0.610673,0.610673,0.882413,False
PH,UAL,0.610633,0.610633,0.882459,True
APH,GS,0.610628,0.610628,0.882465,False
DOV,FAST,0.610604,0.610604,0.882492,True
AMP,IP,0.610594,0.610594,0.882503,False
GS,UNP,0.610593,0.610593,0.882504,False
BKNG,MA,0.610593,0.610593,0.882504,False
APH,SWKS,0.610562,0.610562,0.882539,True
BKR,EMR,0.610558,0.610558,0.882544,False
IEX,WAB,0.610543,0.610543,0.882561,True
AIG,CVX,0.610515,0.610515,0.882593,False
BAC,FTV,0.610451,0.610451,0.882665,False
BRK-B,SNA,0.610450,0.610450,0.882666,False
IEX,TROW,0.610431,0.610431,0.882688,False
MLM,SYF,0.610380,0.610380,0.882746,False
ARES,RJF,0.610368,0.610368,0.882759,True
CPRT,MCO,0.610354,0.610354,0.882775,False
ARES,AXP,0.610282,0.610282,0.882856,True
C,MGM,0.610260,0.610260,0.882881,False
ACGL,RJF,0.610260,0.610260,0.882882,True
HPE,PFG,0.610237,0.610237,0.882907,False
CSX,RF,0.610226,0.610226,0.882920,False
CINF,JPM,0.610194,0.610194,0.882957,True
FITB,HAL,0.610135,0.610135,0.883023,False
NVDA,NXPI,0.610119,0.610119,0.883042,True
IVZ,XYL,0.610094,0.610094,0.883070,False
DLR,PLD,0.610091,0.610091,0.883073,True
EXC,KO,0.610089,0.610089,0.883076,False
AXP,CMI,0.610081,0.610081,0.883084,False
COF,ETN,0.610062,0.610062,0.883105,False
PAYX,TROW,0.610028,0.610028,0.883144,False
KEYS,NXPI,0.610023,0.610023,0.883150,True
AMAT,MSFT,0.609974,0.609974,0.883206,True
BAC,HWM,0.609937,0.609937,0.883247,False
BEN,TXT,0.609925,0.609925,0.883261,False
TXT,WY,0.609915,0.609915,0.883273,False
JCI,WAB,0.609911,0.609911,0.883276,True
BA,NCLH,0.609882,0.609882,0.883310,False
DRI,TDG,0.609857,0.609857,0.883338,False
CFG,FTV,0.609811,0.609811,0.883390,False
L,XYL,0.609804,0.609804,0.883399,False
AXP,CSX,0.609792,0.609792,0.883412,False
MGM,PRU,0.609776,0.609776,0.883430,False
COP,EMR,0.609769,0.609769,0.883437,False
CTAS,FTV,0.609753,0.609753,0.883456,True
AMP,MPC,0.609702,0.609702,0.883513,False
C,STLD,0.609675,0.609675,0.883543,False
BA,PFG,0.609675,0.609675,0.883544,False
AVY,MET,0.609666,0.609666,0.883555,False
GM,PNC,0.609652,0.609652,0.883570,False
DOV,ECL,0.609650,0.609650,0.883572,False
CFG,SNA,0.609647,0.609647,0.883575,False
AME,BX,0.609633,0.609633,0.883592,False
PRU,XOM,0.609627,0.609627,0.883598,False
BAC,WY,0.609612,0.609612,0.883616,False
DOW,FITB,0.609608,0.609608,0.883620,False
KEY,TEL,0.609574,0.609574,0.883658,False
BAC,UNP,0.609515,0.609515,0.883725,False
ADP,ROP,0.609475,0.609475,0.883770,False
AXP,NCLH,0.609471,0.609471,0.883775,False
C,SLB,0.609420,0.609420,0.883833,False
BLK,TRMB,0.609410,0.609410,0.883844,False
CVX,MET,0.609393,0.609393,0.883863,False
CDW,JBL,0.609349,0.609349,0.883913,True
INVH,PPL,0.609326,0.609326,0.883939,False
CMI,PPG,0.609312,0.609312,0.883955,False
PFG,VLO,0.609288,0.609288,0.883981,False
PAYX,RSG,0.609259,0.609259,0.884014,True
ESS,VICI,0.609193,0.609193,0.884089,True
AFL,RJF,0.609142,0.609142,0.884147,True
PFG,TRV,0.609132,0.609132,0.884158,True
BRK-B,RSG,0.609125,0.609125,0.884166,False
LEN,SWK,0.609125,0.609125,0.884166,False
SWK,TXT,0.609113,0.609113,0.884180,True
AXP,BA,0.609105,0.609105,0.884188,False
FRT,MET,0.609088,0.609088,0.884208,False
ALLE,PFG,0.609058,0.609058,0.884242,False
FANG,TPL,0.609048,0.609048,0.884254,True
BRK-B,CVX,0.609025,0.609025,0.884279,False
ITW,TFC,0.608973,0.608973,0.884338,False
NUE,URI,0.608955,0.608955,0.884359,False
CCL,EXPE,0.608949,0.608949,0.884365,True
INTU,MSCI,0.608940,0.608940,0.884376,False
TDG,WELL,0.608937,0.608937,0.884379,False
NSC,RF,0.608933,0.608933,0.884383,False
AIG,ALL,0.608918,0.608918,0.884401,True
CBRE,PPG,0.608891,0.608891,0.884431,False
APH,ZBRA,0.608846,0.608846,0.884481,True
MSFT,SPGI,0.608836,0.608836,0.884493,False
EVRG,UDR,0.608796,0.608796,0.884538,False
AME,CRH,0.608792,0.608792,0.884543,False
CB,FITB,0.608786,0.608786,0.884550,True
DD,JPM,0.608772,0.608772,0.884566,False
ADI,NDSN,0.608767,0.608767,0.884571,False
CNP,DOC,0.608764,0.608764,0.884574,False
HON,IR,0.608740,0.608740,0.884602,True
APTV,MAR,0.608732,0.608732,0.884610,True
APO,PH,0.608712,0.608712,0.884633,False
GPC,WY,0.608696,0.608696,0.884652,False
BAC,SNA,0.608664,0.608664,0.884688,False
DOV,MCHP,0.608654,0.608654,0.884699,False
WAB,XYL,0.608652,0.608652,0.884701,True
AIG,AME,0.608642,0.608642,0.884712,False
HIG,USB,0.608589,0.608589,0.884772,True
LYV,NCLH,0.608577,0.608577,0.884785,False
HUBB,PRU,0.608565,0.608565,0.884799,False
DD,TXT,0.608530,0.608530,0.884839,False
CCL,PFG,0.608494,0.608494,0.884879,False
AMAT,KEYS,0.608491,0.608491,0.884883,True
AMP,RTX,0.608491,0.608491,0.884883,False
HIG,OKE,0.608457,0.608457,0.884922,False
GPC,PH,0.608397,0.608397,0.884989,False
DUK,RSG,0.608389,0.608389,0.884998,False
BAC,CVX,0.608349,0.608349,0.885043,False
IR,RJF,0.608345,0.608345,0.885047,False
LYB,STT,0.608340,0.608340,0.885054,False
MET,UNP,0.608319,0.608319,0.885077,False
L,XOM,0.608277,0.608277,0.885125,False
L,MLM,0.608258,0.608258,0.885146,False
IQV,LH,0.608236,0.608236,0.885171,True
MA,MS,0.608230,0.608230,0.885178,True
DRI,PFG,0.608216,0.608216,0.885194,False
BRK-B,ROP,0.608215,0.608215,0.885194,False
CPAY,MS,0.608175,0.608175,0.885240,True
JCI,PFG,0.608172,0.608172,0.885243,False
HWM,MS,0.608151,0.608151,0.885267,False
KMI,OXY,0.608075,0.608075,0.885353,True
CBRE,REG,0.608060,0.608060,0.885370,True
C,UNP,0.608056,0.608056,0.885374,False
BXP,MET,0.608046,0.608046,0.885386,False
BA,SYF,0.608031,0.608031,0.885403,False
APTV,RF,0.608029,0.608029,0.885405,False
JPM,XYL,0.608020,0.608020,0.885416,False
SNA,XYL,0.608015,0.608015,0.885421,True
RF,STLD,0.608008,0.608008,0.885429,False
A,CRL,0.608008,0.608008,0.885429,True
JBL,ON,0.608006,0.608006,0.885431,True
PFG,TJX,0.607999,0.607999,0.885439,False
HD,LEN,0.607985,0.607985,0.885455,True
DAL,MS,0.607969,0.607969,0.885472,False
MGM,WAB,0.607940,0.607940,0.885506,False
GE,JPM,0.607931,0.607931,0.885515,False
PRU,TJX,0.607913,0.607913,0.885536,False
EOG,TPL,0.607865,0.607865,0.885591,True
ESS,EXR,0.607865,0.607865,0.885591,True
IR,RF,0.607844,0.607844,0.885614,False
BAC,CPAY,0.607832,0.607832,0.885627,True
CRH,WAB,0.607829,0.607829,0.885631,False
BRK-B,DTE,0.607817,0.607817,0.885644,False
IVZ,PNR,0.607798,0.607798,0.885666,False
AIG,FRT,0.607781,0.607781,0.885685,False
GWW,IEX,0.607769,0.607769,0.885699,True
IQV,ZTS,0.607757,0.607757,0.885712,True
EME,PH,0.607738,0.607738,0.885733,True
APO,C,0.607734,0.607734,0.885738,True
CAT,L,0.607720,0.607720,0.885754,False
BLK,ROK,0.607691,0.607691,0.885787,False
AOS,PNR,0.607658,0.607658,0.885824,True
ETN,STT,0.607648,0.607648,0.885835,False
KO,RSG,0.607645,0.607645,0.885839,False
CFG,SLB,0.607642,0.607642,0.885842,False
L,PPL,0.607640,0.607640,0.885844,False
LIN,PRU,0.607632,0.607632,0.885853,False
HAL,TPL,0.607627,0.607627,0.885859,True
CMI,JPM,0.607615,0.607615,0.885872,False
CPAY,PNC,0.607602,0.607602,0.885887,True
AIG,URI,0.607582,0.607582,0.885910,False
IP,LYB,0.607578,0.607578,0.885914,True
FTV,NTRS,0.607526,0.607526,0.885973,False
BRK-B,DD,0.607513,0.607513,0.885988,False
MLM,PNR,0.607507,0.607507,0.885995,False
NSC,XYL,0.607493,0.607493,0.886011,True
SWK,TFC,0.607434,0.607434,0.886076,False
CPT,ETR,0.607427,0.607427,0.886084,False
PLD,VICI,0.607406,0.607406,0.886109,True
MSCI,NDAQ,0.607387,0.607387,0.886130,True
CSX,LYB,0.607385,0.607385,0.886132,False
GS,HIG,0.607381,0.607381,0.886136,True
CVX,JPM,0.607380,0.607380,0.886137,False
ALLE,SNA,0.607378,0.607378,0.886140,True
AMP,DE,0.607363,0.607363,0.886157,False
BEN,WFC,0.607352,0.607352,0.886169,True
HPQ,NXPI,0.607325,0.607325,0.886199,True
CINF,RJF,0.607307,0.607307,0.886220,True
DAL,FITB,0.607258,0.607258,0.886276,False
AVGO,TXN,0.607245,0.607245,0.886290,True
DOV,JBL,0.607240,0.607240,0.886296,False
FDX,UPS,0.607232,0.607232,0.886305,True
BAC,DOW,0.607225,0.607225,0.886313,False
HAL,MET,0.607223,0.607223,0.886315,False
BA,CCL,0.607207,0.607207,0.886333,False
CVX,PH,0.607193,0.607193,0.886349,False
APH,TER,0.607176,0.607176,0.886368,True
ITW,LYB,0.607156,0.607156,0.886390,False
NDSN,TRMB,0.607147,0.607147,0.886400,False
CPT,DUK,0.607038,0.607038,0.886524,False
HST,WYNN,0.607035,0.607035,0.886527,False
BA,RTX,0.607032,0.607032,0.886530,True
ADP,LIN,0.607021,0.607021,0.886543,False
BAC,IR,0.607016,0.607016,0.886548,False
DOC,ETR,0.607012,0.607012,0.886552,False
NDSN,PCAR,0.607008,0.607008,0.886557,True
ALLE,WY,0.607004,0.607004,0.886561,False
AXP,DD,0.606994,0.606994,0.886573,False
NDSN,PAYX,0.606970,0.606970,0.886600,True
AMT,DUK,0.606905,0.606905,0.886673,False
LYB,PPG,0.606901,0.606901,0.886678,True
UAL,WYNN,0.606893,0.606893,0.886687,False
COP,TPL,0.606889,0.606889,0.886692,True
AME,IVZ,0.606863,0.606863,0.886721,False
AMP,GWW,0.606768,0.606768,0.886828,False
CMI,RJF,0.606760,0.606760,0.886837,False
C,KMI,0.606736,0.606736,0.886864,False
AFL,ITW,0.606734,0.606734,0.886866,False
MS,V,0.606721,0.606721,0.886881,True
CBRE,HST,0.606716,0.606716,0.886887,True
MET,REG,0.606688,0.606688,0.886918,False
SPG,TFC,0.606670,0.606670,0.886938,False
APH,BX,0.606661,0.606661,0.886949,False
MAA,SO,0.606659,0.606659,0.886951,False
AIG,GD,0.606629,0.606629,0.886984,False
HBAN,TROW,0.606610,0.606610,0.887006,True
FITB,STLD,0.606554,0.606554,0.887070,False
AXP,HUBB,0.606545,0.606545,0.887080,False
HON,TROW,0.606544,0.606544,0.887081,False
APA,KMI,0.606540,0.606540,0.887086,True
C,CCL,0.606514,0.606514,0.887114,False
RF,UAL,0.606513,0.606513,0.887115,False
DTE,KO,0.606493,0.606493,0.887138,False
NOW,TYL,0.606481,0.606481,0.887152,True
DOW,ITW,0.606477,0.606477,0.887156,False
HPQ,TEL,0.606463,0.606463,0.887172,True
JCI,PRU,0.606455,0.606455,0.887181,False
CRH,FITB,0.606451,0.606451,0.887186,False
RF,UNP,0.606444,0.606444,0.887194,False
CNP,EIX,0.606442,0.606442,0.887196,True
FITB,MLM,0.606440,0.606440,0.887198,False
NSC,TEL,0.606398,0.606398,0.887245,False
GM,HBAN,0.606384,0.606384,0.887261,False
AXP,OMC,0.606378,0.606378,0.887268,False
LIN,MCO,0.606374,0.606374,0.887272,False
AMP,JBL,0.606365,0.606365,0.887283,False
AMP,IBKR,0.606353,0.606353,0.887296,True
AME,DD,0.606287,0.606287,0.887370,False
AJG,MCO,0.606249,0.606249,0.887413,True
IEX,ROP,0.606231,0.606231,0.887433,False
PCAR,WAB,0.606193,0.606193,0.887476,True
AIZ,ALL,0.606184,0.606184,0.887486,True
LYB,URI,0.606153,0.606153,0.887522,False
TRMB,ZBRA,0.606131,0.606131,0.887546,True
CFG,PPG,0.606128,0.606128,0.887549,False
DOW,PNC,0.606124,0.606124,0.887554,False
MA,MSFT,0.606119,0.606119,0.887560,False
ADI,AME,0.606089,0.606089,0.887593,False
DE,ITW,0.606077,0.606077,0.887607,True
ADP,BLK,0.606074,0.606074,0.887611,False
DOV,SPG,0.606057,0.606057,0.887629,False
DD,LIN,0.606057,0.606057,0.887630,True
MAR,RF,0.606043,0.606043,0.887645,False
CMI,RF,0.606026,0.606026,0.887665,False
CTSH,TEL,0.606014,0.606014,0.887678,True
FRT,TFC,0.605984,0.605984,0.887712,False
FTV,IQV,0.605965,0.605965,0.887733,False
MCO,PAYX,0.605961,0.605961,0.887738,False
NUE,PH,0.605921,0.605921,0.887782,False
CFG,STLD,0.605918,0.605918,0.887786,False
HIG,WFC,0.605911,0.605911,0.887794,True
EMR,WY,0.605903,0.605903,0.887803,False
ATO,EIX,0.605875,0.605875,0.887834,True
ETN,SWK,0.605865,0.605865,0.887846,True
MU,ON,0.605849,0.605849,0.887863,True
BX,TEL,0.605835,0.605835,0.887879,False
HLT,TEL,0.605827,0.605827,0.887889,False
MCO,SYK,0.605826,0.605826,0.887889,False
CFG,HAL,0.605787,0.605787,0.887933,False
HIG,UHS,0.605761,0.605761,0.887963,False
CMI,DE,0.605754,0.605754,0.887970,True
PNR,TXT,0.605753,0.605753,0.887972,True
GS,JBL,0.605721,0.605721,0.888008,False
EMR,NUE,0.605688,0.605688,0.888045,False
FTV,PNC,0.605639,0.605639,0.888100,False
CAT,CFG,0.605639,0.605639,0.888100,False
D,FE,0.605638,0.605638,0.888102,True
IR,JPM,0.605634,0.605634,0.888106,False
GLW,TROW,0.605632,0.605632,0.888108,False
ROP,RSG,0.605609,0.605609,0.888134,False
IQV,WAT,0.605608,0.605608,0.888135,True
FTV,TDY,0.605599,0.605599,0.888145,False
ED,FE,0.605592,0.605592,0.888153,True
CAT,NUE,0.605567,0.605567,0.888182,False
SPGI,SYK,0.605530,0.605530,0.888223,False
AME,TRMB,0.605527,0.605527,0.888227,False
PRU,SYY,0.605508,0.605508,0.888248,False
GM,MET,0.605484,0.605484,0.888274,False
MTB,WAB,0.605480,0.605480,0.888279,False
KMI,PFG,0.605480,0.605480,0.888279,False
AFL,CINF,0.605461,0.605461,0.888301,True
JPM,SPG,0.605454,0.605454,0.888309,False
NDSN,TXT,0.605442,0.605442,0.888322,True
DE,EMR,0.605422,0.605422,0.888345,True
CAT,SYF,0.605411,0.605411,0.888357,False
GE,TXT,0.605379,0.605379,0.888392,True
CDW,NDSN,0.605375,0.605375,0.888398,False
MPWR,MSFT,0.605357,0.605357,0.888418,True
DRI,FITB,0.605316,0.605316,0.888464,False
MAS,MCO,0.605312,0.605312,0.888468,False
AME,CFG,0.605292,0.605292,0.888491,False
AFL,EMR,0.605255,0.605255,0.888532,False
IR,STT,0.605246,0.605246,0.888543,False
AFL,LYB,0.605228,0.605228,0.888563,False
NDAQ,PAYX,0.605203,0.605203,0.888591,False
SPGI,VRSN,0.605182,0.605182,0.888615,False
DD,PNR,0.605177,0.605177,0.888621,False
FITB,UAL,0.605131,0.605131,0.888672,False
CAT,FITB,0.605130,0.605130,0.888673,False
APH,WDC,0.605121,0.605121,0.888683,True
MA,ROP,0.605102,0.605102,0.888704,False
DOW,SWK,0.605100,0.605100,0.888707,False
BA,TDG,0.605081,0.605081,0.888728,True
ACN,MSFT,0.605078,0.605078,0.888732,True
FTV,TXT,0.605055,0.605055,0.888757,True
IR,PNC,0.605036,0.605036,0.888778,False
BAC,FRT,0.605018,0.605018,0.888799,False
AIG,DAL,0.605011,0.605011,0.888807,False
HUBB,SWK,0.605010,0.605010,0.888808,True
DTE,RSG,0.605004,0.605004,0.888814,False
PRU,UAL,0.604975,0.604975,0.888847,False
JCI,SYF,0.604972,0.604972,0.888851,False
TDG,TEL,0.604910,0.604910,0.888921,False
CMI,STT,0.604893,0.604893,0.888940,False
DAL,HBAN,0.604886,0.604886,0.888948,False
L,V,0.604883,0.604883,0.888951,True
DOW,L,0.604868,0.604868,0.888968,False
FITB,PSX,0.604857,0.604857,0.888981,False
BLK,HUBB,0.604853,0.604853,0.888985,False
AVY,L,0.604850,0.604850,0.888988,False
CDNS,QCOM,0.604827,0.604827,0.889014,True
CDNS,MCHP,0.604797,0.604797,0.889048,True
NTRS,XYL,0.604791,0.604791,0.889055,False
DOV,ROP,0.604789,0.604789,0.889057,False
MPC,RF,0.604782,0.604782,0.889065,False
TT,URI,0.604771,0.604771,0.889077,True
EXC,INVH,0.604749,0.604749,0.889102,False
EXC,MAA,0.604745,0.604745,0.889106,False
APTV,URI,0.604734,0.604734,0.889118,False
BKNG,NCLH,0.604719,0.604719,0.889136,True
BX,COF,0.604718,0.604718,0.889137,True
BAC,SPG,0.604713,0.604713,0.889143,False
MLM,PPG,0.604711,0.604711,0.889145,True
COST,WMT,0.604706,0.604706,0.889150,True
AMD,CDNS,0.604705,0.604705,0.889152,True
BEN,KEY,0.604697,0.604697,0.889161,True
DTE,MCD,0.604690,0.604690,0.889168,False
PNC,REG,0.604683,0.604683,0.889175,False
ADI,JBL,0.604671,0.604671,0.889190,True
DAL,RF,0.604627,0.604627,0.889239,False
MAR,WAB,0.604617,0.604617,0.889250,False
AMP,SYK,0.604599,0.604599,0.889271,False
APH,NDSN,0.604567,0.604567,0.889307,False
BLK,LOW,0.604529,0.604529,0.889349,False
BLK,MSCI,0.604516,0.604516,0.889364,True
HON,TDY,0.604508,0.604508,0.889373,False
BRK-B,TEL,0.604484,0.604484,0.889400,False
DD,GS,0.604454,0.604454,0.889433,False
KEYS,MPWR,0.604452,0.604452,0.889436,True
AXP,SYK,0.604447,0.604447,0.889442,False
FICO,MCO,0.604440,0.604440,0.889449,False
LYV,SPG,0.604434,0.604434,0.889456,False
CB,GD,0.604421,0.604421,0.889471,False
L,MA,0.604408,0.604408,0.889485,True
NTRS,TEL,0.604362,0.604362,0.889537,False
JBL,URI,0.604361,0.604361,0.889539,False
IR,SNA,0.604356,0.604356,0.889544,True
HIG,WELL,0.604351,0.604351,0.889550,False
GOOG,META,0.604343,0.604343,0.889559,True
FRT,PH,0.604288,0.604288,0.889620,False
CNP,FE,0.604246,0.604246,0.889668,True
DD,STT,0.604233,0.604233,0.889681,False
HON,TDG,0.604214,0.604214,0.889703,True
BLK,MSFT,0.604212,0.604212,0.889706,False
RF,TROW,0.604197,0.604197,0.889722,True
MSCI,MSFT,0.604188,0.604188,0.889732,False
BEN,COF,0.604165,0.604165,0.889758,True
CTAS,PFG,0.604154,0.604154,0.889771,False
MLM,WAB,0.604150,0.604150,0.889776,False
AME,USB,0.604133,0.604133,0.889795,False
MCO,WY,0.604116,0.604116,0.889813,False
CDNS,TXN,0.604097,0.604097,0.889835,True
LUV,RCL,0.604086,0.604086,0.889847,False
AXP,NSC,0.604080,0.604080,0.889854,False
MPC,PH,0.604060,0.604060,0.889876,False
PNC,XYL,0.604047,0.604047,0.889891,False
ACN,TROW,0.604045,0.604045,0.889894,False
CCI,LNT,0.604030,0.604030,0.889910,False
FITB,NDSN,0.604003,0.604003,0.889941,False
PFG,SYY,0.603999,0.603999,0.889944,False
EMR,J,0.603992,0.603992,0.889953,True
DHI,WY,0.603981,0.603981,0.889965,False
CFG,UAL,0.603963,0.603963,0.889986,False
BRK-B,URI,0.603963,0.603963,0.889986,False
IEX,TXT,0.603957,0.603957,0.889992,True
TRGP,XOM,0.603951,0.603951,0.889999,True
NEE,PPL,0.603935,0.603935,0.890017,True
GOOGL,META,0.603930,0.603930,0.890022,True
DAL,WYNN,0.603919,0.603919,0.890035,False
GS,NDSN,0.603891,0.603891,0.890067,False
JPM,REG,0.603880,0.603880,0.890079,False
JPM,TRV,0.603873,0.603873,0.890087,True
HUBB,PFG,0.603850,0.603850,0.890113,False
HBAN,ITW,0.603846,0.603846,0.890117,False
ESS,PNW,0.603833,0.603833,0.890131,False
CAT,NSC,0.603826,0.603826,0.890139,True
AVY,MAS,0.603817,0.603817,0.890149,False
PAYX,ROP,0.603738,0.603738,0.890239,False
MTB,SNA,0.603726,0.603726,0.890252,False
GLW,NTRS,0.603719,0.603719,0.890260,False
KIM,TXT,0.603708,0.603708,0.890272,False
BLK,ICE,0.603681,0.603681,0.890302,True
BRK-B,PNR,0.603665,0.603665,0.890320,False
CHD,KMB,0.603662,0.603662,0.890323,True
CRH,IR,0.603629,0.603629,0.890361,False
AVY,SWK,0.603616,0.603616,0.890375,False
FTV,MET,0.603597,0.603597,0.890396,False
APH,TROW,0.603571,0.603571,0.890426,False
CTAS,O,0.603559,0.603559,0.890439,False
CCI,DLR,0.603519,0.603519,0.890485,True
ESS,WY,0.603511,0.603511,0.890493,True
EW,SYK,0.603507,0.603507,0.890498,True
ALLE,PAYX,0.603434,0.603434,0.890580,True
CRH,PRU,0.603429,0.603429,0.890586,False
SWK,WAB,0.603427,0.603427,0.890588,True
AVY,PH,0.603424,0.603424,0.890591,False
CNP,ES,0.603397,0.603397,0.890621,True
TRMB,URI,0.603381,0.603381,0.890639,False
KMI,VLO,0.603377,0.603377,0.890643,True
DE,MET,0.603308,0.603308,0.890721,False
J,TROW,0.603300,0.603300,0.890729,False
AME,HD,0.603291,0.603291,0.890740,False
APH,ROK,0.603281,0.603281,0.890752,False
CAT,NTRS,0.603267,0.603267,0.890767,False
JCI,TXT,0.603259,0.603259,0.890776,True
AVGO,TEL,0.603239,0.603239,0.890799,True
LRCX,MSFT,0.603231,0.603231,0.890807,True
BLK,TXN,0.603230,0.603230,0.890809,False
BEN,EMR,0.603214,0.603214,0.890826,False
APH,ARES,0.603172,0.603172,0.890874,False
ADP,HD,0.603163,0.603163,0.890884,False
MGM,TDG,0.603162,0.603162,0.890885,False
EVRG,KO,0.603138,0.603138,0.890912,False
BX,PNR,0.603137,0.603137,0.890913,False
C,PPG,0.603130,0.603130,0.890921,False
CPT,PNW,0.603130,0.603130,0.890921,False
DOV,MA,0.603062,0.603062,0.890998,False
AMP,MCHP,0.603029,0.603029,0.891035,False
MCO,MS,0.602980,0.602980,0.891090,True
C,CMI,0.602976,0.602976,0.891094,False
NCLH,SPG,0.602976,0.602976,0.891094,False
CSX,URI,0.602967,0.602967,0.891104,True
PPG,WAB,0.602926,0.602926,0.891150,False
AXP,LYV,0.602925,0.602925,0.891151,False
ACN,LIN,0.602918,0.602918,0.891159,False
ETR,UDR,0.602913,0.602913,0.891165,False
AME,APO,0.602911,0.602911,0.891167,False
PCAR,TXT,0.602903,0.602903,0.891176,True
ETN,PNC,0.602889,0.602889,0.891191,False
ROK,TROW,0.602863,0.602863,0.891220,False
APO,ETN,0.602843,0.602843,0.891243,False
ITW,V,0.602819,0.602819,0.891270,False
J,L,0.602813,0.602813,0.891276,False
RJF,WRB,0.602806,0.602806,0.891285,True
DD,NDSN,0.602793,0.602793,0.891299,False
CDNS,TER,0.602765,0.602765,0.891330,True
C,DOW,0.602743,0.602743,0.891355,False
PH,TRMB,0.602724,0.602724,0.891376,False
WY,XYL,0.602708,0.602708,0.891394,False
ETN,NSC,0.602693,0.602693,0.891411,True
CBRE,KKR,0.602686,0.602686,0.891419,False
JPM,V,0.602684,0.602684,0.891421,True
AMAT,SNPS,0.602645,0.602645,0.891465,True
FTV,LIN,0.602643,0.602643,0.891468,False
DRI,HIG,0.602641,0.602641,0.891469,False
MCHP,ZBRA,0.602570,0.602570,0.891549,True
BXP,INVH,0.602566,0.602566,0.891554,True
FRT,MTB,0.602512,0.602512,0.891615,False
CFG,CMI,0.602481,0.602481,0.891649,False
CSX,PAYX,0.602476,0.602476,0.891655,True
NUE,PRU,0.602457,0.602457,0.891676,False
J,PFG,0.602452,0.602452,0.891682,False
ECL,SHW,0.602422,0.602422,0.891715,True
MTB,URI,0.602409,0.602409,0.891730,False
CB,JPM,0.602402,0.602402,0.891738,True
MS,ROK,0.602394,0.602394,0.891747,False
FAST,NDSN,0.602386,0.602386,0.891756,True
GLW,RJF,0.602383,0.602383,0.891759,False
FTV,NXPI,0.602373,0.602373,0.891770,False
DOW,IVZ,0.602348,0.602348,0.891799,False
CRH,JPM,0.602331,0.602331,0.891817,False
INTU,ISRG,0.602304,0.602304,0.891848,False
JPM,WRB,0.602290,0.602290,0.891863,True
GM,MS,0.602270,0.602270,0.891885,False
RCL,SYF,0.602192,0.602192,0.891973,False
DD,TFC,0.602191,0.602191,0.891974,False
BRK-B,CPAY,0.602183,0.602183,0.891984,True
INTU,TYL,0.602169,0.602169,0.891999,True
AIG,CBRE,0.602166,0.602166,0.892003,False
VRSK,VRSN,0.602131,0.602131,0.892041,False
MPC,WMB,0.602099,0.602099,0.892077,True
ALLE,HON,0.602055,0.602055,0.892127,True
COF,CSX,0.602043,0.602043,0.892141,False
APTV,FTV,0.602028,0.602028,0.892157,False
ACN,ROP,0.602027,0.602027,0.892158,True
NXPI,URI,0.602018,0.602018,0.892168,False
EXC,RSG,0.602008,0.602008,0.892179,False
C,HUBB,0.601990,0.601990,0.892200,False
BLDR,PNR,0.601982,0.601982,0.892208,True
PRU,V,0.601975,0.601975,0.892217,True
BRK-B,IEX,0.601962,0.601962,0.892231,False
C,HAL,0.601912,0.601912,0.892287,False
KMI,PRU,0.601910,0.601910,0.892290,False
IQV,NDSN,0.601900,0.601900,0.892300,False
CMI,HBAN,0.601897,0.601897,0.892304,False
CSX,XYL,0.601887,0.601887,0.892315,True
TROW,WFC,0.601853,0.601853,0.892353,True
KKR,PNC,0.601852,0.601852,0.892355,True
BXP,DOV,0.601813,0.601813,0.892398,False
APA,TPL,0.601812,0.601812,0.892399,True
ACN,AME,0.601794,0.601794,0.892419,False
CSX,RJF,0.601766,0.601766,0.892450,False
RSG,VRSK,0.601763,0.601763,0.892454,True
HBAN,SPG,0.601763,0.601763,0.892454,False
BX,PFG,0.601748,0.601748,0.892471,True
MET,TPR,0.601737,0.601737,0.892483,False
ALLE,J,0.601726,0.601726,0.892495,True
STE,SYK,0.601712,0.601712,0.892511,True
GM,MGM,0.601704,0.601704,0.892520,True
MET,SLB,0.601699,0.601699,0.892525,False
CMS,CPT,0.601695,0.601695,0.892530,False
GS,LYB,0.601688,0.601688,0.892537,False
MSFT,SNPS,0.601623,0.601623,0.892611,True
FTV,KKR,0.601616,0.601616,0.892619,False
ADI,KKR,0.601609,0.601609,0.892627,False
HBAN,PSX,0.601607,0.601607,0.892629,False
BA,PH,0.601585,0.601585,0.892653,True
ALLE,PRU,0.601541,0.601541,0.892703,False
AMD,TER,0.601524,0.601524,0.892722,True
EXPE,UAL,0.601510,0.601510,0.892738,False
AME,CPRT,0.601508,0.601508,0.892740,True
CMI,COF,0.601493,0.601493,0.892756,False
C,IR,0.601479,0.601479,0.892772,False
ADI,AMP,0.601466,0.601466,0.892787,False
ARE,WY,0.601386,0.601386,0.892876,True
SWK,USB,0.601355,0.601355,0.892911,False
OMC,TXT,0.601351,0.601351,0.892916,False
AMT,SO,0.601350,0.601350,0.892916,False
TXT,UNP,0.601347,0.601347,0.892919,True
KIM,MAR,0.601336,0.601336,0.892933,False
ADSK,CRM,0.601334,0.601334,0.892935,True
TECH,WAT,0.601317,0.601317,0.892953,True
ETN,NTRS,0.601282,0.601282,0.892993,False
MET,PPG,0.601277,0.601277,0.892999,False
GE,MS,0.601250,0.601250,0.893029,False
AVY,PFG,0.601212,0.601212,0.893071,False
KMI,PH,0.601204,0.601204,0.893080,False
MCO,SHW,0.601185,0.601185,0.893101,False
CSX,TEL,0.601150,0.601150,0.893140,False
AZO,GPC,0.601130,0.601130,0.893163,True
PCAR,SNA,0.601087,0.601087,0.893211,True
ADI,MSFT,0.601086,0.601086,0.893212,True
BA,C,0.601063,0.601063,0.893238,False
CBRE,URI,0.601048,0.601048,0.893255,False
CMI,ROK,0.601025,0.601025,0.893280,True
COF,TPR,0.601011,0.601011,0.893296,False
DOV,MTB,0.600947,0.600947,0.893368,False
MAA,XEL,0.600934,0.600934,0.893382,False
MA,TEL,0.600930,0.600930,0.893387,False
MAS,TEL,0.600922,0.600922,0.893396,False
GLW,ITW,0.600870,0.600870,0.893453,False
HWM,URI,0.600867,0.600867,0.893458,True
IR,SYF,0.600850,0.600850,0.893477,False
UNP,URI,0.600793,0.600793,0.893540,True
IR,PPG,0.600784,0.600784,0.893551,False
CSX,TROW,0.600746,0.600746,0.893593,False
BXP,WELL,0.600730,0.600730,0.893610,True
AME,TDY,0.600729,0.600729,0.893612,False
KEY,UNP,0.600724,0.600724,0.893617,False
JCI,MET,0.600701,0.600701,0.893643,False
IEX,PCAR,0.600647,0.600647,0.893704,True
ECL,PAYX,0.600611,0.600611,0.893744,False
BX,SYF,0.600598,0.600598,0.893759,True
CFG,CSX,0.600595,0.600595,0.893761,False
ADI,FTV,0.600595,0.600595,0.893762,False
HWM,RJF,0.600565,0.600565,0.893795,False
FRT,JPM,0.600552,0.600552,0.893810,False
PFG,V,0.600529,0.600529,0.893835,True
OXY,VLO,0.600526,0.600526,0.893839,True
INTU,SPGI,0.600526,0.600526,0.893839,False
BXP,PLD,0.600510,0.600510,0.893857,True
AIG,HST,0.600505,0.600505,0.893863,False
CTAS,TT,0.600487,0.600487,0.893882,True
LYB,NSC,0.600467,0.600467,0.893905,False
CAT,USB,0.600461,0.600461,0.893912,False
HON,NTRS,0.600435,0.600435,0.893941,False
JBL,MS,0.600430,0.600430,0.893947,False
C,DD,0.600415,0.600415,0.893963,False
DOW,HBAN,0.600367,0.600367,0.894016,False
ACN,MSCI,0.600363,0.600363,0.894022,False
DD,RJF,0.600360,0.600360,0.894025,False
BAC,HPE,0.600339,0.600339,0.894048,False
HON,MLM,0.600322,0.600322,0.894068,False
MET,TJX,0.600298,0.600298,0.894094,False
PCAR,TEL,0.600272,0.600272,0.894123,False
AMP,NDAQ,0.600244,0.600244,0.894154,True
CDNS,KEYS,0.600241,0.600241,0.894158,True
COF,GPN,0.600239,0.600239,0.894160,True
CDW,PH,0.600228,0.600228,0.894173,False
URI,WY,0.600225,0.600225,0.894176,False
NDSN,SHW,0.600223,0.600223,0.894178,False
ADSK,WDAY,0.600221,0.600221,0.894180,True
QCOM,TEL,0.600219,0.600219,0.894182,True
CBRE,TXT,0.600211,0.600211,0.894192,False
LNT,PEP,0.600166,0.600166,0.894241,False
PFG,TPR,0.600144,0.600144,0.894267,False
PWR,TT,0.600140,0.600140,0.894271,True
CNP,MAA,0.600133,0.600133,0.894278,False
DOW,MS,0.600120,0.600120,0.894293,False
DTE,INVH,0.600065,0.600065,0.894354,False
BKR,PFG,0.600045,0.600045,0.894377,False
DE,PRU,0.600029,0.600029,0.894395,False
MCO,PH,0.600029,0.600029,0.894395,False
GS,SWK,0.600011,0.600011,0.894415,False
C,MAR,0.600004,0.600004,0.894423,False
MAR,URI,0.600001,0.600001,0.894426,False
CSX,TFC,0.599982,0.599982,0.894447,False
ESS,NI,0.599971,0.599971,0.894460,False
PEP,WEC,0.599956,0.599956,0.894476,False
HST,LYB,0.599939,0.599939,0.894495,False
HLT,PFG,0.599932,0.599932,0.894504,False
GWW,PNR,0.599883,0.599883,0.894558,True
NVR,SHW,0.599871,0.599871,0.894571,False
GS,SPG,0.599854,0.599854,0.894590,False
MA,TROW,0.599822,0.599822,0.894626,True
JPM,PPG,0.599821,0.599821,0.894628,False
CAT,TFC,0.599816,0.599816,0.894633,False
AXP,TDY,0.599812,0.599812,0.894638,False
PNW,UDR,0.599717,0.599717,0.894743,False
PFG,TDG,0.599716,0.599716,0.894744,False
CSX,ETN,0.599700,0.599700,0.894763,True
GS,TRMB,0.599688,0.599688,0.894776,False
CPAY,JPM,0.599687,0.599687,0.894777,True
CFG,KKR,0.599685,0.599685,0.894779,True
AFL,VTR,0.599663,0.599663,0.894804,False
FCX,NUE,0.599661,0.599661,0.894806,True
APO,CPAY,0.599635,0.599635,0.894835,True
BAC,XYL,0.599628,0.599628,0.894843,False
BA,PRU,0.599621,0.599621,0.894850,False
APO,BAC,0.599618,0.599618,0.894854,True
CPAY,EMR,0.599585,0.599585,0.894891,False
BAC,REG,0.599556,0.599556,0.894923,False
HON,LYB,0.599556,0.599556,0.894924,False
FRT,PPL,0.599550,0.599550,0.894930,False
EXPE,NCLH,0.599542,0.599542,0.894940,True
EMR,GD,0.599522,0.599522,0.894961,True
LOW,MCO,0.599497,0.599497,0.894990,False
NDSN,NXPI,0.599495,0.599495,0.894992,False
NSC,TFC,0.599452,0.599452,0.895039,False
RSG,SO,0.599432,0.599432,0.895062,False
CFG,TROW,0.599400,0.599400,0.895098,True
AWK,SBAC,0.599317,0.599317,0.895191,False
GD,WRB,0.599303,0.599303,0.895206,False
KLAC,WDC,0.599270,0.599270,0.895243,True
AMT,MAA,0.599251,0.599251,0.895264,True
DD,SYF,0.599243,0.599243,0.895273,False
CFG,DOW,0.599235,0.599235,0.895282,False
AXP,EXPE,0.599203,0.599203,0.895317,False
DD,USB,0.599171,0.599171,0.895354,False
PAYX,PFG,0.599162,0.599162,0.895363,False
IEX,SNA,0.599138,0.599138,0.895390,True
AAPL,TXN,0.599133,0.599133,0.895396,True
HUBB,JBL,0.599094,0.599094,0.895439,False
LYB,NUE,0.599090,0.599090,0.895443,True
EMR,KKR,0.599070,0.599070,0.895466,False
L,UNP,0.599059,0.599059,0.895479,False
AMP,RL,0.599040,0.599040,0.895500,False
IP,USB,0.599038,0.599038,0.895502,False
BLK,HBAN,0.599020,0.599020,0.895523,True
AMP,SPG,0.599010,0.599010,0.895533,False
CPAY,FITB,0.599003,0.599003,0.895541,True
TEL,UNP,0.598994,0.598994,0.895551,False
PNC,WRB,0.598961,0.598961,0.895588,True
EME,JCI,0.598950,0.598950,0.895600,True
ADP,ECL,0.598917,0.598917,0.895637,False
L,OKE,0.598903,0.598903,0.895653,False
JCI,JPM,0.598885,0.598885,0.895673,False
CFG,MPC,0.598879,0.598879,0.895680,False
CFG,DAL,0.598855,0.598855,0.895706,False
BLK,CRH,0.598815,0.598815,0.895751,False
GPN,SYF,0.598813,0.598813,0.895754,True
CAT,STT,0.598791,0.598791,0.895778,False
EVRG,PEP,0.598790,0.598790,0.895778,False
GM,TFC,0.598762,0.598762,0.895811,False
HWM,TFC,0.598752,0.598752,0.895821,False
COF,NSC,0.598749,0.598749,0.895825,False
APH,MSFT,0.598743,0.598743,0.895831,True
AMP,PKG,0.598707,0.598707,0.895872,False
FTV,TROW,0.598704,0.598704,0.895875,False
APH,ON,0.598698,0.598698,0.895882,True
MAR,PRU,0.598695,0.598695,0.895885,False
ADP,L,0.598694,0.598694,0.895886,False
ACN,BR,0.598671,0.598671,0.895912,False
AXP,LYB,0.598669,0.598669,0.895914,False
CDW,TXN,0.598632,0.598632,0.895956,True
CTAS,SYK,0.598614,0.598614,0.895976,False
FRT,MGM,0.598613,0.598613,0.895976,False
NDSN,WAB,0.598604,0.598604,0.895987,True
DOW,SLB,0.598594,0.598594,0.895998,False
DOV,GPN,0.598593,0.598593,0.895998,False
BX,PNC,0.598589,0.598589,0.896003,True
COF,STLD,0.598588,0.598588,0.896005,False
APTV,GS,0.598573,0.598573,0.896021,False
NTRS,SWK,0.598565,0.598565,0.896030,False
DOV,SPGI,0.598565,0.598565,0.896030,False
AVY,GPC,0.598560,0.598560,0.896036,False
RJF,XYL,0.598555,0.598555,0.896042,False
MCO,PPG,0.598543,0.598543,0.896055,False
ATO,FE,0.598525,0.598525,0.896075,True
PH,TPR,0.598513,0.598513,0.896089,False
CNP,UDR,0.598505,0.598505,0.896097,False
DOV,GM,0.598494,0.598494,0.896109,False
CBRE,MTB,0.598484,0.598484,0.896120,False
MET,V,0.598481,0.598481,0.896124,True
CCL,FITB,0.598480,0.598480,0.896125,False
AFL,CNP,0.598470,0.598470,0.896136,False
BLK,GPN,0.598466,0.598466,0.896141,True
HAL,PH,0.598441,0.598441,0.896169,False
CI,UNH,0.598410,0.598410,0.896203,True
ALL,PFG,0.598408,0.598408,0.896205,True
MPWR,SNPS,0.598400,0.598400,0.896214,True
JPM,RTX,0.598398,0.598398,0.896217,False
PSX,RF,0.598386,0.598386,0.896230,False
ADI,AMD,0.598377,0.598377,0.896240,True
C,VLO,0.598377,0.598377,0.896240,False
DOV,V,0.598348,0.598348,0.896272,False
CTSH,DOV,0.598342,0.598342,0.896279,False
AMP,CVX,0.598331,0.598331,0.896292,False
APH,AXP,0.598294,0.598294,0.896333,False
MS,PPG,0.598289,0.598289,0.896338,False
CAT,SLB,0.598266,0.598266,0.896364,False
AIG,MPC,0.598266,0.598266,0.896364,False
AEE,RSG,0.598229,0.598229,0.896405,False
PKG,RJF,0.598221,0.598221,0.896413,False
CBRE,RJF,0.598212,0.598212,0.896425,False
DOW,HAL,0.598207,0.598207,0.896429,False
GLW,JPM,0.598184,0.598184,0.896455,False
ARE,O,0.598152,0.598152,0.896491,True
FTV,MGM,0.598148,0.598148,0.896495,False
TROW,URI,0.598147,0.598147,0.896497,False
MU,TEL,0.598143,0.598143,0.896501,True
CAT,TEL,0.598139,0.598139,0.896505,False
DOW,TFC,0.598139,0.598139,0.896505,False
CMI,NDSN,0.598120,0.598120,0.896527,True
CFG,CRH,0.598120,0.598120,0.896527,False
DD,IVZ,0.598112,0.598112,0.896536,False
MET,XOM,0.598086,0.598086,0.896565,False
HON,RJF,0.598084,0.598084,0.896566,False
AMCR,PPG,0.598079,0.598079,0.896572,True
PRU,STLD,0.598078,0.598078,0.896573,False
HUBB,SYF,0.598057,0.598057,0.896597,False
DTE,FRT,0.598053,0.598053,0.896602,False
GM,URI,0.598045,0.598045,0.896610,False
MCHP,TRMB,0.598044,0.598044,0.896612,True
CINF,WFC,0.598043,0.598043,0.896613,True
CCL,CFG,0.597981,0.597981,0.896682,False
NSC,RJF,0.597980,0.597980,0.896683,False
IVZ,NDSN,0.597966,0.597966,0.896699,False
HIG,KIM,0.597930,0.597930,0.896738,False
FRT,USB,0.597926,0.597926,0.896743,False
GS,WY,0.597921,0.597921,0.896749,False
CCI,CMS,0.597901,0.597901,0.896771,False
HON,SYY,0.597874,0.597874,0.896801,False
ACGL,RSG,0.597848,0.597848,0.896830,False
HUBB,J,0.597840,0.597840,0.896838,True
MLM,TEL,0.597829,0.597829,0.896851,False
BEN,JPM,0.597827,0.597827,0.896853,True
ALLE,ETN,0.597806,0.597806,0.896877,True
LRCX,SNPS,0.597796,0.597796,0.896888,True
SPG,UHS,0.597782,0.597782,0.896903,False
DOV,TDG,0.597733,0.597733,0.896959,True
APTV,WAB,0.597721,0.597721,0.896972,False
ALLE,TEL,0.597705,0.597705,0.896989,False
PAYX,WY,0.597687,0.597687,0.897010,False
GS,HWM,0.597670,0.597670,0.897028,False
SWK,XYL,0.597659,0.597659,0.897040,True
CPB,SJM,0.597657,0.597657,0.897043,True
MO,PM,0.597651,0.597651,0.897050,True
LYB,WFC,0.597651,0.597651,0.897050,False
AXP,RL,0.597636,0.597636,0.897066,False
MA,TJX,0.597625,0.597625,0.897079,False
GLW,PNC,0.597614,0.597614,0.897091,False
HPE,SYF,0.597607,0.597607,0.897099,False
PPG,TFC,0.597585,0.597585,0.897124,False
DTE,KMI,0.597582,0.597582,0.897126,False
AMP,ECL,0.597557,0.597557,0.897155,False
APH,IR,0.597551,0.597551,0.897161,False
HUBB,TXT,0.597543,0.597543,0.897169,True
ALLE,BRK-B,0.597509,0.597509,0.897208,False
AIG,VICI,0.597497,0.597497,0.897221,False
FITB,HLT,0.597475,0.597475,0.897246,False
NSC,NTRS,0.597472,0.597472,0.897249,False
AMP,FCX,0.597469,0.597469,0.897253,False
AVY,BRK-B,0.597457,0.597457,0.897266,False
AWK,KO,0.597415,0.597415,0.897313,False
CBRE,JPM,0.597402,0.597402,0.897327,False
EMR,JBL,0.597400,0.597400,0.897330,False
BA,LUV,0.597372,0.597372,0.897360,True
GPN,MET,0.597362,0.597362,0.897371,True
CRH,JCI,0.597351,0.597351,0.897384,False
BEN,BX,0.597346,0.597346,0.897390,True
ADI,TRMB,0.597317,0.597317,0.897422,True
CBRE,TEL,0.597308,0.597308,0.897432,False
BLK,CPRT,0.597302,0.597302,0.897439,False
PNR,STT,0.597292,0.597292,0.897450,False
ECL,MCO,0.597284,0.597284,0.897459,False
RF,TRV,0.597283,0.597283,0.897460,True
BA,COF,0.597272,0.597272,0.897472,False
LUV,PRU,0.597252,0.597252,0.897494,False
ALLE,PPG,0.597221,0.597221,0.897529,False
CFG,WY,0.597219,0.597219,0.897532,False
CRH,HUBB,0.597205,0.597205,0.897547,False
MLM,PRU,0.597189,0.597189,0.897565,False
APTV,HLT,0.597173,0.597173,0.897583,True
ISRG,MCO,0.597170,0.597170,0.897586,False
GS,STLD,0.597167,0.597167,0.897589,False
USB,WAB,0.597166,0.597166,0.897590,False
CBRE,ITW,0.597161,0.597161,0.897596,False
CVX,PNC,0.597161,0.597161,0.897596,False
CCI,DUK,0.597136,0.597136,0.897623,False
CDW,PAYX,0.597121,0.597121,0.897640,False
LOW,POOL,0.597120,0.597120,0.897641,True
CAT,ROK,0.597103,0.597103,0.897660,True
AIG,WY,0.597088,0.597088,0.897677,False
ALLE,L,0.597081,0.597081,0.897685,False
BX,RJF,0.597063,0.597063,0.897704,True
COF,JCI,0.597055,0.597055,0.897714,False
COP,PRU,0.597038,0.597038,0.897732,False
AXP,CAT,0.597029,0.597029,0.897742,False
CMI,IVZ,0.597009,0.597009,0.897765,False
KEY,SLB,0.596992,0.596992,0.897784,False
AFL,AJG,0.596959,0.596959,0.897820,True
CNP,ED,0.596947,0.596947,0.897834,True
DOW,IP,0.596927,0.596927,0.897856,True
CDW,TRMB,0.596922,0.596922,0.897862,True
JCI,PPG,0.596907,0.596907,0.897879,False
AXP,XYL,0.596906,0.596906,0.897880,False
CBRE,HON,0.596890,0.596890,0.897897,False
COF,SYY,0.596862,0.596862,0.897929,False
APO,COF,0.596862,0.596862,0.897929,True
HON,PCAR,0.596840,0.596840,0.897953,True
J,MS,0.596840,0.596840,0.897954,False
AIG,RTX,0.596832,0.596832,0.897962,False
CAT,HON,0.596822,0.596822,0.897974,True
ACGL,GD,0.596813,0.596813,0.897983,False
ALLE,MET,0.596801,0.596801,0.897997,False
AJG,CTAS,0.596794,0.596794,0.898004,False
AME,SYK,0.596791,0.596791,0.898008,False
CRL,DHR,0.596784,0.596784,0.898016,True
IEX,MAS,0.596769,0.596769,0.898032,True
INTU,PAYX,0.596764,0.596764,0.898038,False
D,EIX,0.596738,0.596738,0.898067,True
DOV,PLD,0.596738,0.596738,0.898067,False
KMI,TDY,0.596736,0.596736,0.898069,False
LUV,PFG,0.596719,0.596719,0.898088,False
HUBB,MET,0.596715,0.596715,0.898092,False
CRH,ITW,0.596671,0.596671,0.898141,False
NVR,SWK,0.596614,0.596614,0.898205,False
BAC,PSX,0.596613,0.596613,0.898206,False
F,PFG,0.596599,0.596599,0.898221,False
IP,PNC,0.596596,0.596596,0.898225,False
CNP,CPT,0.596546,0.596546,0.898281,False
AIG,KMI,0.596543,0.596543,0.898284,False
CPAY,HON,0.596538,0.596538,0.898289,False
TDG,WAB,0.596526,0.596526,0.898303,True
HIG,SYY,0.596520,0.596520,0.898310,False
CPAY,TROW,0.596519,0.596519,0.898311,True
CTAS,XYL,0.596481,0.596481,0.898353,True
HON,WFC,0.596445,0.596445,0.898393,False
ACN,IT,0.596382,0.596382,0.898463,True
COF,HPE,0.596373,0.596373,0.898474,False
CSX,SYF,0.596355,0.596355,0.898493,False
AFL,MPC,0.596329,0.596329,0.898522,False
MS,SNA,0.596324,0.596324,0.898528,False
BX,ZBRA,0.596320,0.596320,0.898533,False
AMT,INVH,0.596311,0.596311,0.898542,True
HON,ROP,0.596300,0.596300,0.898555,False
CDW,MET,0.596297,0.596297,0.898558,False
PRU,VICI,0.596281,0.596281,0.898575,False
ETN,FITB,0.596261,0.596261,0.898598,False
IQV,PH,0.596249,0.596249,0.898612,False
ALLE,EMR,0.596223,0.596223,0.898640,True
MAA,SPG,0.596223,0.596223,0.898641,True
BLK,J,0.596218,0.596218,0.898645,False
PCAR,SWK,0.596183,0.596183,0.898685,True
CMI,GLW,0.596131,0.596131,0.898743,False
DOV,JBHT,0.596113,0.596113,0.898763,True
GPN,PNC,0.596107,0.596107,0.898769,True
GD,JPM,0.596059,0.596059,0.898823,False
DELL,HPE,0.596049,0.596049,0.898834,True
AMT,LNT,0.596047,0.596047,0.898836,False
GLW,JBL,0.596021,0.596021,0.898865,True
AMP,TDY,0.596003,0.596003,0.898885,False
ACGL,PNC,0.595980,0.595980,0.898911,True
HUBB,RJF,0.595969,0.595969,0.898922,False
BRK-B,TDY,0.595964,0.595964,0.898928,False
GPN,PAYX,0.595964,0.595964,0.898928,False
HIG,O,0.595958,0.595958,0.898934,False
TFC,UNP,0.595920,0.595920,0.898978,False
O,PLD,0.595898,0.595898,0.899001,True
ADI,MS,0.595895,0.595895,0.899006,False
CDNS,NXPI,0.595890,0.595890,0.899010,True
AMT,CMS,0.595839,0.595839,0.899067,False
HST,RJF,0.595832,0.595832,0.899075,False
CFG,MAR,0.595828,0.595828,0.899080,False
CCL,PRU,0.595770,0.595770,0.899144,False
AAPL,ADI,0.595758,0.595758,0.899157,True
COF,RCL,0.595745,0.595745,0.899171,False
ED,NEE,0.595745,0.595745,0.899172,True
NSC,SNA,0.595704,0.595704,0.899218,True
CTSH,PAYX,0.595664,0.595664,0.899262,False
MET,NDSN,0.595653,0.595653,0.899275,False
DUK,UDR,0.595650,0.595650,0.899277,False
CMI,TFC,0.595640,0.595640,0.899288,False
C,COP,0.595630,0.595630,0.899300,False
HWM,PNC,0.595611,0.595611,0.899321,False
FITB,KKR,0.595592,0.595592,0.899342,True
JPM,KKR,0.595581,0.595581,0.899354,True
GM,JPM,0.595574,0.595574,0.899362,False
AME,WFC,0.595567,0.595567,0.899370,False
INTU,KLAC,0.595552,0.595552,0.899386,True
GPN,PRU,0.595527,0.595527,0.899414,True
BLK,DD,0.595523,0.595523,0.899419,False
DTE,REG,0.595523,0.595523,0.899419,False
PNR,TDY,0.595509,0.595509,0.899434,False
GLW,XYL,0.595508,0.595508,0.899436,False
ON,PH,0.595477,0.595477,0.899470,False
FTV,IVZ,0.595411,0.595411,0.899543,False
CVX,SYF,0.595409,0.595409,0.899545,False
AMP,BKNG,0.595398,0.595398,0.899557,False
IP,ITW,0.595396,0.595396,0.899559,False
ECL,PNR,0.595393,0.595393,0.899563,False
AXP,GD,0.595380,0.595380,0.899578,False
NSC,WAB,0.595376,0.595376,0.899583,True
AOS,DOV,0.595366,0.595366,0.899593,True
HLT,WAB,0.595293,0.595293,0.899674,False
F,PRU,0.595235,0.595235,0.899739,False
AMD,MCHP,0.595233,0.595233,0.899741,True
LYB,VLO,0.595221,0.595221,0.899755,False
AIZ,WRB,0.595215,0.595215,0.899761,True
BAC,GE,0.595202,0.595202,0.899776,False
ITW,KEY,0.595197,0.595197,0.899781,False
ATO,UDR,0.595197,0.595197,0.899781,False
DRI,YUM,0.595188,0.595188,0.899791,True
PFG,VICI,0.595183,0.595183,0.899797,False
CTSH,MA,0.595181,0.595181,0.899799,False
BRK-B,HWM,0.595172,0.595172,0.899809,False
BRK-B,SPGI,0.595160,0.595160,0.899822,True
IR,PCAR,0.595153,0.595153,0.899830,True
OKE,VLO,0.595143,0.595143,0.899841,True
BLK,CPAY,0.595117,0.595117,0.899870,True
KKR,NTRS,0.595111,0.595111,0.899876,True
DAL,GS,0.595103,0.595103,0.899885,False
CDW,PFG,0.595100,0.595100,0.899889,False
CPAY,USB,0.595087,0.595087,0.899903,True
HPE,MS,0.595070,0.595070,0.899922,False
MSFT,TROW,0.595063,0.595063,0.899929,False
CINF,FITB,0.595061,0.595061,0.899933,True
ADI,GLW,0.595056,0.595056,0.899938,True
AXP,UNP,0.595047,0.595047,0.899947,False
AXP,CRH,0.595033,0.595033,0.899964,False
HST,WFC,0.595023,0.595023,0.899975,False
AMCR,AVY,0.595020,0.595020,0.899977,True
ALLE,JCI,0.595015,0.595015,0.899984,True
AAPL,INTU,0.594994,0.594994,0.900007,True
CAT,STLD,0.594981,0.594981,0.900021,False
EMR,GLW,0.594976,0.594976,0.900027,False
C,SNA,0.594972,0.594972,0.900032,False
AFL,O,0.594952,0.594952,0.900053,False
HON,KIM,0.594943,0.594943,0.900063,False
APTV,AXP,0.594931,0.594931,0.900077,False
HUBB,JPM,0.594915,0.594915,0.900094,False
APTV,KEY,0.594896,0.594896,0.900116,False
HBAN,HWM,0.594891,0.594891,0.900121,False
CFG,TDG,0.594879,0.594879,0.900135,False
FRT,HON,0.594871,0.594871,0.900143,False
HD,SPGI,0.594869,0.594869,0.900146,False
HD,IEX,0.594867,0.594867,0.900148,False
APTV,C,0.594854,0.594854,0.900162,False
EMR,TRGP,0.594847,0.594847,0.900170,False
PKG,PRU,0.594833,0.594833,0.900185,False
C,PNR,0.594797,0.594797,0.900226,False
BRK-B,PCAR,0.594795,0.594795,0.900227,False
BA,MGM,0.594770,0.594770,0.900256,False
SYF,TPR,0.594761,0.594761,0.900265,False
ALLE,ECL,0.594731,0.594731,0.900299,False
CBRE,STT,0.594725,0.594725,0.900305,False
C,CPAY,0.594682,0.594682,0.900353,True
AIZ,PFG,0.594675,0.594675,0.900361,True
BRK-B,NDSN,0.594639,0.594639,0.900401,False
AXP,GE,0.594627,0.594627,0.900414,False
HST,LYV,0.594619,0.594619,0.900423,False
GE,WAB,0.594601,0.594601,0.900443,True
CBRE,SYK,0.594565,0.594565,0.900484,False
CRL,RVTY,0.594539,0.594539,0.900512,True
MTB,REG,0.594501,0.594501,0.900554,False
SNA,TFC,0.594486,0.594486,0.900571,False
CSX,PNR,0.594471,0.594471,0.900588,True
MAS,XYL,0.594455,0.594455,0.900605,True
BRK-B,FRT,0.594438,0.594438,0.900624,False
AAPL,MCHP,0.594436,0.594436,0.900626,True
AAPL,QCOM,0.594421,0.594421,0.900643,True
SWK,UNP,0.594410,0.594410,0.900656,True
PH,RCL,0.594361,0.594361,0.900710,False
GPN,PFG,0.594348,0.594348,0.900724,True
NTRS,WAB,0.594338,0.594338,0.900735,False
MLM,RF,0.594335,0.594335,0.900739,False
CBRE,NTRS,0.594331,0.594331,0.900743,False
BX,URI,0.594326,0.594326,0.900749,False
KEY,REG,0.594303,0.594303,0.900774,False
PFG,STLD,0.594243,0.594243,0.900841,False
BRO,CB,0.594191,0.594191,0.900898,True
KEY,PNR,0.594191,0.594191,0.900898,False
ITW,LOW,0.594178,0.594178,0.900913,False
AMP,TT,0.594166,0.594166,0.900926,False
FITB,RTX,0.594144,0.594144,0.900950,False
FITB,OMC,0.594124,0.594124,0.900972,False
BRK-B,KMI,0.594114,0.594114,0.900984,False
ALLE,LII,0.594111,0.594111,0.900987,True
CBRE,MA,0.594109,0.594109,0.900989,False
GD,PH,0.594099,0.594099,0.901000,True
BKR,MET,0.594089,0.594089,0.901012,False
IP,RJF,0.594053,0.594053,0.901052,False
COO,SYK,0.594031,0.594031,0.901076,True
HUBB,VMC,0.594024,0.594024,0.901083,False
CBRE,FTV,0.594023,0.594023,0.901085,False
CTAS,NDSN,0.593971,0.593971,0.901143,True
AMP,HLT,0.593970,0.593970,0.901144,False
CMS,UDR,0.593967,0.593967,0.901147,False
ALLE,BX,0.593966,0.593966,0.901148,False
CPT,SPG,0.593966,0.593966,0.901148,True
PNC,RTX,0.593952,0.593952,0.901164,False
AMP,REG,0.593949,0.593949,0.901168,False
JPM,MA,0.593930,0.593930,0.901188,True
ADBE,WDAY,0.593923,0.593923,0.901196,True
EMR,PSX,0.593918,0.593918,0.901201,False
CL,CMS,0.593916,0.593916,0.901203,False
BLK,CDW,0.593907,0.593907,0.901214,False
RCL,TDG,0.593850,0.593850,0.901277,False
MCO,ZTS,0.593815,0.593815,0.901316,False
DD,XYL,0.593809,0.593809,0.901322,False
APO,JPM,0.593804,0.593804,0.901328,True
MLM,PFG,0.593801,0.593801,0.901332,False
EMR,TRMB,0.593793,0.593793,0.901340,False
ECL,NDSN,0.593792,0.593792,0.901341,False
BAC,SWK,0.593788,0.593788,0.901346,False
MS,PCAR,0.593771,0.593771,0.901364,False
BRK-B,CMI,0.593758,0.593758,0.901379,False
REG,SYY,0.593742,0.593742,0.901396,False
OKE,PRU,0.593741,0.593741,0.901398,False
AMP,TDG,0.593738,0.593738,0.901402,False
DD,TROW,0.593735,0.593735,0.901404,False
SO,UDR,0.593728,0.593728,0.901412,False
DAL,JPM,0.593699,0.593699,0.901445,False
JBL,WDC,0.593689,0.593689,0.901456,True
GS,PCAR,0.593681,0.593681,0.901465,False
AXP,ECL,0.593680,0.593680,0.901466,False
BA,MET,0.593676,0.593676,0.901470,False
RTX,TDY,0.593665,0.593665,0.901482,False
FTV,MCHP,0.593657,0.593657,0.901491,False
CFG,PSX,0.593653,0.593653,0.901496,False
CFG,NSC,0.593643,0.593643,0.901506,False
SRE,WEC,0.593637,0.593637,0.901513,True
GS,IBKR,0.593632,0.593632,0.901519,True
CTAS,EMR,0.593623,0.593623,0.901528,True
HST,TEL,0.593623,0.593623,0.901529,False
ES,FE,0.593621,0.593621,0.901531,True
NEE,PEG,0.593594,0.593594,0.901561,True
GS,TDY,0.593583,0.593583,0.901574,False
L,UHS,0.593571,0.593571,0.901586,False
DOC,EXC,0.593565,0.593565,0.901593,False
ESS,ETR,0.593549,0.593549,0.901611,False
MLM,TXT,0.593539,0.593539,0.901622,False
MKC,PEP,0.593531,0.593531,0.901631,True
PRU,RL,0.593525,0.593525,0.901637,False
AXP,LUV,0.593524,0.593524,0.901638,False
DOV,IP,0.593518,0.593518,0.901645,False
BKNG,MGM,0.593476,0.593476,0.901692,True
IBKR,MS,0.593472,0.593472,0.901696,True
KEY,OKE,0.593462,0.593462,0.901708,False
RTX,WAB,0.593450,0.593450,0.901721,True
OKE,TDY,0.593443,0.593443,0.901728,False
DD,FCX,0.593428,0.593428,0.901745,True
MS,TPR,0.593428,0.593428,0.901745,False
LYB,TEL,0.593426,0.593426,0.901747,False
CAT,SNA,0.593415,0.593415,0.901760,True
AFL,MA,0.593409,0.593409,0.901766,True
PNR,SHW,0.593386,0.593386,0.901792,False
J,PAYX,0.593382,0.593382,0.901796,True
NDSN,SPGI,0.593375,0.593375,0.901804,False
VTR,WY,0.593355,0.593355,0.901826,True
BLK,INTU,0.593328,0.593328,0.901855,False
CRH,TT,0.593324,0.593324,0.901860,False
MS,TRMB,0.593280,0.593280,0.901910,False
ECL,WY,0.593267,0.593267,0.901923,False
L,TROW,0.593263,0.593263,0.901927,True
AMP,EG,0.593261,0.593261,0.901931,True
CTSH,WY,0.593231,0.593231,0.901963,False
AME,LOW,0.593228,0.593228,0.901967,False
HON,KEY,0.593216,0.593216,0.901980,False
PFG,XOM,0.593214,0.593214,0.901983,False
IVZ,WAB,0.593157,0.593157,0.902046,False
BR,MA,0.593155,0.593155,0.902048,False
CMI,USB,0.593141,0.593141,0.902063,False
CVX,MS,0.593141,0.593141,0.902063,False
JBHT,NSC,0.593140,0.593140,0.902064,True
ALL,CINF,0.593125,0.593125,0.902081,True
AME,CTSH,0.593117,0.593117,0.902090,False
SNA,USB,0.593092,0.593092,0.902117,False
CSX,WAB,0.593056,0.593056,0.902158,True
URI,WFC,0.593045,0.593045,0.902170,False
ITW,MTB,0.593041,0.593041,0.902174,False
WAB,WFC,0.593031,0.593031,0.902185,False
OMC,SYF,0.593024,0.593024,0.902193,False
CRH,PFG,0.592986,0.592986,0.902235,False
HBAN,MAR,0.592926,0.592926,0.902301,False
AMP,VICI,0.592913,0.592913,0.902316,False
ALLE,FTV,0.592911,0.592911,0.902318,True
BAC,PNR,0.592868,0.592868,0.902365,False
KO,WEC,0.592848,0.592848,0.902388,False
CINF,MTB,0.592833,0.592833,0.902404,True
AMP,FRT,0.592814,0.592814,0.902426,False
AVGO,ETN,0.592804,0.592804,0.902437,False
BAC,BX,0.592782,0.592782,0.902461,True
AME,DOW,0.592778,0.592778,0.902466,False
FRT,HBAN,0.592763,0.592763,0.902482,False
MGM,MS,0.592745,0.592745,0.902502,False
IR,KKR,0.592734,0.592734,0.902514,False
CMI,SYF,0.592725,0.592725,0.902524,False
NVDA,SWKS,0.592694,0.592694,0.902559,True
NTRS,PPG,0.592689,0.592689,0.902564,False
FTV,MCO,0.592678,0.592678,0.902576,False
AJG,AMP,0.592678,0.592678,0.902576,True
HIG,STT,0.592652,0.592652,0.902606,True
AXP,MLM,0.592644,0.592644,0.902614,False
ECL,FTV,0.592606,0.592606,0.902656,False
AME,GD,0.592602,0.592602,0.902661,True
NSC,PAYX,0.592554,0.592554,0.902714,True
L,TJX,0.592551,0.592551,0.902717,False
ADP,NDAQ,0.592534,0.592534,0.902736,False
AME,HWM,0.592504,0.592504,0.902769,True
IQV,ITW,0.592501,0.592501,0.902772,False
BLK,SYK,0.592494,0.592494,0.902780,False
BXP,VTR,0.592489,0.592489,0.902785,True
BXP,IVZ,0.592473,0.592473,0.902803,False
AEE,CPT,0.592456,0.592456,0.902822,False
GPC,SWK,0.592449,0.592449,0.902830,False
AMP,OMC,0.592442,0.592442,0.902838,False
CBRE,CPT,0.592434,0.592434,0.902846,True
DOW,USB,0.592431,0.592431,0.902850,False
AXP,PSX,0.592424,0.592424,0.902858,False
HUBB,MAS,0.592400,0.592400,0.902885,True
AIG,RCL,0.592398,0.592398,0.902886,False
CFG,ETN,0.592388,0.592388,0.902897,False
APH,QCOM,0.592382,0.592382,0.902904,True
BKNG,PH,0.592381,0.592381,0.902906,False
LEN,PNR,0.592359,0.592359,0.902930,False
MAR,TXT,0.592357,0.592357,0.902932,False
ROK,SWK,0.592342,0.592342,0.902948,True
C,JCI,0.592341,0.592341,0.902949,False
HWM,WFC,0.592313,0.592313,0.902981,False
MGM,WY,0.592304,0.592304,0.902991,False
AMP,EME,0.592288,0.592288,0.903008,False
BLK,PLD,0.592283,0.592283,0.903014,False
BXP,VICI,0.592263,0.592263,0.903036,True
AMP,DRI,0.592244,0.592244,0.903057,False
MAA,PAYX,0.592208,0.592208,0.903097,False
ADP,INTU,0.592205,0.592205,0.903100,False
PFG,ROK,0.592197,0.592197,0.903109,False
CVX,L,0.592194,0.592194,0.903112,False
JCI,PWR,0.592194,0.592194,0.903113,True
AJG,V,0.592165,0.592165,0.903145,True
BRO,VRSK,0.592155,0.592155,0.903156,False
GS,PPG,0.592128,0.592128,0.903186,False
FTV,TRMB,0.592116,0.592116,0.903199,False
DOW,WY,0.592106,0.592106,0.903210,False
LIN,MS,0.592099,0.592099,0.903217,False
PPG,URI,0.592057,0.592057,0.903264,False
SYF,TRMB,0.592042,0.592042,0.903281,False
FTV,GPC,0.592027,0.592027,0.903297,False
ETN,L,0.592006,0.592006,0.903321,False
CTAS,VICI,0.591992,0.591992,0.903336,False
AIG,GM,0.591986,0.591986,0.903342,False
BX,PRU,0.591979,0.591979,0.903350,True
HBAN,REG,0.591960,0.591960,0.903371,False
AEP,EIX,0.591951,0.591951,0.903382,True
BRK-B,DOW,0.591947,0.591947,0.903386,False
TRMB,TROW,0.591947,0.591947,0.903386,False
CAT,IVZ,0.591933,0.591933,0.903402,False
GWW,XYL,0.591924,0.591924,0.903411,True
HON,SYK,0.591917,0.591917,0.903419,False
AXP,CINF,0.591902,0.591902,0.903436,True
NDSN,NTRS,0.591891,0.591891,0.903448,False
AMZN,NOW,0.591889,0.591889,0.903450,False
ALLE,AOS,0.591880,0.591880,0.903460,True
BRK-B,SYK,0.591877,0.591877,0.903463,False
DELL,HPQ,0.591854,0.591854,0.903489,True
GD,LDOS,0.591853,0.591853,0.903489,True
EG,PFG,0.591847,0.591847,0.903496,True
DUK,INVH,0.591846,0.591846,0.903497,False
AXP,CVX,0.591779,0.591779,0.903571,False
CAT,HAL,0.591779,0.591779,0.903572,False
NCLH,WYNN,0.591779,0.591779,0.903572,True
AIG,MGM,0.591778,0.591778,0.903573,False
AEE,AMT,0.591754,0.591754,0.903599,False
BEN,SNA,0.591730,0.591730,0.903626,False
MLM,WY,0.591702,0.591702,0.903657,False
COF,MLM,0.591701,0.591701,0.903658,False
ITW,MLM,0.591697,0.591697,0.903663,False
CDW,TROW,0.591689,0.591689,0.903671,False
BLK,MCHP,0.591679,0.591679,0.903683,False
IR,USB,0.591673,0.591673,0.903689,False
CTAS,L,0.591671,0.591671,0.903691,False
ACN,BX,0.591663,0.591663,0.903700,False
AVY,SNA,0.591658,0.591658,0.903706,False
GLW,MCHP,0.591658,0.591658,0.903706,True
ETN,RF,0.591635,0.591635,0.903731,False
AEP,KO,0.591632,0.591632,0.903734,False
APH,HPE,0.591632,0.591632,0.903735,True
CL,DUK,0.591600,0.591600,0.903770,False
KEY,MGM,0.591595,0.591595,0.903776,False
CCL,TDG,0.591591,0.591591,0.903780,False
C,RCL,0.591588,0.591588,0.903783,False
RF,TDG,0.591578,0.591578,0.903794,False
CTSH,TROW,0.591576,0.591576,0.903797,False
BEN,XYL,0.591573,0.591573,0.903800,False
HPE,TEL,0.591559,0.591559,0.903816,True
CPT,SO,0.591544,0.591544,0.903832,False
NDSN,RF,0.591531,0.591531,0.903846,False
MCO,XYL,0.591520,0.591520,0.903858,False
INVH,MCO,0.591501,0.591501,0.903879,False
CPAY,GS,0.591480,0.591480,0.903902,True
COP,PFG,0.591470,0.591470,0.903914,False
KHC,MDLZ,0.591456,0.591456,0.903929,True
AVY,PAYX,0.591434,0.591434,0.903954,False
FAST,TROW,0.591425,0.591425,0.903964,False
CRH,LIN,0.591383,0.591383,0.904010,True
PLD,SBAC,0.591370,0.591370,0.904025,True
CSX,NTRS,0.591344,0.591344,0.904053,False
AMP,SPGI,0.591335,0.591335,0.904063,True
EMR,GE,0.591319,0.591319,0.904081,True
MS,STLD,0.591303,0.591303,0.904099,False
MAA,RSG,0.591272,0.591272,0.904133,False
AMCR,NDSN,0.591267,0.591267,0.904138,False
AXP,BEN,0.591248,0.591248,0.904159,True
ITW,SPGI,0.591226,0.591226,0.904184,False
FITB,JCI,0.591216,0.591216,0.904195,False
INTU,V,0.591199,0.591199,0.904213,False
CRH,XYL,0.591196,0.591196,0.904217,False
BLK,IQV,0.591182,0.591182,0.904232,False
CDW,GLW,0.591175,0.591175,0.904240,True
IVZ,SNA,0.591161,0.591161,0.904255,False
BLK,TT,0.591155,0.591155,0.904262,False
ACN,ECL,0.591140,0.591140,0.904279,False
EMR,RTX,0.591128,0.591128,0.904292,True
AIG,IVZ,0.591105,0.591105,0.904318,True
ROK,TT,0.591084,0.591084,0.904341,True
FRT,TJX,0.591062,0.591062,0.904365,False
CDW,URI,0.591052,0.591052,0.904376,False
CBOE,CME,0.590991,0.590991,0.904444,True
C,SYY,0.590977,0.590977,0.904459,False
CBRE,MAS,0.590960,0.590960,0.904478,False
BKR,C,0.590946,0.590946,0.904493,False
STT,UNP,0.590913,0.590913,0.904530,False
APO,EMR,0.590896,0.590896,0.904549,False
DAL,LYV,0.590882,0.590882,0.904564,False
ETN,PPG,0.590881,0.590881,0.904566,False
INVH,NI,0.590873,0.590873,0.904574,False
FCX,MS,0.590857,0.590857,0.904591,False
BX,NTRS,0.590823,0.590823,0.904629,True
APTV,WYNN,0.590820,0.590820,0.904633,True
INVH,PNW,0.590807,0.590807,0.904647,False
HST,MS,0.590799,0.590799,0.904655,False
HST,STT,0.590793,0.590793,0.904662,False
REG,TJX,0.590774,0.590774,0.904683,False
CTAS,PRU,0.590730,0.590730,0.904732,False
CPAY,HBAN,0.590721,0.590721,0.904742,True
J,RJF,0.590704,0.590704,0.904761,False
CNP,INVH,0.590626,0.590626,0.904846,False
AIG,ITW,0.590621,0.590621,0.904852,False
SYY,TJX,0.590599,0.590599,0.904877,False
BAC,IP,0.590598,0.590598,0.904878,False
INTU,NVDA,0.590598,0.590598,0.904878,True
AMP,CSCO,0.590591,0.590591,0.904886,False
PSX,SYF,0.590578,0.590578,0.904901,False
AAPL,MCO,0.590574,0.590574,0.904904,False
HWM,TEL,0.590569,0.590569,0.904910,False
TEL,V,0.590517,0.590517,0.904968,False
CTAS,TDG,0.590516,0.590516,0.904969,True
AFL,TDY,0.590508,0.590508,0.904977,False
JPM,KMI,0.590480,0.590480,0.905008,False
LIN,SYK,0.590473,0.590473,0.905015,False
PAYX,PLD,0.590470,0.590470,0.905020,False
AMP,NWSA,0.590463,0.590463,0.905027,False
NSC,SYF,0.590441,0.590441,0.905051,False
DTE,KIM,0.590438,0.590438,0.905055,False
KIM,MGM,0.590426,0.590426,0.905068,False
NXPI,SWK,0.590406,0.590406,0.905090,False
FITB,TPR,0.590395,0.590395,0.905103,False
PG,WEC,0.590394,0.590394,0.905103,False
HST,L,0.590364,0.590364,0.905137,False
BX,MAS,0.590357,0.590357,0.905144,False
CMI,TXT,0.590345,0.590345,0.905157,True
MSFT,V,0.590343,0.590343,0.905159,False
IVZ,SCHW,0.590342,0.590342,0.905160,True
CTAS,LIN,0.590320,0.590320,0.905185,False
FRT,SYY,0.590312,0.590312,0.905194,False
KEYS,SWKS,0.590298,0.590298,0.905209,True
BRK-B,ETN,0.590278,0.590278,0.905231,False
BAC,MPC,0.590254,0.590254,0.905258,False
CAT,FTV,0.590231,0.590231,0.905284,True
DOC,DUK,0.590222,0.590222,0.905293,False
GS,SNA,0.590217,0.590217,0.905299,False
EME,URI,0.590215,0.590215,0.905301,True
KIM,PH,0.590213,0.590213,0.905303,False
HBAN,MPC,0.590191,0.590191,0.905327,False
AVY,CBRE,0.590140,0.590140,0.905384,False
APTV,TDG,0.590133,0.590133,0.905392,False
AIG,UAL,0.590124,0.590124,0.905401,False
EXC,O,0.590111,0.590111,0.905416,False
ECL,RSG,0.590096,0.590096,0.905432,False
KO,XEL,0.590094,0.590094,0.905435,False
HBAN,UAL,0.590073,0.590073,0.905458,False
ECL,MLM,0.590062,0.590062,0.905470,True
CAT,GLW,0.590028,0.590028,0.905507,False
DD,L,0.590012,0.590012,0.905526,False
HBAN,IR,0.589995,0.589995,0.905544,False
AJG,WM,0.589993,0.589993,0.905547,False
KIM,WFC,0.589992,0.589992,0.905547,False
APA,MPC,0.589967,0.589967,0.905575,True
DIS,MA,0.589936,0.589936,0.905609,False
FITB,IP,0.589915,0.589915,0.905633,False
IP,MS,0.589896,0.589896,0.905653,False
RCL,TXT,0.589886,0.589886,0.905665,False
DOW,HON,0.589885,0.589885,0.905666,False
PWR,WAB,0.589872,0.589872,0.905680,True
APH,ITW,0.589843,0.589843,0.905712,False
BRK-B,KO,0.589837,0.589837,0.905719,False
STT,WY,0.589836,0.589836,0.905719,False
BLK,WAB,0.589824,0.589824,0.905733,False
CTAS,VRSK,0.589790,0.589790,0.905770,True
JCI,RJF,0.589746,0.589746,0.905819,False
AJG,SPGI,0.589739,0.589739,0.905827,True
BLDR,PH,0.589737,0.589737,0.905829,True
LNT,RSG,0.589709,0.589709,0.905860,False
ARES,TEL,0.589707,0.589707,0.905862,False
DAL,URI,0.589695,0.589695,0.905875,True
KKR,MCHP,0.589655,0.589655,0.905919,False
DOC,SRE,0.589652,0.589652,0.905922,False
CAT,MTB,0.589632,0.589632,0.905944,False
ARES,ETN,0.589629,0.589629,0.905948,False
HBAN,IP,0.589620,0.589620,0.905958,False
BAC,NDSN,0.589605,0.589605,0.905974,False
CBRE,TROW,0.589593,0.589593,0.905988,False
OMC,RF,0.589567,0.589567,0.906017,False
CFG,TRV,0.589536,0.589536,0.906051,True
ADP,WY,0.589508,0.589508,0.906081,False
GLW,HPE,0.589494,0.589494,0.906097,True
BEN,PNR,0.589488,0.589488,0.906104,False
MLM,PNC,0.589486,0.589486,0.906106,False
O,SYY,0.589484,0.589484,0.906108,False
CAT,CSX,0.589465,0.589465,0.906129,True
EMR,HPE,0.589464,0.589464,0.906130,False
BLK,NXPI,0.589438,0.589438,0.906159,False
ATO,CPT,0.589434,0.589434,0.906163,False
HON,IEX,0.589430,0.589430,0.906167,True
ADI,MCO,0.589428,0.589428,0.906170,False
RL,SYF,0.589420,0.589420,0.906179,False
PLD,SPGI,0.589397,0.589397,0.906204,False
MGM,SYY,0.589382,0.589382,0.906221,False
DD,KEY,0.589379,0.589379,0.906224,False
CVX,KEY,0.589323,0.589323,0.906286,False
JPM,OKE,0.589295,0.589295,0.906317,False
C,TRMB,0.589255,0.589255,0.906361,False
DOW,PPG,0.589251,0.589251,0.906366,True
J,PNR,0.589236,0.589236,0.906382,True
AFL,UHS,0.589221,0.589221,0.906399,False
GWW,URI,0.589216,0.589216,0.906404,True
FTV,HBAN,0.589203,0.589203,0.906419,False
HBAN,SLB,0.589202,0.589202,0.906420,False
AXP,SCHW,0.589182,0.589182,0.906441,True
EXC,UDR,0.589166,0.589166,0.906459,False
SO,WM,0.589159,0.589159,0.906466,False
AMP,ROP,0.589158,0.589158,0.906468,False
CPAY,KKR,0.589153,0.589153,0.906474,True
NSC,PNR,0.589144,0.589144,0.906484,True
MGM,URI,0.589138,0.589138,0.906490,False
CRH,SWK,0.589122,0.589122,0.906507,False
DE,WAB,0.589108,0.589108,0.906523,True
ETR,O,0.589099,0.589099,0.906533,False
AMD,QCOM,0.589088,0.589088,0.906546,True
LIN,NDSN,0.589082,0.589082,0.906551,False
MMM,SWK,0.589072,0.589072,0.906562,True
BEN,CMI,0.589054,0.589054,0.906583,False
AFL,CVX,0.589052,0.589052,0.906585,False
AIG,IR,0.589013,0.589013,0.906628,False
DOC,EXR,0.589003,0.589003,0.906638,True
BRO,PAYX,0.588999,0.588999,0.906643,False
BAC,PPG,0.588961,0.588961,0.906686,False
FTV,J,0.588958,0.588958,0.906688,True
NUE,PFG,0.588957,0.588957,0.906690,False
AJG,LIN,0.588945,0.588945,0.906703,False
DOW,FCX,0.588939,0.588939,0.906709,True
KEY,SWK,0.588925,0.588925,0.906725,False
KO,NI,0.588912,0.588912,0.906739,False
JPM,STLD,0.588908,0.588908,0.906744,False
CCI,SO,0.588893,0.588893,0.906761,False
GS,MLM,0.588891,0.588891,0.906762,False
BRK-B,REG,0.588880,0.588880,0.906774,False
MSCI,V,0.588860,0.588860,0.906796,True
CPRT,CTAS,0.588856,0.588856,0.906801,True
NDAQ,ROP,0.588852,0.588852,0.906805,False
DD,IR,0.588850,0.588850,0.906807,False
AME,KEY,0.588840,0.588840,0.906818,False
UNP,WY,0.588802,0.588802,0.906860,False
ACGL,FITB,0.588791,0.588791,0.906872,True
BSX,ZBH,0.588742,0.588742,0.906927,True
APO,DOV,0.588737,0.588737,0.906932,False
KKR,STT,0.588718,0.588718,0.906954,True
MCHP,NDSN,0.588678,0.588678,0.906997,False
NSC,PPG,0.588673,0.588673,0.907003,False
AIG,WMB,0.588670,0.588670,0.907007,False
DAL,GM,0.588663,0.588663,0.907014,False
NCLH,PFG,0.588652,0.588652,0.907026,False
FTV,RJF,0.588650,0.588650,0.907028,False
DUK,O,0.588647,0.588647,0.907032,False
CSX,JBHT,0.588621,0.588621,0.907060,True
EME,TT,0.588619,0.588619,0.907062,True
USB,WRB,0.588614,0.588614,0.907067,True
C,NDSN,0.588572,0.588572,0.907114,False
HBAN,STLD,0.588554,0.588554,0.907134,False
AAPL,BLK,0.588529,0.588529,0.907161,False
AIG,BA,0.588503,0.588503,0.907191,False
REG,TFC,0.588469,0.588469,0.907228,False
CPRT,MA,0.588468,0.588468,0.907229,False
HLT,SPG,0.588450,0.588450,0.907249,False
LYV,UAL,0.588442,0.588442,0.907257,False
FTV,TFC,0.588407,0.588407,0.907295,False
ACN,ADSK,0.588397,0.588397,0.907307,True
CTAS,MCD,0.588383,0.588383,0.907323,False
USB,WY,0.588379,0.588379,0.907327,False
BRK-B,MDT,0.588361,0.588361,0.907347,False
HLT,URI,0.588360,0.588360,0.907348,False
HON,SPG,0.588356,0.588356,0.907352,False
CPT,EXC,0.588343,0.588343,0.907367,False
OKE,PH,0.588327,0.588327,0.907384,False
ALLE,PNC,0.588320,0.588320,0.907391,False
CTAS,FRT,0.588308,0.588308,0.907405,False
NVDA,TXN,0.588297,0.588297,0.907418,True
AFL,AME,0.588279,0.588279,0.907437,False
LYB,STLD,0.588278,0.588278,0.907439,True
ADP,TROW,0.588274,0.588274,0.907443,False
DOW,PSX,0.588260,0.588260,0.907458,False
ACN,IQV,0.588253,0.588253,0.907466,False
ADSK,MSCI,0.588242,0.588242,0.907478,False
LIN,TEL,0.588238,0.588238,0.907482,False
MLM,SPG,0.588213,0.588213,0.907510,False
ADSK,BX,0.588211,0.588211,0.907512,False
HON,REG,0.588203,0.588203,0.907521,False
DTE,HIG,0.588171,0.588171,0.907556,False
AXP,CDW,0.588171,0.588171,0.907557,False
COF,IR,0.588129,0.588129,0.907602,False
TXN,ZBRA,0.588122,0.588122,0.907610,True
ETN,GWW,0.588115,0.588115,0.907618,True
EMR,MPC,0.588076,0.588076,0.907661,False
HD,PAYX,0.588074,0.588074,0.907663,False
O,PSA,0.588071,0.588071,0.907666,True
GPC,L,0.588061,0.588061,0.907677,False
FITB,VLO,0.588054,0.588054,0.907685,False
CFG,HPE,0.588050,0.588050,0.907689,False
IP,NTRS,0.588025,0.588025,0.907717,False
AMP,DIS,0.587986,0.587986,0.907760,False
FTV,VMC,0.587961,0.587961,0.907787,False
AAPL,AMZN,0.587961,0.587961,0.907787,False
APTV,SWK,0.587956,0.587956,0.907793,False
BRK-B,GPN,0.587914,0.587914,0.907839,True
FRT,MAR,0.587912,0.587912,0.907841,False
EIX,XEL,0.587905,0.587905,0.907849,True
ADI,INTU,0.587891,0.587891,0.907864,True
NCLH,SYF,0.587888,0.587888,0.907868,False
ADI,APTV,0.587884,0.587884,0.907872,False
AME,MCHP,0.587877,0.587877,0.907880,False
CSX,GWW,0.587877,0.587877,0.907880,True
DOC,LNT,0.587870,0.587870,0.907887,False
SNA,TROW,0.587848,0.587848,0.907912,False
AMP,CPRT,0.587838,0.587838,0.907923,False
KKR,SPGI,0.587837,0.587837,0.907924,True
HPE,TFC,0.587834,0.587834,0.907927,False
ADI,ZBRA,0.587819,0.587819,0.907944,True
MAS,SNA,0.587813,0.587813,0.907950,True
IQV,WY,0.587801,0.587801,0.907964,False
PH,REG,0.587799,0.587799,0.907966,False
MCD,O,0.587775,0.587775,0.907992,False
ACGL,AXP,0.587771,0.587771,0.907997,True
CMI,NTRS,0.587769,0.587769,0.907999,False
GD,PNC,0.587739,0.587739,0.908032,False
GE,HON,0.587733,0.587733,0.908038,True
AIZ,AMP,0.587721,0.587721,0.908052,True
BBY,WSM,0.587710,0.587710,0.908063,True
ROK,UNP,0.587698,0.587698,0.908077,True
LUV,TXT,0.587684,0.587684,0.908092,True
DAL,HWM,0.587679,0.587679,0.908098,True
AVGO,JBL,0.587673,0.587673,0.908104,True
DOV,HST,0.587640,0.587640,0.908141,False
BLK,MTD,0.587635,0.587635,0.908146,False
AAPL,TROW,0.587612,0.587612,0.908172,False
BAC,STLD,0.587598,0.587598,0.908187,False
GM,PPG,0.587580,0.587580,0.908207,False
DOV,STLD,0.587576,0.587576,0.908211,False
MAS,TT,0.587570,0.587570,0.908218,True
HD,TROW,0.587565,0.587565,0.908224,False
AMP,MAR,0.587563,0.587563,0.908225,False
APO,TXT,0.587559,0.587559,0.908231,False
CSX,HD,0.587556,0.587556,0.908234,False
IEX,UNP,0.587555,0.587555,0.908235,True
MCHP,WDC,0.587554,0.587554,0.908235,True
JBL,SYF,0.587534,0.587534,0.908258,False
BX,ITW,0.587512,0.587512,0.908281,False
BBY,HD,0.587501,0.587501,0.908294,True
ISRG,MA,0.587483,0.587483,0.908313,False
AME,PWR,0.587478,0.587478,0.908319,True
EXPD,ODFL,0.587450,0.587450,0.908350,True
DOV,MMM,0.587442,0.587442,0.908359,True
ETN,GE,0.587430,0.587430,0.908372,True
MS,UAL,0.587406,0.587406,0.908398,False
NWS,TEL,0.587403,0.587403,0.908402,False
COF,RL,0.587403,0.587403,0.908402,False
ACN,FDS,0.587364,0.587364,0.908445,False
BLK,CMI,0.587356,0.587356,0.908454,False
DUK,WM,0.587343,0.587343,0.908468,False
ACN,DOV,0.587333,0.587333,0.908479,False
ATO,NEE,0.587327,0.587327,0.908485,True
CPAY,MCO,0.587326,0.587326,0.908487,True
BRO,MCO,0.587324,0.587324,0.908489,True
C,NUE,0.587314,0.587314,0.908500,False
SPG,URI,0.587299,0.587299,0.908516,False
HPE,JBL,0.587296,0.587296,0.908519,True
ACGL,TFC,0.587269,0.587269,0.908549,True
HLT,RF,0.587223,0.587223,0.908600,False
PSX,TFC,0.587173,0.587173,0.908655,False
ACN,SYK,0.587166,0.587166,0.908663,False
AME,JBL,0.587158,0.587158,0.908671,False
AXP,TJX,0.587150,0.587150,0.908680,False
AMP,PSX,0.587141,0.587141,0.908690,False
DOV,VICI,0.587137,0.587137,0.908694,False
MPC,TFC,0.587137,0.587137,0.908695,False
DTE,WY,0.587132,0.587132,0.908700,False
HAL,KEY,0.587131,0.587131,0.908701,False
CDNS,MCO,0.587113,0.587113,0.908721,False
AXP,NDSN,0.587109,0.587109,0.908725,False
EMR,VMC,0.587104,0.587104,0.908731,False
GS,IEX,0.587103,0.587103,0.908732,False
SYY,TXT,0.587099,0.587099,0.908736,False
BRK-B,PPL,0.587098,0.587098,0.908738,False
AVY,CMI,0.587097,0.587097,0.908738,False
LOW,WSM,0.587095,0.587095,0.908741,True
ALLE,AVY,0.587089,0.587089,0.908748,False
BEN,BRK-B,0.587085,0.587085,0.908752,True
AFL,DRI,0.587084,0.587084,0.908753,False
C,RTX,0.587084,0.587084,0.908753,False
JBL,TRMB,0.587063,0.587063,0.908776,True
RSG,WRB,0.587059,0.587059,0.908780,False
MET,SYY,0.587053,0.587053,0.908788,False
BAC,OMC,0.587046,0.587046,0.908795,False
CCI,MAA,0.587035,0.587035,0.908806,True
ISRG,MSFT,0.587001,0.587001,0.908844,False
ACN,ITW,0.586968,0.586968,0.908881,False
PH,WYNN,0.586927,0.586927,0.908925,False
MLM,TDG,0.586909,0.586909,0.908945,False
C,FRT,0.586907,0.586907,0.908947,False
ITW,WFC,0.586897,0.586897,0.908959,False
BSX,MA,0.586892,0.586892,0.908964,False
APTV,PNR,0.586888,0.586888,0.908969,False
OMC,PNC,0.586875,0.586875,0.908983,False
JPM,LIN,0.586832,0.586832,0.909030,False
ACN,TEL,0.586829,0.586829,0.909034,True
SPG,TRGP,0.586825,0.586825,0.909038,False
NTRS,WY,0.586819,0.586819,0.909045,False
GS,MCO,0.586811,0.586811,0.909053,True
BR,V,0.586807,0.586807,0.909057,False
GOOGL,INTU,0.586763,0.586763,0.909107,False
KKR,ZBRA,0.586759,0.586759,0.909111,False
CTAS,TDY,0.586743,0.586743,0.909128,False
AJG,EG,0.586729,0.586729,0.909144,True
AME,IQV,0.586721,0.586721,0.909152,False
EMR,TDG,0.586700,0.586700,0.909175,True
CAT,DD,0.586699,0.586699,0.909176,False
IP,MET,0.586691,0.586691,0.909185,False
COF,RTX,0.586687,0.586687,0.909190,False
EXPD,JBHT,0.586667,0.586667,0.909212,True
APTV,CRH,0.586622,0.586622,0.909262,False
SHW,SPGI,0.586589,0.586589,0.909298,False
FIX,PH,0.586588,0.586588,0.909298,True
IQV,SWK,0.586586,0.586586,0.909301,False
BRK-B,CAT,0.586583,0.586583,0.909304,False
CF,COP,0.586557,0.586557,0.909332,False
NDSN,TXN,0.586557,0.586557,0.909333,False
PAYX,SYK,0.586552,0.586552,0.909339,False
L,TDG,0.586534,0.586534,0.909358,False
NTRS,UNP,0.586523,0.586523,0.909370,False
HBAN,OMC,0.586494,0.586494,0.909402,False
IQV,V,0.586490,0.586490,0.909407,False
CRH,PNC,0.586485,0.586485,0.909412,False
IEX,PNC,0.586452,0.586452,0.909448,False
CRH,KKR,0.586426,0.586426,0.909477,False
AME,SHW,0.586425,0.586425,0.909478,False
CBRE,ETN,0.586419,0.586419,0.909484,False
BLK,ZBRA,0.586409,0.586409,0.909495,False
CBRE,CDW,0.586406,0.586406,0.909498,False
GOOG,INTU,0.586403,0.586403,0.909502,False
BEN,CBRE,0.586400,0.586400,0.909505,False
APO,PNC,0.586393,0.586393,0.909513,True
DOV,LII,0.586371,0.586371,0.909537,True
PCAR,PPG,0.586356,0.586356,0.909553,False
ROP,XYL,0.586356,0.586356,0.909554,False
SPGI,TROW,0.586345,0.586345,0.909566,True
AXP,KMI,0.586343,0.586343,0.909568,False
BKNG,UAL,0.586332,0.586332,0.909581,False
MSCI,VRSN,0.586311,0.586311,0.909603,False
AFL,OKE,0.586277,0.586277,0.909641,False
NWS,PH,0.586275,0.586275,0.909642,False
PHM,SHW,0.586260,0.586260,0.909660,False
ANET,AVGO,0.586258,0.586258,0.909661,True
ETN,KLAC,0.586250,0.586250,0.909670,False
HON,MTB,0.586244,0.586244,0.909677,False
PSX,WMB,0.586219,0.586219,0.909704,True
GWW,HUBB,0.586214,0.586214,0.909709,True
GPC,SNA,0.586207,0.586207,0.909718,False
AJG,ALL,0.586182,0.586182,0.909745,True
GD,J,0.586170,0.586170,0.909758,True
CTSH,V,0.586169,0.586169,0.909759,False
AIG,VTR,0.586122,0.586122,0.909811,False
CDW,ETN,0.586112,0.586112,0.909822,False
AIG,MLM,0.586102,0.586102,0.909833,False
HST,NTRS,0.586075,0.586075,0.909862,False
AXP,GLW,0.586069,0.586069,0.909869,False
CAT,JCI,0.586049,0.586049,0.909891,True
CBRE,MAR,0.586043,0.586043,0.909897,False
MAR,PPG,0.586035,0.586035,0.909907,False
AVY,CSX,0.586021,0.586021,0.909922,False
NSC,TROW,0.586003,0.586003,0.909942,False
PPG,STT,0.585999,0.585999,0.909946,False
CPAY,TFC,0.585980,0.585980,0.909966,True
FITB,XYL,0.585967,0.585967,0.909982,False
SYK,UHS,0.585965,0.585965,0.909983,True
C,REG,0.585956,0.585956,0.909994,False
MAS,ROK,0.585955,0.585955,0.909995,True
DOV,REG,0.585948,0.585948,0.910002,False
PCAR,PNC,0.585945,0.585945,0.910006,False
DUK,PG,0.585939,0.585939,0.910012,False
BX,ETN,0.585914,0.585914,0.910039,False
AAPL,ADBE,0.585911,0.585911,0.910043,True
HD,PH,0.585896,0.585896,0.910060,False
MAS,URI,0.585888,0.585888,0.910068,True
BAC,HAL,0.585872,0.585872,0.910085,False
INTU,NDAQ,0.585864,0.585864,0.910095,False
LOW,PH,0.585861,0.585861,0.910098,False
MET,VLO,0.585857,0.585857,0.910102,False
DRI,VTR,0.585842,0.585842,0.910118,False
ITW,OMC,0.585834,0.585834,0.910128,False
FTV,KEY,0.585833,0.585833,0.910128,False
MPC,SYF,0.585830,0.585830,0.910132,False
GLW,SYF,0.585794,0.585794,0.910171,False
STT,XYL,0.585787,0.585787,0.910179,False
MSFT,TXN,0.585784,0.585784,0.910183,True
CCI,INVH,0.585771,0.585771,0.910196,True
BX,C,0.585761,0.585761,0.910208,True
BLDR,DOV,0.585753,0.585753,0.910217,True
BEN,URI,0.585717,0.585717,0.910256,False
PNR,TFC,0.585713,0.585713,0.910260,False
ECL,TROW,0.585706,0.585706,0.910268,False
ROP,SHW,0.585695,0.585695,0.910280,False
NXPI,WDC,0.585673,0.585673,0.910304,True
GPC,MET,0.585637,0.585637,0.910344,False
C,DVN,0.585626,0.585626,0.910356,False
ADI,EMR,0.585622,0.585622,0.910360,False
AFL,EG,0.585621,0.585621,0.910361,True
AAPL,NVDA,0.585610,0.585610,0.910374,True
CMI,MAS,0.585598,0.585598,0.910386,True
GPC,HON,0.585596,0.585596,0.910389,False
NWSA,RJF,0.585567,0.585567,0.910421,False
L,SLB,0.585561,0.585561,0.910428,False
GE,GS,0.585557,0.585557,0.910432,False
FAST,PAYX,0.585549,0.585549,0.910441,True
KKR,NDSN,0.585533,0.585533,0.910458,False
PNC,PSX,0.585523,0.585523,0.910469,False
AEE,CL,0.585512,0.585512,0.910481,False
COF,UNP,0.585510,0.585510,0.910483,False
CBRE,WFC,0.585503,0.585503,0.910491,False
FRT,RTX,0.585478,0.585478,0.910518,False
AWK,CNP,0.585462,0.585462,0.910536,True
CTAS,PPG,0.585462,0.585462,0.910536,False
C,V,0.585455,0.585455,0.910544,True
DOW,JPM,0.585453,0.585453,0.910546,False
ARES,FTV,0.585394,0.585394,0.910611,False
KKR,MAS,0.585385,0.585385,0.910621,False
REG,RTX,0.585367,0.585367,0.910641,False
IQV,SYK,0.585363,0.585363,0.910644,True
CTAS,MLM,0.585357,0.585357,0.910651,False
DOW,NUE,0.585354,0.585354,0.910654,True
CSX,KEY,0.585348,0.585348,0.910661,False
COF,MA,0.585316,0.585316,0.910696,True
BRK-B,OMC,0.585309,0.585309,0.910704,False
GPC,PNR,0.585301,0.585301,0.910713,False
IR,MAR,0.585294,0.585294,0.910720,False
ADI,ADSK,0.585274,0.585274,0.910743,True
BLDR,MLM,0.585226,0.585226,0.910795,False
RF,RTX,0.585184,0.585184,0.910842,False
AXP,MCO,0.585177,0.585177,0.910849,True
AMT,DLR,0.585159,0.585159,0.910869,True
ADSK,MCO,0.585157,0.585157,0.910871,False
CMI,J,0.585116,0.585116,0.910916,True
EW,ISRG,0.585113,0.585113,0.910919,True
ICE,MSCI,0.585109,0.585109,0.910923,True
ECL,PH,0.585080,0.585080,0.910955,False
HAL,MOS,0.585066,0.585066,0.910971,False
ETN,TROW,0.585064,0.585064,0.910973,False
BRK-B,J,0.585064,0.585064,0.910973,False
FISV,GPN,0.585052,0.585052,0.910987,True
APH,RJF,0.585042,0.585042,0.910997,False
PSX,TRGP,0.585019,0.585019,0.911022,True
FITB,HPE,0.584992,0.584992,0.911052,False
ALLE,MS,0.584981,0.584981,0.911064,False
BLK,ISRG,0.584976,0.584976,0.911070,False
PG,SO,0.584963,0.584963,0.911084,False
CBRE,CTAS,0.584948,0.584948,0.911100,False
CBRE,V,0.584945,0.584945,0.911103,False
ICE,ROP,0.584938,0.584938,0.911112,False
ADP,SYK,0.584915,0.584915,0.911137,False
EMR,GWW,0.584912,0.584912,0.911140,True
APH,CMI,0.584876,0.584876,0.911179,False
DOW,GS,0.584869,0.584869,0.911188,False
DE,PFG,0.584864,0.584864,0.911192,False
KMI,PNC,0.584845,0.584845,0.911213,False
JPM,TDG,0.584839,0.584839,0.911220,False
ALLE,HD,0.584832,0.584832,0.911228,False
AME,CPAY,0.584832,0.584832,0.911228,False
MCHP,SWK,0.584820,0.584820,0.911241,False
DAL,TDG,0.584819,0.584819,0.911242,True
ADP,NDSN,0.584801,0.584801,0.911262,True
KEY,KMI,0.584795,0.584795,0.911269,False
ETN,TFC,0.584787,0.584787,0.911277,False
PNR,UNP,0.584780,0.584780,0.911285,True
BKR,FITB,0.584780,0.584780,0.911285,False
DOV,TPR,0.584773,0.584773,0.911292,False
C,JBL,0.584751,0.584751,0.911316,False
HON,TJX,0.584730,0.584730,0.911340,False
COF,OMC,0.584708,0.584708,0.911364,False
SWK,TPR,0.584701,0.584701,0.911372,False
EIX,ES,0.584700,0.584700,0.911373,True
AMP,APTV,0.584664,0.584664,0.911412,False
MTB,TROW,0.584663,0.584663,0.911413,True
DRI,LYV,0.584647,0.584647,0.911431,False
ETN,LRCX,0.584631,0.584631,0.911449,False
CCL,DRI,0.584612,0.584612,0.911470,True
ADP,VRSN,0.584604,0.584604,0.911478,False
ALLE,GPC,0.584603,0.584603,0.911479,False
HON,SPGI,0.584579,0.584579,0.911505,False
BKNG,PFG,0.584577,0.584577,0.911507,False
HUBB,PPG,0.584575,0.584575,0.911510,False
MPC,PNC,0.584541,0.584541,0.911547,False
KLAC,TROW,0.584538,0.584538,0.911550,False
AMT,DOC,0.584537,0.584537,0.911551,True
AIG,TRGP,0.584535,0.584535,0.911553,False
AMD,NXPI,0.584507,0.584507,0.911584,True
TDG,URI,0.584502,0.584502,0.911590,True
GWW,PCAR,0.584496,0.584496,0.911596,True
BXP,NTRS,0.584494,0.584494,0.911598,False
IR,KEY,0.584491,0.584491,0.911602,False
HWM,KEY,0.584484,0.584484,0.911610,False
APH,IEX,0.584470,0.584470,0.911625,False
DHI,SWK,0.584461,0.584461,0.911634,False
CSX,STT,0.584460,0.584460,0.911636,False
MET,PKG,0.584439,0.584439,0.911659,False
MA,SYF,0.584430,0.584430,0.911669,True
DD,ETN,0.584414,0.584414,0.911686,False
CFG,CPAY,0.584412,0.584412,0.911688,True
HBAN,RL,0.584387,0.584387,0.911716,False
INTU,TROW,0.584377,0.584377,0.911727,False
MLM,SNA,0.584373,0.584373,0.911732,False
REG,WAB,0.584367,0.584367,0.911738,False
HST,RL,0.584346,0.584346,0.911761,False
JPM,PCAR,0.584338,0.584338,0.911770,False
FAST,ROP,0.584337,0.584337,0.911771,False
ARES,SYF,0.584330,0.584330,0.911778,True
CAT,XYL,0.584327,0.584327,0.911782,True
DOV,NUE,0.584313,0.584313,0.911798,False
PAYX,UDR,0.584312,0.584312,0.911798,False
OKE,PNC,0.584300,0.584300,0.911811,False
APH,PFG,0.584298,0.584298,0.911814,False
AMD,MSFT,0.584292,0.584292,0.911820,True
SPG,USB,0.584279,0.584279,0.911835,False
GPC,ORLY,0.584259,0.584259,0.911857,True
BLK,JCI,0.584250,0.584250,0.911866,False
MGM,PNC,0.584243,0.584243,0.911874,False
AXP,MPC,0.584242,0.584242,0.911875,False
ARE,VICI,0.584196,0.584196,0.911925,True
IVZ,TPR,0.584192,0.584192,0.911930,False
AMP,HD,0.584177,0.584177,0.911947,False
HON,MAR,0.584164,0.584164,0.911961,False
DAL,KIM,0.584155,0.584155,0.911970,False
ROK,TXT,0.584132,0.584132,0.911995,True
DVN,EMR,0.584131,0.584131,0.911996,False
CBRE,WAB,0.584129,0.584129,0.911998,False
EMR,XOM,0.584126,0.584126,0.912003,False
ADP,PRU,0.584110,0.584110,0.912019,False
AXP,TRMB,0.584078,0.584078,0.912054,False
KEY,TROW,0.584072,0.584072,0.912061,True
BLDR,NDSN,0.584068,0.584068,0.912066,True
APTV,TRMB,0.584066,0.584066,0.912068,False
AXP,LIN,0.584062,0.584062,0.912072,False
HD,TSCO,0.584055,0.584055,0.912080,True
PFG,TDY,0.584037,0.584037,0.912100,False
BSX,V,0.584030,0.584030,0.912107,False
IEX,TT,0.584022,0.584022,0.912117,True
LYB,SPG,0.584021,0.584021,0.912118,False
CRH,RF,0.584016,0.584016,0.912123,False
AXP,WYNN,0.583998,0.583998,0.912142,False
AVY,TROW,0.583996,0.583996,0.912145,False
AXP,NWS,0.583985,0.583985,0.912156,False
DOV,PKG,0.583973,0.583973,0.912170,False
BAC,SLB,0.583950,0.583950,0.912195,False
DD,NTRS,0.583940,0.583940,0.912206,False
MCHP,MS,0.583937,0.583937,0.912210,False
CTAS,PNR,0.583925,0.583925,0.912223,True
LYB,RJF,0.583898,0.583898,0.912253,False
GM,WAB,0.583861,0.583861,0.912293,False
RF,TRGP,0.583851,0.583851,0.912304,False
MA,RJF,0.583849,0.583849,0.912305,True
TDG,VTR,0.583841,0.583841,0.912315,False
BAC,DAL,0.583839,0.583839,0.912317,False
CFG,HLT,0.583833,0.583833,0.912323,False
IR,TFC,0.583814,0.583814,0.912344,False
CFG,SYY,0.583812,0.583812,0.912346,False
ROP,VRSN,0.583808,0.583808,0.912351,True
DOW,STT,0.583791,0.583791,0.912370,False
COF,SCHW,0.583782,0.583782,0.912380,True
IP,RF,0.583781,0.583781,0.912381,False
CVX,MOS,0.583770,0.583770,0.912392,False
GS,HST,0.583755,0.583755,0.912408,False
GWW,ROK,0.583746,0.583746,0.912419,True
AMP,BA,0.583745,0.583745,0.912420,False
HST,IVZ,0.583735,0.583735,0.912430,False
AFL,V,0.583719,0.583719,0.912449,True
IP,TFC,0.583714,0.583714,0.912454,False
APTV,MS,0.583714,0.583714,0.912454,False
BAC,WRB,0.583713,0.583713,0.912455,True
BKR,RF,0.583696,0.583696,0.912473,False
C,XOM,0.583695,0.583695,0.912475,False
BXP,PH,0.583686,0.583686,0.912485,False
CTAS,GD,0.583685,0.583685,0.912486,True
CDW,HPQ,0.583670,0.583670,0.912502,True
IEX,MS,0.583658,0.583658,0.912515,False
IEX,PRU,0.583653,0.583653,0.912520,False
J,JCI,0.583652,0.583652,0.912521,True
HBAN,NUE,0.583641,0.583641,0.912534,False
CFG,NDSN,0.583637,0.583637,0.912539,False
ETN,IVZ,0.583607,0.583607,0.912571,False
GS,HPE,0.583584,0.583584,0.912596,False
MET,NUE,0.583582,0.583582,0.912599,False
BAC,V,0.583579,0.583579,0.912601,True
ADSK,TYL,0.583550,0.583550,0.912634,True
BAC,NUE,0.583544,0.583544,0.912641,False
KKR,TFC,0.583542,0.583542,0.912643,True
JCI,SNA,0.583540,0.583540,0.912644,True
CBRE,MAA,0.583538,0.583538,0.912647,True
ADP,ICE,0.583525,0.583525,0.912661,False
ECL,PFG,0.583519,0.583519,0.912667,False
AMZN,INTU,0.583514,0.583514,0.912673,False
DAL,KEY,0.583510,0.583510,0.912678,False
AOS,SWK,0.583510,0.583510,0.912678,True
AMP,GPC,0.583504,0.583504,0.912684,False
KIM,LYB,0.583489,0.583489,0.912700,False
RTX,SYF,0.583486,0.583486,0.912703,False
CMI,IEX,0.583476,0.583476,0.912714,True
ADSK,BLK,0.583459,0.583459,0.912733,False
KEY,STLD,0.583446,0.583446,0.912747,False
ESS,EVRG,0.583435,0.583435,0.912759,False
CSX,SNA,0.583430,0.583430,0.912765,True
ALLE,CTAS,0.583420,0.583420,0.912776,True
BRK-B,IR,0.583396,0.583396,0.912802,False
CFG,MLM,0.583370,0.583370,0.912830,False
LYB,PKG,0.583357,0.583357,0.912845,True
CPAY,CTAS,0.583342,0.583342,0.912862,False
ALLE,RJF,0.583311,0.583311,0.912895,False
DE,MS,0.583289,0.583289,0.912920,False
AXP,ROK,0.583281,0.583281,0.912929,False
BAC,CB,0.583244,0.583244,0.912969,True
CTSH,GPN,0.583217,0.583217,0.912999,False
AMAT,CDW,0.583209,0.583209,0.913007,True
FTNT,PANW,0.583192,0.583192,0.913026,True
CAT,J,0.583192,0.583192,0.913026,True
AIG,PSX,0.583182,0.583182,0.913037,False
CMS,PG,0.583175,0.583175,0.913044,False
AFL,TDG,0.583174,0.583174,0.913046,False
BAC,TPR,0.583130,0.583130,0.913094,False
BRO,L,0.583125,0.583125,0.913099,True
JPM,PNR,0.583108,0.583108,0.913118,False
INTC,MCHP,0.583071,0.583071,0.913158,True
CCI,DOC,0.583055,0.583055,0.913176,True
BLK,SHW,0.583053,0.583053,0.913178,False
CCL,KIM,0.583026,0.583026,0.913207,False
CBRE,HWM,0.583024,0.583024,0.913210,False
ADI,GS,0.583017,0.583017,0.913217,False
AIG,CCL,0.583004,0.583004,0.913231,False
ADSK,TROW,0.582996,0.582996,0.913241,False
ECL,ETN,0.582988,0.582988,0.913249,False
EXC,PEP,0.582955,0.582955,0.913285,False
HPE,PH,0.582953,0.582953,0.913287,False
DUK,MDLZ,0.582943,0.582943,0.913298,False
CPAY,TEL,0.582926,0.582926,0.913317,False
CPRT,TROW,0.582925,0.582925,0.913318,False
DOW,WAB,0.582925,0.582925,0.913318,False
CB,TFC,0.582923,0.582923,0.913320,True
KIM,UAL,0.582922,0.582922,0.913321,False
ADI,ITW,0.582905,0.582905,0.913340,False
AVGO,MSFT,0.582851,0.582851,0.913399,True
TEL,ZBRA,0.582847,0.582847,0.913403,True
GD,RSG,0.582830,0.582830,0.913422,True
COP,RF,0.582819,0.582819,0.913435,False
CPAY,ITW,0.582806,0.582806,0.913448,False
EQIX,MCO,0.582798,0.582798,0.913457,False
IRM,MAA,0.582798,0.582798,0.913457,True
IP,PFG,0.582792,0.582792,0.913464,False
CRH,TXT,0.582781,0.582781,0.913476,False
AIG,SNA,0.582780,0.582780,0.913477,False
DE,LYB,0.582750,0.582750,0.913510,False
APA,VLO,0.582747,0.582747,0.913513,True
LII,SWK,0.582746,0.582746,0.913514,True
AIG,HAL,0.582729,0.582729,0.913533,False
BRO,ROP,0.582700,0.582700,0.913564,False
LUV,MET,0.582699,0.582699,0.913566,False
ADP,MAA,0.582688,0.582688,0.913578,False
GS,MA,0.582652,0.582652,0.913617,True
APTV,PNC,0.582623,0.582623,0.913649,False
AMP,DAL,0.582620,0.582620,0.913651,False
DRI,PH,0.582578,0.582578,0.913698,False
LIN,ROP,0.582559,0.582559,0.913718,False
GPC,PPG,0.582552,0.582552,0.913726,False
DRI,RCL,0.582552,0.582552,0.913727,True
AAPL,CDNS,0.582539,0.582539,0.913740,True
HWM,REG,0.582528,0.582528,0.913753,False
OMC,USB,0.582525,0.582525,0.913756,False
BKNG,MS,0.582490,0.582490,0.913794,False
PPG,UNP,0.582470,0.582470,0.913817,False
FOX,OMC,0.582449,0.582449,0.913839,True
CFG,RTX,0.582442,0.582442,0.913846,False
FTV,LYB,0.582393,0.582393,0.913901,False
ADBE,AMZN,0.582389,0.582389,0.913905,False
HBAN,HPE,0.582386,0.582386,0.913908,False
ADSK,TEL,0.582359,0.582359,0.913938,True
CSX,PPG,0.582324,0.582324,0.913975,False
AFL,WY,0.582323,0.582323,0.913977,False
LUV,MAR,0.582310,0.582310,0.913991,False
DAL,HON,0.582301,0.582301,0.914002,True
TDG,VMC,0.582296,0.582296,0.914006,False
BAC,JCI,0.582293,0.582293,0.914010,False
CFG,JCI,0.582292,0.582292,0.914011,False
DOV,TJX,0.582291,0.582291,0.914012,False
CRH,STT,0.582268,0.582268,0.914037,False
SYF,VMC,0.582253,0.582253,0.914053,False
GD,SNA,0.582242,0.582242,0.914066,True
GM,SWK,0.582229,0.582229,0.914080,False
CDNS,SWKS,0.582221,0.582221,0.914088,True
TFC,TPR,0.582178,0.582178,0.914136,False
AIG,SLB,0.582177,0.582177,0.914137,False
MGM,PPG,0.582174,0.582174,0.914140,False
ADP,UDR,0.582149,0.582149,0.914167,False
PNW,WELL,0.582095,0.582095,0.914227,False
BX,CDW,0.582092,0.582092,0.914230,False
BRK-B,JCI,0.582091,0.582091,0.914231,False
AME,TJX,0.582090,0.582090,0.914232,False
CAT,KEY,0.582082,0.582082,0.914241,False
CDW,GS,0.582077,0.582077,0.914246,False
BBY,SWK,0.582051,0.582051,0.914275,False
JPM,WY,0.582041,0.582041,0.914286,False
AEE,UDR,0.582040,0.582040,0.914286,False
APO,URI,0.582030,0.582030,0.914298,False
BR,ITW,0.582025,0.582025,0.914303,True
FICO,SPGI,0.582022,0.582022,0.914306,False
GS,UAL,0.582011,0.582011,0.914319,False
RF,SYY,0.581997,0.581997,0.914334,False
APH,C,0.581983,0.581983,0.914349,False
CCL,RF,0.581980,0.581980,0.914353,False
DVN,PFG,0.581964,0.581964,0.914369,False
MDLZ,RSG,0.581941,0.581941,0.914395,False
ES,PEP,0.581940,0.581940,0.914396,False
GPC,PCAR,0.581931,0.581931,0.914406,False
L,PSX,0.581930,0.581930,0.914407,False
CAT,IEX,0.581930,0.581930,0.914407,True
CTAS,DTE,0.581915,0.581915,0.914424,False
PCAR,RF,0.581895,0.581895,0.914445,False
IR,MLM,0.581893,0.581893,0.914447,False
CDW,FTV,0.581877,0.581877,0.914465,False
DOV,GE,0.581862,0.581862,0.914482,True
AMD,TXN,0.581852,0.581852,0.914492,True
NCLH,PRU,0.581841,0.581841,0.914505,False
COF,NCLH,0.581837,0.581837,0.914508,False
IEX,RF,0.581836,0.581836,0.914510,False
AMP,TXN,0.581810,0.581810,0.914538,False
AMZN,NVDA,0.581810,0.581810,0.914538,False
GPN,PH,0.581810,0.581810,0.914539,False
CFG,IP,0.581788,0.581788,0.914562,False
MS,NUE,0.581775,0.581775,0.914576,False
ACN,NDSN,0.581765,0.581765,0.914587,False
COF,V,0.581760,0.581760,0.914593,True
JCI,PNC,0.581751,0.581751,0.914603,False
DE,TXT,0.581749,0.581749,0.914605,True
PNR,USB,0.581730,0.581730,0.914626,False
HUBB,KKR,0.581719,0.581719,0.914637,False
OMC,PH,0.581712,0.581712,0.914646,False
ALLE,NTRS,0.581684,0.581684,0.914676,False
GM,MAR,0.581681,0.581681,0.914680,True
ACGL,RF,0.581653,0.581653,0.914710,True
BKNG,PRU,0.581652,0.581652,0.914711,False
CSX,IVZ,0.581646,0.581646,0.914717,False
KKR,ROK,0.581640,0.581640,0.914725,False
DOV,EXPD,0.581627,0.581627,0.914739,True
AJG,L,0.581625,0.581625,0.914740,True
FITB,RL,0.581599,0.581599,0.914769,False
ALLE,BEN,0.581599,0.581599,0.914769,False
DVN,RF,0.581596,0.581596,0.914772,False
MTD,TROW,0.581591,0.581591,0.914778,False
PPG,USB,0.581560,0.581560,0.914811,False
C,XYL,0.581554,0.581554,0.914818,False
JCI,RF,0.581545,0.581545,0.914828,False
DE,FITB,0.581539,0.581539,0.914834,False
ADP,MSI,0.581538,0.581538,0.914836,False
CDW,MA,0.581538,0.581538,0.914836,False
C,DIS,0.581532,0.581532,0.914842,False
TDG,UAL,0.581510,0.581510,0.914866,True
L,NDSN,0.581480,0.581480,0.914898,False
CB,RF,0.581440,0.581440,0.914943,True
L,PKG,0.581429,0.581429,0.914955,False
HON,MMM,0.581427,0.581427,0.914957,True
BX,SPGI,0.581396,0.581396,0.914991,True
BX,CPRT,0.581387,0.581387,0.915001,False
DOV,HIG,0.581367,0.581367,0.915022,False
BEN,CAT,0.581363,0.581363,0.915027,False
BR,VRSK,0.581357,0.581357,0.915033,True
AVY,PNC,0.581331,0.581331,0.915062,False
KMI,MS,0.581301,0.581301,0.915095,False
BRO,WM,0.581299,0.581299,0.915097,False
MA,MSCI,0.581295,0.581295,0.915101,True
BX,MET,0.581283,0.581283,0.915114,True
HBAN,JCI,0.581274,0.581274,0.915124,False
BR,NDAQ,0.581273,0.581273,0.915125,False
IP,PH,0.581268,0.581268,0.915130,False
MPC,TXT,0.581249,0.581249,0.915151,False
JPM,MPC,0.581231,0.581231,0.915171,False
PCAR,ROK,0.581225,0.581225,0.915178,True
IR,NTRS,0.581221,0.581221,0.915182,False
DRI,ROST,0.581194,0.581194,0.915212,True
FCX,GS,0.581182,0.581182,0.915225,False
HCA,SYK,0.581169,0.581169,0.915238,True
STLD,STT,0.581151,0.581151,0.915259,False
AVY,LYB,0.581150,0.581150,0.915259,True
DOV,TXN,0.581149,0.581149,0.915260,False
INVH,KIM,0.581144,0.581144,0.915266,True
DOW,MTB,0.581140,0.581140,0.915270,False
FAST,PNR,0.581133,0.581133,0.915278,True
AFL,WAB,0.581132,0.581132,0.915279,False
REG,USB,0.581119,0.581119,0.915294,False
TT,WAB,0.581116,0.581116,0.915297,True
HPE,RF,0.581106,0.581106,0.915307,False
SPG,TJX,0.581102,0.581102,0.915312,False
A,MCO,0.581090,0.581090,0.915325,False
APO,IVZ,0.581060,0.581060,0.915358,True
HLT,PRU,0.581006,0.581006,0.915416,False
BR,VRSN,0.580986,0.580986,0.915439,False
IBKR,SCHW,0.580966,0.580966,0.915460,True
BAC,OKE,0.580938,0.580938,0.915491,False
KEY,PPG,0.580928,0.580928,0.915503,False
ETR,INVH,0.580924,0.580924,0.915506,False
FITB,TRGP,0.580919,0.580919,0.915512,False
KIM,WAB,0.580892,0.580892,0.915542,False
LNT,PG,0.580885,0.580885,0.915549,False
AIG,TDY,0.580860,0.580860,0.915576,False
HUBB,TROW,0.580828,0.580828,0.915611,False
ETN,VMC,0.580808,0.580808,0.915633,False
DRI,FRT,0.580807,0.580807,0.915634,False
BRK-B,GWW,0.580791,0.580791,0.915652,False
AJG,VRSK,0.580780,0.580780,0.915664,False
BAC,PCAR,0.580766,0.580766,0.915679,False
GS,V,0.580752,0.580752,0.915694,True
BRK-B,CRH,0.580740,0.580740,0.915707,False
ED,SRE,0.580740,0.580740,0.915708,True
ADP,FDS,0.580738,0.580738,0.915709,False
APH,SYF,0.580738,0.580738,0.915710,False
INTU,PAYC,0.580732,0.580732,0.915716,False
GIS,KHC,0.580718,0.580718,0.915732,True
AMP,BSX,0.580717,0.580717,0.915732,False
ADP,FTV,0.580708,0.580708,0.915743,True
OKE,SYY,0.580692,0.580692,0.915760,False
DRI,MCD,0.580680,0.580680,0.915772,True
CMI,NSC,0.580680,0.580680,0.915773,True
JCI,MLM,0.580677,0.580677,0.915777,False
HWM,MTB,0.580667,0.580667,0.915787,False
PPG,ROK,0.580666,0.580666,0.915789,False
PPG,TT,0.580633,0.580633,0.915824,False
TEL,USB,0.580631,0.580631,0.915827,False
APH,APO,0.580628,0.580628,0.915830,False
BAC,COP,0.580625,0.580625,0.915833,False
AME,BR,0.580621,0.580621,0.915838,True
LUV,SYF,0.580591,0.580591,0.915870,False
BAC,RL,0.580589,0.580589,0.915872,False
AME,DE,0.580583,0.580583,0.915879,True
CBRE,ECL,0.580538,0.580538,0.915928,False
HIG,MS,0.580532,0.580532,0.915935,True
HLT,MA,0.580501,0.580501,0.915968,False
PNR,TRMB,0.580485,0.580485,0.915986,False
DRI,KIM,0.580481,0.580481,0.915990,False
PNC,SLB,0.580479,0.580479,0.915992,False
KEY,UAL,0.580466,0.580466,0.916007,False
CAT,COF,0.580454,0.580454,0.916020,False
PNC,STLD,0.580451,0.580451,0.916023,False
BX,INTU,0.580415,0.580415,0.916063,False
AME,HBAN,0.580403,0.580403,0.916075,False
BKNG,V,0.580402,0.580402,0.916077,False
GS,NUE,0.580383,0.580383,0.916097,False
TER,WDC,0.580379,0.580379,0.916102,True
L,UDR,0.580357,0.580357,0.916125,False
AMT,ARE,0.580348,0.580348,0.916135,True
CINF,PAYX,0.580306,0.580306,0.916182,False
ARE,CCI,0.580294,0.580294,0.916194,True
KKR,TXT,0.580291,0.580291,0.916197,False
ROK,SYF,0.580278,0.580278,0.916211,False
CDW,EMR,0.580271,0.580271,0.916219,False
DD,WY,0.580264,0.580264,0.916227,False
COP,FITB,0.580262,0.580262,0.916229,False
CTAS,REG,0.580248,0.580248,0.916244,False
DOC,EVRG,0.580206,0.580206,0.916290,False
KIM,MS,0.580196,0.580196,0.916301,False
COF,PSX,0.580174,0.580174,0.916325,False
BXP,SWK,0.580162,0.580162,0.916338,False
AEP,MAA,0.580158,0.580158,0.916343,False
MET,MGM,0.580138,0.580138,0.916364,False
HWM,SPG,0.580115,0.580115,0.916390,False
BRK-B,SCHW,0.580101,0.580101,0.916405,True
EMR,MA,0.580085,0.580085,0.916422,False
GM,TXT,0.580079,0.580079,0.916429,False
CPAY,RF,0.580076,0.580076,0.916432,True
CDW,MS,0.580065,0.580065,0.916444,False
DRI,HST,0.580035,0.580035,0.916477,False
FTV,HD,0.580034,0.580034,0.916478,False
AEE,PG,0.580032,0.580032,0.916480,False
MTB,WRB,0.580032,0.580032,0.916481,True
HON,MCO,0.579996,0.579996,0.916520,False
COP,MET,0.579967,0.579967,0.916551,False
BRK-B,KIM,0.579948,0.579948,0.916572,False
PRU,UDR,0.579927,0.579927,0.916595,False
JPM,MLM,0.579922,0.579922,0.916600,False
FAST,XYL,0.579897,0.579897,0.916628,True
AXP,TPR,0.579896,0.579896,0.916628,False
MTB,OMC,0.579894,0.579894,0.916631,False
HLT,TXT,0.579883,0.579883,0.916643,False
FTV,ROP,0.579870,0.579870,0.916657,False
BAC,XOM,0.579864,0.579864,0.916664,False
CSX,MCO,0.579858,0.579858,0.916670,False
AIG,MAR,0.579853,0.579853,0.916675,False
JBL,TXT,0.579821,0.579821,0.916710,False
BRK-B,SWK,0.579813,0.579813,0.916719,False
ESS,LNT,0.579810,0.579810,0.916723,False
ADP,MET,0.579809,0.579809,0.916723,False
DD,ROK,0.579809,0.579809,0.916724,False
AWK,PG,0.579798,0.579798,0.916735,False
PFG,RL,0.579786,0.579786,0.916748,False
LYB,UNP,0.579754,0.579754,0.916783,False
COF,TRMB,0.579753,0.579753,0.916784,False
AME,BEN,0.579742,0.579742,0.916796,False
ALLE,AXP,0.579727,0.579727,0.916813,False
NDSN,TFC,0.579695,0.579695,0.916848,False
CBRE,NVR,0.579666,0.579666,0.916880,False
AMCR,L,0.579658,0.579658,0.916888,False
GD,XYL,0.579644,0.579644,0.916904,True
PH,ROP,0.579641,0.579641,0.916907,False
PPL,RSG,0.579595,0.579595,0.916957,False
IQV,MA,0.579588,0.579588,0.916965,False
DD,SNA,0.579576,0.579576,0.916977,False
DOW,XOM,0.579568,0.579568,0.916986,False
HWM,KIM,0.579560,0.579560,0.916995,False
ATO,PEP,0.579554,0.579554,0.917001,False
GPN,MS,0.579550,0.579550,0.917006,True
HIG,VTR,0.579538,0.579538,0.917019,False
MAR,ROST,0.579526,0.579526,0.917032,True
AMZN,CDNS,0.579525,0.579525,0.917034,False
AWK,FE,0.579525,0.579525,0.917034,True
HIG,HON,0.579502,0.579502,0.917059,False
CCL,HBAN,0.579493,0.579493,0.917068,False
CSX,DOW,0.579491,0.579491,0.917071,False
AME,MMM,0.579482,0.579482,0.917080,True
NSC,STT,0.579478,0.579478,0.917084,False
JPM,OMC,0.579453,0.579453,0.917112,False
MET,STLD,0.579409,0.579409,0.917159,False
IP,SWK,0.579409,0.579409,0.917159,False
FITB,GD,0.579358,0.579358,0.917215,False
GPC,PRU,0.579342,0.579342,0.917233,False
DOV,KIM,0.579279,0.579279,0.917301,False
HIG,MTB,0.579263,0.579263,0.917319,True
BRK-B,HUBB,0.579251,0.579251,0.917332,False
MU,STX,0.579246,0.579246,0.917338,True
COP,DOW,0.579245,0.579245,0.917339,False
TROW,V,0.579241,0.579241,0.917343,True
AVY,EMR,0.579225,0.579225,0.917360,False
MET,RL,0.579214,0.579214,0.917372,False
HIG,TDY,0.579201,0.579201,0.917386,False
HIG,MLM,0.579200,0.579200,0.917387,False
CMI,TROW,0.579179,0.579179,0.917410,False
FTV,L,0.579161,0.579161,0.917430,False
VMC,WAB,0.579160,0.579160,0.917431,False
RJF,V,0.579158,0.579158,0.917434,True
APO,TFC,0.579139,0.579139,0.917454,True
BAC,HUBB,0.579116,0.579116,0.917479,False
KEY,PSX,0.579098,0.579098,0.917499,False
ITW,TXN,0.579059,0.579059,0.917541,False
APTV,SPG,0.579058,0.579058,0.917543,False
AVY,DD,0.579045,0.579045,0.917557,True
RTX,SYY,0.579044,0.579044,0.917557,False
AMP,HAL,0.579041,0.579041,0.917561,False
BLK,SWKS,0.579040,0.579040,0.917562,False
OMC,RJF,0.579009,0.579009,0.917596,False
NTRS,SNA,0.578997,0.578997,0.917609,False
HUBB,LII,0.578994,0.578994,0.917612,True
TJX,V,0.578986,0.578986,0.917620,False
APTV,MCHP,0.578975,0.578975,0.917633,False
SCHW,SYF,0.578975,0.578975,0.917633,True
BX,NDAQ,0.578972,0.578972,0.917636,True
AMT,CPT,0.578956,0.578956,0.917654,True
CRH,TDG,0.578949,0.578949,0.917662,False
INVH,WELL,0.578945,0.578945,0.917666,True
DRI,REG,0.578945,0.578945,0.917666,False
HON,IVZ,0.578942,0.578942,0.917669,False
BX,MSFT,0.578929,0.578929,0.917683,False
EMR,ROP,0.578921,0.578921,0.917692,False
AMP,SYY,0.578918,0.578918,0.917695,False
BRO,ECL,0.578908,0.578908,0.917706,False
CBRE,HIG,0.578885,0.578885,0.917731,False
ACGL,BAC,0.578884,0.578884,0.917732,True
NXPI,SYF,0.578876,0.578876,0.917740,False
BAC,BKR,0.578875,0.578875,0.917742,False
AEE,CCI,0.578869,0.578869,0.917748,False
NWSA,TROW,0.578849,0.578849,0.917771,False
GLW,STT,0.578814,0.578814,0.917808,False
IVZ,NSC,0.578807,0.578807,0.917816,False
CFG,RL,0.578807,0.578807,0.917816,False
J,TT,0.578802,0.578802,0.917822,True
ADSK,TRMB,0.578797,0.578797,0.917827,True
CTSH,ITW,0.578796,0.578796,0.917828,False
TT,VMC,0.578781,0.578781,0.917844,False
AVY,TXT,0.578775,0.578775,0.917851,False
GPC,PFG,0.578775,0.578775,0.917851,False
ICE,RSG,0.578758,0.578758,0.917869,False
AME,BLDR,0.578721,0.578721,0.917910,True
CRL,TMO,0.578713,0.578713,0.917919,True
CSX,ROP,0.578693,0.578693,0.917940,False
J,PWR,0.578672,0.578672,0.917963,True
FE,WEC,0.578671,0.578671,0.917964,True
ALLE,IVZ,0.578669,0.578669,0.917966,False
FITB,TRMB,0.578657,0.578657,0.917980,False
DOV,FCX,0.578651,0.578651,0.917986,False
NDSN,SYF,0.578650,0.578650,0.917987,False
ADP,XYL,0.578648,0.578648,0.917989,True
CTAS,ICE,0.578626,0.578626,0.918013,False
GLW,TXN,0.578605,0.578605,0.918036,True
MAR,PNC,0.578604,0.578604,0.918038,False
MDT,STE,0.578586,0.578586,0.918057,True
MOS,SLB,0.578578,0.578578,0.918065,False
BLK,FAST,0.578577,0.578577,0.918066,False
ADSK,KKR,0.578570,0.578570,0.918074,False
CDW,ITW,0.578555,0.578555,0.918090,False
RJF,WY,0.578546,0.578546,0.918100,False
NUE,RF,0.578532,0.578532,0.918116,False
ACGL,HON,0.578529,0.578529,0.918118,False
NDSN,STT,0.578529,0.578529,0.918119,False
CB,RSG,0.578527,0.578527,0.918121,False
MET,UAL,0.578522,0.578522,0.918126,False
CTAS,MSI,0.578494,0.578494,0.918157,False
CRH,MCO,0.578480,0.578480,0.918172,False
AMP,NXPI,0.578474,0.578474,0.918178,False
KKR,MA,0.578463,0.578463,0.918190,True
STLD,SYF,0.578455,0.578455,0.918199,False
GWW,HD,0.578446,0.578446,0.918209,False
AJG,ICE,0.578444,0.578444,0.918212,True
ADP,ALLE,0.578432,0.578432,0.918225,True
DOC,SO,0.578368,0.578368,0.918294,False
FITB,RCL,0.578367,0.578367,0.918295,False
INVH,PAYX,0.578363,0.578363,0.918299,False
AXP,IEX,0.578358,0.578358,0.918305,False
KKR,LRCX,0.578358,0.578358,0.918305,False
PPG,V,0.578332,0.578332,0.918333,False
RF,VLO,0.578321,0.578321,0.918345,False
BKR,L,0.578314,0.578314,0.918353,False
NDSN,TDY,0.578296,0.578296,0.918373,False
JBL,MU,0.578281,0.578281,0.918389,True
INTU,XYZ,0.578280,0.578280,0.918390,False
FOX,WBD,0.578278,0.578278,0.918392,True
PH,RL,0.578267,0.578267,0.918404,False
IEX,TRMB,0.578246,0.578246,0.918427,False
GD,WAB,0.578225,0.578225,0.918450,True
PAYX,VRSN,0.578223,0.578223,0.918452,False
JPM,UAL,0.578216,0.578216,0.918460,False
CCL,PH,0.578213,0.578213,0.918463,False
GLW,TFC,0.578204,0.578204,0.918472,False
SYF,XYL,0.578204,0.578204,0.918472,False
HBAN,PNR,0.578190,0.578190,0.918488,False
FITB,GPN,0.578187,0.578187,0.918491,True
FTV,JBL,0.578181,0.578181,0.918497,False
BBY,MAS,0.578171,0.578171,0.918508,False
RSG,UDR,0.578108,0.578108,0.918577,False
AME,AOS,0.578098,0.578098,0.918588,True
BX,SWK,0.578097,0.578097,0.918589,False
GS,KMI,0.578095,0.578095,0.918591,False
APH,JPM,0.578092,0.578092,0.918594,False
INTU,LRCX,0.578089,0.578089,0.918598,True
MGM,ON,0.578059,0.578059,0.918630,False
COF,JBL,0.578059,0.578059,0.918631,False
CB,USB,0.578058,0.578058,0.918632,True
PNC,V,0.578040,0.578040,0.918652,True
KEY,WY,0.578038,0.578038,0.918653,False
GPC,NDSN,0.578036,0.578036,0.918655,False
AME,ARES,0.578000,0.578000,0.918694,False
ADI,SWK,0.577985,0.577985,0.918711,False
TEL,WFC,0.577981,0.577981,0.918715,False
KMI,MOS,0.577981,0.577981,0.918715,False
MA,MDT,0.577981,0.577981,0.918715,False
RF,RL,0.577978,0.577978,0.918719,False
CTAS,TROW,0.577964,0.577964,0.918734,False
DOW,URI,0.577945,0.577945,0.918755,False
IP,PPG,0.577926,0.577926,0.918776,True
APH,COF,0.577915,0.577915,0.918787,False
AWK,PEG,0.577910,0.577910,0.918793,True
C,CDW,0.577907,0.577907,0.918796,False
CTSH,NDSN,0.577904,0.577904,0.918799,False
EMR,V,0.577903,0.577903,0.918800,False
MGM,SWK,0.577901,0.577901,0.918802,False
PSX,USB,0.577890,0.577890,0.918815,False
STLD,WAB,0.577882,0.577882,0.918823,False
PH,TJX,0.577825,0.577825,0.918885,False
FITB,PCAR,0.577782,0.577782,0.918932,False
SYF,TJX,0.577765,0.577765,0.918950,False
BX,CPAY,0.577762,0.577762,0.918954,True
C,WMB,0.577752,0.577752,0.918965,False
APH,PRU,0.577745,0.577745,0.918973,False
HAL,L,0.577744,0.577744,0.918974,False
AVY,NSC,0.577740,0.577740,0.918977,False
CSX,MA,0.577684,0.577684,0.919039,False
BXP,C,0.577683,0.577683,0.919040,False
CRH,NDSN,0.577682,0.577682,0.919041,False
CTSH,PRU,0.577666,0.577666,0.919058,False
PNC,TDG,0.577654,0.577654,0.919071,False
BR,INTU,0.577651,0.577651,0.919075,False
C,FCX,0.577603,0.577603,0.919127,False
GPN,TROW,0.577592,0.577592,0.919138,True
DAL,REG,0.577575,0.577575,0.919157,False
DOV,PHM,0.577558,0.577558,0.919175,False
AME,MTB,0.577544,0.577544,0.919191,False
NWSA,TXT,0.577534,0.577534,0.919201,False
SYF,UNP,0.577533,0.577533,0.919203,False
COF,CVX,0.577502,0.577502,0.919237,False
SYY,WY,0.577481,0.577481,0.919260,False
PH,SCHW,0.577445,0.577445,0.919298,False
BR,CTAS,0.577431,0.577431,0.919313,True
IEX,MET,0.577428,0.577428,0.919317,False
DOW,NSC,0.577416,0.577416,0.919330,False
C,NCLH,0.577404,0.577404,0.919344,False
AME,NDAQ,0.577402,0.577402,0.919346,False
IR,LYB,0.577391,0.577391,0.919357,False
FIX,TT,0.577387,0.577387,0.919362,True
FITB,VMC,0.577380,0.577380,0.919369,False
ETN,STLD,0.577379,0.577379,0.919371,False
CFG,TRGP,0.577375,0.577375,0.919375,False
BLK,IR,0.577369,0.577369,0.919381,False
PRU,ROK,0.577354,0.577354,0.919398,False
AMT,D,0.577350,0.577350,0.919402,False
GD,TRV,0.577348,0.577348,0.919405,False
COP,MOS,0.577341,0.577341,0.919411,False
AMAT,ETN,0.577334,0.577334,0.919420,False
GD,PPL,0.577332,0.577332,0.919422,False
MAA,MCO,0.577327,0.577327,0.919427,False
KEY,SNA,0.577312,0.577312,0.919443,False
L,SYK,0.577308,0.577308,0.919448,False
TT,TXT,0.577297,0.577297,0.919459,True
LYB,SNA,0.577291,0.577291,0.919466,False
PNR,SPGI,0.577289,0.577289,0.919469,False
AWK,CL,0.577278,0.577278,0.919480,False
EXC,MDLZ,0.577244,0.577244,0.919517,False
GS,TDG,0.577231,0.577231,0.919531,False
CTAS,TJX,0.577209,0.577209,0.919555,False
BKR,MS,0.577194,0.577194,0.919571,False
AAPL,KLAC,0.577154,0.577154,0.919615,True
AVY,BAC,0.577151,0.577151,0.919618,False
DOW,KEY,0.577150,0.577150,0.919619,False
CDW,SYF,0.577126,0.577126,0.919646,False
CTSH,SWK,0.577110,0.577110,0.919663,False
OKE,VTR,0.577108,0.577108,0.919665,False
PH,TXN,0.577102,0.577102,0.919672,False
AXP,NWSA,0.577096,0.577096,0.919679,False
OKE,TPL,0.577068,0.577068,0.919709,True
KEY,NSC,0.577058,0.577058,0.919719,False
C,GD,0.577055,0.577055,0.919723,False
MLM,ROK,0.577049,0.577049,0.919729,False
IEX,L,0.577035,0.577035,0.919745,False
CPAY,TXT,0.577025,0.577025,0.919755,False
CMI,LYB,0.577022,0.577022,0.919758,False
BX,USB,0.577019,0.577019,0.919761,True
ALL,PNC,0.576965,0.576965,0.919820,True
DHI,POOL,0.576961,0.576961,0.919825,True
RF,TPR,0.576949,0.576949,0.919838,False
ADP,GD,0.576948,0.576948,0.919839,True
SHW,SWK,0.576943,0.576943,0.919845,False
ROP,TROW,0.576941,0.576941,0.919847,False
POOL,SHW,0.576940,0.576940,0.919848,False
AMP,BKR,0.576928,0.576928,0.919861,False
GWW,PAYX,0.576921,0.576921,0.919868,True
FITB,NUE,0.576884,0.576884,0.919909,False
CPRT,NDSN,0.576851,0.576851,0.919944,True
KMI,SYF,0.576824,0.576824,0.919974,False
GWW,SNA,0.576817,0.576817,0.919982,True
HBAN,PPG,0.576796,0.576796,0.920004,False
DIS,MS,0.576795,0.576795,0.920005,False
AFL,PPL,0.576794,0.576794,0.920007,False
BAC,J,0.576783,0.576783,0.920019,False
BAC,KMI,0.576767,0.576767,0.920036,False
ALLE,CDW,0.576760,0.576760,0.920043,False
JBL,MPWR,0.576755,0.576755,0.920049,True
BA,GE,0.576723,0.576723,0.920084,True
CSX,PCAR,0.576720,0.576720,0.920087,True
CB,CFG,0.576699,0.576699,0.920109,True
A,TROW,0.576672,0.576672,0.920139,False
NWSA,PH,0.576652,0.576652,0.920161,False
ECL,EMR,0.576645,0.576645,0.920169,False
C,OMC,0.576644,0.576644,0.920169,False
CPRT,V,0.576622,0.576622,0.920193,False
FCX,WAB,0.576619,0.576619,0.920197,False
KMI,SPG,0.576613,0.576613,0.920204,False
AIZ,EG,0.576610,0.576610,0.920207,True
AME,GPC,0.576606,0.576606,0.920210,False
CBRE,MCO,0.576606,0.576606,0.920211,False
SNA,TT,0.576605,0.576605,0.920212,True
STT,SWK,0.576604,0.576604,0.920213,False
CPAY,CTSH,0.576601,0.576601,0.920216,False
IR,PWR,0.576601,0.576601,0.920216,True
DE,PNC,0.576597,0.576597,0.920221,False
A,BLK,0.576576,0.576576,0.920244,False
HD,NSC,0.576576,0.576576,0.920244,False
BRO,CTAS,0.576570,0.576570,0.920250,False
AEP,PEP,0.576563,0.576563,0.920258,False
HIG,WAB,0.576551,0.576551,0.920270,False
DOV,ZBRA,0.576549,0.576549,0.920273,False
NDSN,PLD,0.576542,0.576542,0.920280,False
CTSH,PH,0.576541,0.576541,0.920281,False
EXC,VICI,0.576534,0.576534,0.920289,False
KEYS,NDSN,0.576518,0.576518,0.920307,False
CPRT,SPGI,0.576515,0.576515,0.920310,False
PHM,PPG,0.576473,0.576473,0.920355,False
CMI,GPC,0.576468,0.576468,0.920361,False
SYF,V,0.576467,0.576467,0.920362,True
RF,XOM,0.576464,0.576464,0.920365,False
KMI,L,0.576462,0.576462,0.920368,False
CPT,IRM,0.576453,0.576453,0.920377,True
CMI,KEY,0.576452,0.576452,0.920378,False
NDSN,SWKS,0.576423,0.576423,0.920409,False
CFG,NUE,0.576415,0.576415,0.920418,False
JPM,TDY,0.576412,0.576412,0.920422,False
CBRE,PAYX,0.576403,0.576403,0.920432,False
BKR,COF,0.576396,0.576396,0.920439,False
HLT,LUV,0.576393,0.576393,0.920442,False
CDW,PRU,0.576387,0.576387,0.920449,False
AMP,NWS,0.576377,0.576377,0.920460,False
AIG,TJX,0.576371,0.576371,0.920466,False
MET,RCL,0.576362,0.576362,0.920476,False
DOW,IR,0.576341,0.576341,0.920499,False
EMR,GM,0.576241,0.576241,0.920608,False
FCX,PRU,0.576239,0.576239,0.920610,False
CVX,DOV,0.576237,0.576237,0.920612,False
HST,URI,0.576236,0.576236,0.920613,False
FITB,IEX,0.576232,0.576232,0.920617,False
ITW,LII,0.576227,0.576227,0.920622,True
ACGL,USB,0.576219,0.576219,0.920631,True
FRT,LYB,0.576218,0.576218,0.920632,False
AME,TXN,0.576211,0.576211,0.920640,False
ANET,APH,0.576206,0.576206,0.920645,True
KMB,PEP,0.576199,0.576199,0.920653,True
C,MA,0.576193,0.576193,0.920660,True
FITB,ROK,0.576193,0.576193,0.920660,False
GS,MGM,0.576183,0.576183,0.920671,False
BX,HD,0.576182,0.576182,0.920671,False
C,CINF,0.576169,0.576169,0.920686,True
AAPL,NXPI,0.576159,0.576159,0.920696,True
SPGI,ZTS,0.576159,0.576159,0.920697,False
FITB,GLW,0.576132,0.576132,0.920726,False
TFC,TRV,0.576127,0.576127,0.920731,True
CSX,ROK,0.576118,0.576118,0.920741,True
FTV,MAR,0.576109,0.576109,0.920750,False
ADP,PNR,0.576095,0.576095,0.920766,True
BRK-B,CBRE,0.576088,0.576088,0.920773,False
DOV,ON,0.576058,0.576058,0.920806,False
BEN,SWK,0.576055,0.576055,0.920810,False
APH,CTAS,0.576046,0.576046,0.920819,False
ARES,COF,0.576021,0.576021,0.920846,True
AJG,PAYX,0.576019,0.576019,0.920849,False
KO,L,0.576010,0.576010,0.920858,False
HWM,MLM,0.576001,0.576001,0.920868,False
HIG,RTX,0.575998,0.575998,0.920871,False
DAL,WFC,0.575989,0.575989,0.920881,False
CBRE,TDG,0.575974,0.575974,0.920897,False
APO,TEL,0.575966,0.575966,0.920906,False
MTD,NDSN,0.575947,0.575947,0.920926,False
AXP,TT,0.575946,0.575946,0.920927,False
ALLE,FITB,0.575945,0.575945,0.920929,False
MSFT,WDAY,0.575934,0.575934,0.920941,True
AFL,HWM,0.575928,0.575928,0.920948,False
BRK-B,DE,0.575908,0.575908,0.920970,False
DE,HON,0.575899,0.575899,0.920979,True
GLW,NDSN,0.575896,0.575896,0.920982,False
MGM,TFC,0.575891,0.575891,0.920988,False
TXT,UAL,0.575890,0.575890,0.920988,True
ETR,RSG,0.575881,0.575881,0.920999,False
PCAR,RJF,0.575874,0.575874,0.921006,False
UNP,XYL,0.575861,0.575861,0.921020,True
BLK,SCHW,0.575854,0.575854,0.921028,True
APO,MA,0.575848,0.575848,0.921035,True
FCX,HAL,0.575797,0.575797,0.921090,False
COF,DOW,0.575786,0.575786,0.921101,False
CCI,XEL,0.575785,0.575785,0.921103,False
IEX,J,0.575780,0.575780,0.921108,True
CFG,WMB,0.575772,0.575772,0.921116,False
CTSH,MCO,0.575766,0.575766,0.921123,False
COF,MPC,0.575757,0.575757,0.921133,False
JPM,PSX,0.575741,0.575741,0.921151,False
HPQ,PH,0.575737,0.575737,0.921155,False
BXP,L,0.575728,0.575728,0.921164,False
C,HLT,0.575722,0.575722,0.921171,False
L,RSG,0.575715,0.575715,0.921179,False
AXP,BKR,0.575695,0.575695,0.921200,False
AVY,BEN,0.575649,0.575649,0.921250,False
C,MLM,0.575618,0.575618,0.921284,False
BAC,CRH,0.575611,0.575611,0.921292,False
DTE,MDT,0.575604,0.575604,0.921299,False
COF,GE,0.575574,0.575574,0.921332,False
CRL,MTD,0.575549,0.575549,0.921359,True
CCI,CPT,0.575549,0.575549,0.921359,True
KEY,MPC,0.575533,0.575533,0.921376,False
NDSN,NVR,0.575498,0.575498,0.921414,False
ANET,NVDA,0.575483,0.575483,0.921430,True
HIG,PH,0.575481,0.575481,0.921432,False
KEY,MLM,0.575463,0.575463,0.921452,False
AIZ,CINF,0.575461,0.575461,0.921454,True
IP,TXT,0.575461,0.575461,0.921455,False
HAL,JPM,0.575448,0.575448,0.921469,False
CL,SO,0.575432,0.575432,0.921485,False
COF,IP,0.575430,0.575430,0.921488,False
AXP,JBL,0.575419,0.575419,0.921500,False
AJG,ROP,0.575417,0.575417,0.921502,False
GE,L,0.575409,0.575409,0.921511,False
V,VRSN,0.575386,0.575386,0.921535,False
ADI,ROK,0.575385,0.575385,0.921537,False
CPAY,STT,0.575379,0.575379,0.921544,True
APH,MCO,0.575374,0.575374,0.921549,False
HD,WSM,0.575373,0.575373,0.921550,True
ADP,PFG,0.575356,0.575356,0.921568,False
KMI,RTX,0.575337,0.575337,0.921589,False
BAC,VLO,0.575328,0.575328,0.921598,False
DIS,PFG,0.575295,0.575295,0.921635,False
KEY,TDG,0.575283,0.575283,0.921648,False
PFG,TRGP,0.575263,0.575263,0.921669,False
GM,UAL,0.575263,0.575263,0.921669,False
IEX,NTRS,0.575246,0.575246,0.921688,False
AOS,XYL,0.575240,0.575240,0.921694,True
LUV,MGM,0.575227,0.575227,0.921709,False
CTAS,SYF,0.575219,0.575219,0.921717,False
AXP,OKE,0.575210,0.575210,0.921727,False
IR,IVZ,0.575206,0.575206,0.921731,False
AMP,BRO,0.575201,0.575201,0.921737,True
IEX,JCI,0.575192,0.575192,0.921746,True
IR,L,0.575179,0.575179,0.921761,False
HWM,USB,0.575177,0.575177,0.921763,False
MAR,MS,0.575171,0.575171,0.921769,False
FRT,SNA,0.575141,0.575141,0.921802,False
COF,NDSN,0.575137,0.575137,0.921805,False
AOS,LII,0.575127,0.575127,0.921817,True
CPRT,ECL,0.575125,0.575125,0.921819,False
APD,ITW,0.575123,0.575123,0.921821,False
ADSK,APH,0.575110,0.575110,0.921835,True
LIN,PNR,0.575100,0.575100,0.921846,False
CB,HON,0.575086,0.575086,0.921861,False
GLW,L,0.575084,0.575084,0.921863,False
BKNG,LYV,0.575076,0.575076,0.921872,False
MGM,REG,0.575074,0.575074,0.921874,False
CAT,SWK,0.575071,0.575071,0.921877,True
ALLE,IR,0.575046,0.575046,0.921904,True
HLT,ROST,0.575045,0.575045,0.921906,True
BEN,TEL,0.575043,0.575043,0.921907,False
COF,ROK,0.575030,0.575030,0.921922,False
DOV,SHW,0.575026,0.575026,0.921926,False
DOV,MAA,0.575020,0.575020,0.921933,False
CMI,WY,0.575019,0.575019,0.921933,False
HON,VICI,0.574992,0.574992,0.921963,False
BR,ROP,0.574974,0.574974,0.921982,False
IQV,PNR,0.574967,0.574967,0.921991,False
BX,TXT,0.574964,0.574964,0.921993,False
AMAT,TROW,0.574963,0.574963,0.921995,False
JBL,TER,0.574955,0.574955,0.922004,True
BLK,CAT,0.574952,0.574952,0.922007,False
AMCR,LYB,0.574947,0.574947,0.922012,True
IVZ,RL,0.574938,0.574938,0.922022,False
DVN,MOS,0.574932,0.574932,0.922028,False
DAL,USB,0.574927,0.574927,0.922034,False
HIG,VMC,0.574925,0.574925,0.922036,False
HIG,KMI,0.574918,0.574918,0.922044,False
IR,TROW,0.574880,0.574880,0.922085,False
CDW,KLAC,0.574877,0.574877,0.922087,True
KMI,TFC,0.574874,0.574874,0.922091,False
KIM,TJX,0.574869,0.574869,0.922097,False
DOV,RL,0.574864,0.574864,0.922102,False
HBAN,VLO,0.574862,0.574862,0.922104,False
AWK,CPT,0.574843,0.574843,0.922125,False
NWSA,OMC,0.574839,0.574839,0.922129,True
MCD,MDLZ,0.574828,0.574828,0.922141,False
BXP,PNR,0.574810,0.574810,0.922161,False
MAS,PLD,0.574800,0.574800,0.922171,False
BEN,HON,0.574798,0.574798,0.922173,False
GWW,NSC,0.574775,0.574775,0.922198,True
BXP,MS,0.574767,0.574767,0.922207,False
PNC,TPR,0.574751,0.574751,0.922224,False
CBRE,SNA,0.574747,0.574747,0.922229,False
KKR,RF,0.574723,0.574723,0.922255,True
MCD,V,0.574719,0.574719,0.922259,False
CFG,VLO,0.574716,0.574716,0.922263,False
MSI,PAYX,0.574714,0.574714,0.922265,False
KMI,O,0.574711,0.574711,0.922268,False
L,MPC,0.574707,0.574707,0.922272,False
CBRE,TRMB,0.574704,0.574704,0.922275,False
CTAS,MAA,0.574702,0.574702,0.922278,False
DD,MTB,0.574690,0.574690,0.922290,False
VMC,XYL,0.574671,0.574671,0.922311,False
CF,CVX,0.574638,0.574638,0.922348,False
CSCO,PAYX,0.574627,0.574627,0.922359,False
KKR,SWK,0.574623,0.574623,0.922363,False
DOW,STLD,0.574622,0.574622,0.922364,True
ADP,CPT,0.574603,0.574603,0.922385,False
ACGL,LIN,0.574578,0.574578,0.922412,False
DRI,L,0.574573,0.574573,0.922417,False
CB,WFC,0.574563,0.574563,0.922428,True
CDNS,MSCI,0.574555,0.574555,0.922437,False
DOV,EME,0.574551,0.574551,0.922441,True
JBL,WAB,0.574534,0.574534,0.922459,False
JCI,USB,0.574523,0.574523,0.922472,False
WFC,WRB,0.574513,0.574513,0.922483,True
GLW,WY,0.574496,0.574496,0.922501,False
SLB,TFC,0.574477,0.574477,0.922522,False
BX,MA,0.574453,0.574453,0.922548,True
OKE,SYF,0.574452,0.574452,0.922549,False
GLW,URI,0.574450,0.574450,0.922551,False
TFC,WRB,0.574448,0.574448,0.922553,True
DE,NDSN,0.574447,0.574447,0.922554,True
DD,IEX,0.574444,0.574444,0.922557,False
DOW,PKG,0.574439,0.574439,0.922563,True
DHR,ZTS,0.574429,0.574429,0.922573,True
JPM,NUE,0.574395,0.574395,0.922611,False
PH,SLB,0.574376,0.574376,0.922631,False
IR,TRMB,0.574367,0.574367,0.922641,False
ALLE,MLM,0.574365,0.574365,0.922643,False
CNP,WELL,0.574344,0.574344,0.922666,False
HBAN,HLT,0.574314,0.574314,0.922698,False
COF,LUV,0.574311,0.574311,0.922702,False
LIN,SPGI,0.574289,0.574289,0.922725,False
ADI,ARES,0.574269,0.574269,0.922747,False
GM,USB,0.574266,0.574266,0.922751,False
BAC,GD,0.574254,0.574254,0.922763,False
AMT,EXR,0.574246,0.574246,0.922771,True
SNA,STT,0.574245,0.574245,0.922773,False
MCHP,URI,0.574243,0.574243,0.922775,False
EMR,NXPI,0.574238,0.574238,0.922781,False
AAPL,MA,0.574231,0.574231,0.922788,False
DE,RF,0.574228,0.574228,0.922791,False
AES,DTE,0.574222,0.574222,0.922798,True
ADI,ETN,0.574214,0.574214,0.922806,False
MNST,PEP,0.574213,0.574213,0.922807,True
AIG,PPG,0.574206,0.574206,0.922815,False
ALLE,GWW,0.574198,0.574198,0.922824,True
HPQ,SWK,0.574189,0.574189,0.922833,False
PEP,VRSK,0.574188,0.574188,0.922835,False
HUBB,PNC,0.574175,0.574175,0.922849,False
CRH,KEY,0.574160,0.574160,0.922866,False
JCI,KKR,0.574150,0.574150,0.922876,False
ITW,TDY,0.574143,0.574143,0.922883,False
ALLE,ROK,0.574124,0.574124,0.922904,True
INVH,SO,0.574121,0.574121,0.922907,False
BAC,DIS,0.574112,0.574112,0.922917,False
JBL,KKR,0.574104,0.574104,0.922926,False
FCX,PFG,0.574100,0.574100,0.922930,False
TJX,TPR,0.574074,0.574074,0.922959,True
ADSK,KLAC,0.574058,0.574058,0.922976,True
BLK,CTSH,0.574056,0.574056,0.922978,False
ETN,USB,0.574040,0.574040,0.922995,False
HPE,PNC,0.574028,0.574028,0.923008,False
ETN,KEY,0.574026,0.574026,0.923011,False
BLK,PCAR,0.574023,0.574023,0.923013,False
DE,GS,0.574023,0.574023,0.923013,False
PEP,RSG,0.574009,0.574009,0.923028,False
IEX,PFG,0.574001,0.574001,0.923038,False
CINF,RF,0.574000,0.574000,0.923039,True
TPL,TRGP,0.573989,0.573989,0.923050,True
PFG,SYK,0.573969,0.573969,0.923072,False
HPE,URI,0.573958,0.573958,0.923084,False
AVY,LIN,0.573953,0.573953,0.923089,True
INTU,KKR,0.573944,0.573944,0.923099,False
LYB,OKE,0.573944,0.573944,0.923099,False
GPC,MAS,0.573941,0.573941,0.923102,False
TDY,URI,0.573934,0.573934,0.923110,False
EVRG,INVH,0.573925,0.573925,0.923120,False
AVY,IEX,0.573917,0.573917,0.923128,False
GD,HWM,0.573899,0.573899,0.923148,True
BAC,MA,0.573867,0.573867,0.923183,True
AVY,TEL,0.573860,0.573860,0.923190,False
ALLE,BAC,0.573843,0.573843,0.923208,False
CSX,MLM,0.573829,0.573829,0.923224,False
CDNS,TEL,0.573826,0.573826,0.923227,True
CRH,WY,0.573824,0.573824,0.923229,False
GPN,MCO,0.573819,0.573819,0.923235,True
IQV,ROP,0.573810,0.573810,0.923245,False
NXPI,ZBRA,0.573793,0.573793,0.923262,True
AVY,ETN,0.573791,0.573791,0.923264,False
L,MDT,0.573788,0.573788,0.923268,False
GIS,PEP,0.573776,0.573776,0.923281,True
PPG,TXT,0.573743,0.573743,0.923317,False
RF,TDY,0.573743,0.573743,0.923317,False
MAR,RTX,0.573742,0.573742,0.923318,False
AFL,SNA,0.573727,0.573727,0.923334,False
INTU,MPWR,0.573717,0.573717,0.923345,True
ADI,WDC,0.573717,0.573717,0.923345,True
CL,ED,0.573692,0.573692,0.923372,False
DIS,PRU,0.573692,0.573692,0.923373,False
ED,KO,0.573691,0.573691,0.923373,False
ETN,HBAN,0.573677,0.573677,0.923388,False
HLT,MET,0.573675,0.573675,0.923391,False
BA,FITB,0.573670,0.573670,0.923396,False
CTAS,KIM,0.573642,0.573642,0.923426,False
ALLE,NSC,0.573637,0.573637,0.923432,True
DOV,SYK,0.573632,0.573632,0.923438,False
DOW,MPC,0.573619,0.573619,0.923451,False
COF,KMI,0.573610,0.573610,0.923461,False
FTV,HWM,0.573603,0.573603,0.923469,True
KEY,KKR,0.573598,0.573598,0.923474,True
PKG,USB,0.573594,0.573594,0.923478,False
LYB,MGM,0.573590,0.573590,0.923482,False
EMR,MAR,0.573580,0.573580,0.923493,False
WELL,WY,0.573562,0.573562,0.923513,True
GIS,MKC,0.573558,0.573558,0.923517,True
ACGL,CTAS,0.573528,0.573528,0.923550,False
CBRE,DOC,0.573527,0.573527,0.923550,True
ADBE,GOOGL,0.573524,0.573524,0.923554,False
HAL,SYF,0.573518,0.573518,0.923560,False
AXP,UDR,0.573514,0.573514,0.923565,False
PNC,SYY,0.573493,0.573493,0.923587,False
APH,CAT,0.573490,0.573490,0.923591,False
BKR,CFG,0.573484,0.573484,0.923597,False
RTX,SPG,0.573472,0.573472,0.923611,False
C,IP,0.573417,0.573417,0.923669,False
BRK-B,NUE,0.573380,0.573380,0.923710,False
CVX,RTX,0.573356,0.573356,0.923736,False
LYB,NDSN,0.573350,0.573350,0.923743,False
MS,TDY,0.573348,0.573348,0.923745,False
ACGL,TXT,0.573348,0.573348,0.923745,False
EMR,LIN,0.573345,0.573345,0.923748,False
CTAS,HUBB,0.573338,0.573338,0.923755,True
ED,PEP,0.573334,0.573334,0.923760,False
CMS,MDLZ,0.573316,0.573316,0.923780,False
FAST,IEX,0.573300,0.573300,0.923797,True
CSX,IR,0.573296,0.573296,0.923801,True
CRH,JBL,0.573295,0.573295,0.923802,False
LOW,PPG,0.573293,0.573293,0.923804,False
HD,TJX,0.573284,0.573284,0.923814,True
MGM,PNR,0.573267,0.573267,0.923833,False
AEE,INVH,0.573249,0.573249,0.923852,False
DOC,PEG,0.573235,0.573235,0.923867,False
CTAS,SNA,0.573229,0.573229,0.923873,True
J,TEL,0.573228,0.573228,0.923874,False
ABT,TMO,0.573219,0.573219,0.923885,True
JPM,ROK,0.573202,0.573202,0.923903,False
MDLZ,SO,0.573189,0.573189,0.923917,False
HPQ,NTAP,0.573184,0.573184,0.923922,True
GE,RJF,0.573172,0.573172,0.923935,False
ITW,KKR,0.573168,0.573168,0.923940,False
GM,STT,0.573167,0.573167,0.923941,False
ACN,ADBE,0.573162,0.573162,0.923945,True
HUBB,RF,0.573160,0.573160,0.923949,False
MAR,MET,0.573153,0.573153,0.923956,False
GM,ITW,0.573136,0.573136,0.923974,False
MS,RL,0.573119,0.573119,0.923992,False
AJG,MA,0.573113,0.573113,0.923999,True
ALL,AMP,0.573078,0.573078,0.924037,True
BA,HON,0.573069,0.573069,0.924046,True
BRO,V,0.573040,0.573040,0.924078,True
KMI,MET,0.573039,0.573039,0.924079,False
AIG,BLK,0.573035,0.573035,0.924084,True
FRT,TXT,0.573012,0.573012,0.924109,False
DAL,FRT,0.573010,0.573010,0.924110,False
CAT,PWR,0.573003,0.573003,0.924118,True
CPAY,MAR,0.572975,0.572975,0.924149,False
EXPE,LYV,0.572965,0.572965,0.924159,False
CTAS,UDR,0.572913,0.572913,0.924216,False
ADBE,GOOG,0.572893,0.572893,0.924237,False
MET,OKE,0.572873,0.572873,0.924258,False
GS,OKE,0.572839,0.572839,0.924295,False
LRCX,PH,0.572836,0.572836,0.924298,False
MGM,TXT,0.572833,0.572833,0.924302,False
AMAT,INTC,0.572832,0.572832,0.924303,True
BRK-B,WTW,0.572818,0.572818,0.924318,True
JPM,SLB,0.572812,0.572812,0.924324,False
GE,WFC,0.572797,0.572797,0.924341,False
CNP,WEC,0.572785,0.572785,0.924354,True
NXPI,ROK,0.572775,0.572775,0.924364,False
GLW,HON,0.572775,0.572775,0.924365,False
GD,NSC,0.572731,0.572731,0.924412,True
ADP,NSC,0.572727,0.572727,0.924417,True
FTV,SPGI,0.572719,0.572719,0.924426,False
FITB,TJX,0.572711,0.572711,0.924434,False
CDW,COF,0.572705,0.572705,0.924441,False
CCI,D,0.572697,0.572697,0.924449,False
RCL,SYY,0.572682,0.572682,0.924465,False
C,ROK,0.572679,0.572679,0.924468,False
NXPI,TROW,0.572672,0.572672,0.924477,False
CFG,COP,0.572668,0.572668,0.924480,False
NDSN,PHM,0.572662,0.572662,0.924487,False
MMM,PH,0.572634,0.572634,0.924517,True
BKNG,SYF,0.572624,0.572624,0.924528,False
PNW,RSG,0.572622,0.572622,0.924530,False
APTV,PFG,0.572619,0.572619,0.924534,False
NXPI,PPG,0.572611,0.572611,0.924542,False
NUE,PNC,0.572604,0.572604,0.924549,False
IEX,WY,0.572603,0.572603,0.924551,False
CBRE,MGM,0.572602,0.572602,0.924552,False
ECL,WM,0.572601,0.572601,0.924552,False
EFX,SPGI,0.572598,0.572598,0.924556,False
CFG,TPR,0.572588,0.572588,0.924567,False
DUK,ESS,0.572583,0.572583,0.924573,False
NDSN,V,0.572552,0.572552,0.924606,False
V,WY,0.572551,0.572551,0.924607,False
PCAR,PNR,0.572535,0.572535,0.924624,True
HPE,IVZ,0.572525,0.572525,0.924635,False
CTAS,MET,0.572520,0.572520,0.924641,False
MAR,SYY,0.572505,0.572505,0.924656,False
KIM,RTX,0.572499,0.572499,0.924663,False
GE,PNC,0.572492,0.572492,0.924671,False
HST,WY,0.572463,0.572463,0.924703,True
BLK,TJX,0.572441,0.572441,0.924726,False
GS,MAR,0.572437,0.572437,0.924730,False
IEX,IQV,0.572434,0.572434,0.924734,False
REG,TXT,0.572433,0.572433,0.924735,False
AFL,TJX,0.572418,0.572418,0.924751,False
D,PEP,0.572401,0.572401,0.924769,False
HST,LUV,0.572399,0.572399,0.924771,False
KKR,WFC,0.572370,0.572370,0.924803,True
FCX,SLB,0.572364,0.572364,0.924809,False
RJF,RL,0.572360,0.572360,0.924814,False
APH,NTAP,0.572352,0.572352,0.924822,True
APTV,F,0.572347,0.572347,0.924827,True
GPN,SYK,0.572342,0.572342,0.924833,False
GL,MET,0.572324,0.572324,0.924852,True
FOXA,WBD,0.572308,0.572308,0.924870,True
CRH,MET,0.572292,0.572292,0.924887,False
HLT,JPM,0.572284,0.572284,0.924896,False
BX,STT,0.572260,0.572260,0.924921,True
AMD,SWKS,0.572256,0.572256,0.924926,True
SPG,WYNN,0.572249,0.572249,0.924934,False
TEL,WYNN,0.572246,0.572246,0.924936,False
CFG,IEX,0.572238,0.572238,0.924945,False
RL,TXT,0.572220,0.572220,0.924964,False
ARES,MET,0.572219,0.572219,0.924966,True
BAC,GPN,0.572219,0.572219,0.924966,True
HST,ROST,0.572217,0.572217,0.924968,False
CRH,NXPI,0.572208,0.572208,0.924978,False
CMI,TT,0.572192,0.572192,0.924995,True
JCI,LII,0.572191,0.572191,0.924996,True
DRI,TJX,0.572178,0.572178,0.925011,True
HAL,URI,0.572158,0.572158,0.925031,False
APH,TXT,0.572152,0.572152,0.925038,False
APH,MA,0.572146,0.572146,0.925045,False
CPT,DOV,0.572125,0.572125,0.925067,False
DOW,NTRS,0.572124,0.572124,0.925069,False
AIG,TEL,0.572100,0.572100,0.925094,False
APH,ISRG,0.572092,0.572092,0.925103,False
C,DRI,0.572080,0.572080,0.925116,False
AMT,EVRG,0.572068,0.572068,0.925129,False
BLK,MTB,0.572063,0.572063,0.925135,True
CTAS,NDAQ,0.572053,0.572053,0.925145,False
CAT,NDSN,0.572050,0.572050,0.925149,True
CSX,HBAN,0.572042,0.572042,0.925157,False
ARES,NDAQ,0.572038,0.572038,0.925162,True
AXP,VLO,0.572036,0.572036,0.925163,False
AIZ,FITB,0.572006,0.572006,0.925196,True
RCL,URI,0.572001,0.572001,0.925202,False
ALLE,UDR,0.571998,0.571998,0.925205,False
CRH,EME,0.571974,0.571974,0.925231,False
CRH,IEX,0.571968,0.571968,0.925238,False
C,TRGP,0.571961,0.571961,0.925245,False
UNP,USB,0.571958,0.571958,0.925248,False
ECL,PRU,0.571948,0.571948,0.925258,False
PPG,VMC,0.571942,0.571942,0.925266,True
GD,RJF,0.571941,0.571941,0.925266,False
BLK,KLAC,0.571908,0.571908,0.925302,False
C,TPR,0.571889,0.571889,0.925323,False
DIS,GS,0.571886,0.571886,0.925326,False
ED,EIX,0.571875,0.571875,0.925338,True
NSC,ROP,0.571860,0.571860,0.925354,False
LOW,TJX,0.571837,0.571837,0.925379,True
ADSK,PAYC,0.571831,0.571831,0.925385,False
IRM,UDR,0.571826,0.571826,0.925391,True
MLM,NDSN,0.571824,0.571824,0.925393,False
AMT,UDR,0.571824,0.571824,0.925393,True
HBAN,LUV,0.571791,0.571791,0.925429,False
CFG,ROK,0.571791,0.571791,0.925429,False
CDW,LRCX,0.571776,0.571776,0.925445,True
ITW,NUE,0.571769,0.571769,0.925452,False
NWSA,TEL,0.571769,0.571769,0.925453,False
CDW,KEYS,0.571767,0.571767,0.925455,True
BEN,NDSN,0.571763,0.571763,0.925459,False
IBM,MET,0.571760,0.571760,0.925462,False
HPQ,MCHP,0.571752,0.571752,0.925471,True
CDW,MPWR,0.571748,0.571748,0.925475,True
COF,OKE,0.571742,0.571742,0.925482,False
ES,MAA,0.571733,0.571733,0.925491,False
AAPL,LRCX,0.571730,0.571730,0.925494,True
RF,ROK,0.571729,0.571729,0.925495,False
CMI,L,0.571718,0.571718,0.925507,False
BRK-B,MLM,0.571708,0.571708,0.925519,False
CVX,GS,0.571687,0.571687,0.925541,False
MGM,NXPI,0.571687,0.571687,0.925541,False
ETN,NXPI,0.571676,0.571676,0.925553,False
BLDR,SYF,0.571666,0.571666,0.925564,False
CNP,VTR,0.571657,0.571657,0.925574,False
AMD,MU,0.571651,0.571651,0.925580,True
ACGL,ADP,0.571649,0.571649,0.925582,False
BX,GPN,0.571615,0.571615,0.925619,True
PKG,PNC,0.571599,0.571599,0.925636,False
ISRG,V,0.571592,0.571592,0.925644,False
EVRG,RSG,0.571580,0.571580,0.925657,False
KO,WM,0.571576,0.571576,0.925661,False
PPL,PRU,0.571572,0.571572,0.925665,False
GLW,TXT,0.571572,0.571572,0.925665,False
CSX,FAST,0.571566,0.571566,0.925672,True
FDS,ICE,0.571564,0.571564,0.925674,True
ACGL,C,0.571559,0.571559,0.925680,True
CFG,HUBB,0.571549,0.571549,0.925690,False
AIG,DD,0.571541,0.571541,0.925699,False
APTV,XYL,0.571533,0.571533,0.925708,False
ROK,TDY,0.571522,0.571522,0.925719,False
CNP,ESS,0.571519,0.571519,0.925722,False
JPM,MAR,0.571490,0.571490,0.925754,False
CMI,MTB,0.571472,0.571472,0.925773,False
UAL,WFC,0.571471,0.571471,0.925775,False
MPC,USB,0.571470,0.571470,0.925775,False
GOOGL,NVDA,0.571468,0.571468,0.925777,False
AXP,HPE,0.571466,0.571466,0.925780,False
ACGL,WFC,0.571457,0.571457,0.925789,True
COF,GLW,0.571449,0.571449,0.925798,False
CFG,PCAR,0.571446,0.571446,0.925802,False
DAL,TEL,0.571439,0.571439,0.925809,False
PPG,TROW,0.571436,0.571436,0.925812,False
CL,LNT,0.571434,0.571434,0.925814,False
AFL,HST,0.571426,0.571426,0.925823,False
EME,GS,0.571413,0.571413,0.925837,False
PNC,UDR,0.571408,0.571408,0.925843,False
GE,URI,0.571402,0.571402,0.925849,True
BEN,DD,0.571397,0.571397,0.925854,False
FRT,HWM,0.571367,0.571367,0.925886,False
MA,VRSN,0.571347,0.571347,0.925908,False
FITB,TDY,0.571347,0.571347,0.925908,False
ETR,KO,0.571346,0.571346,0.925909,False
BRK-B,SYY,0.571341,0.571341,0.925915,False
DRI,GS,0.571337,0.571337,0.925919,False
AIG,XOM,0.571326,0.571326,0.925931,False
JCI,SWK,0.571315,0.571315,0.925942,True
TDG,VICI,0.571310,0.571310,0.925948,False
ARES,BAC,0.571305,0.571305,0.925953,True
MA,WY,0.571303,0.571303,0.925956,False
CMI,CSX,0.571299,0.571299,0.925961,True
MSCI,VRSK,0.571270,0.571270,0.925991,False
MA,TDG,0.571246,0.571246,0.926017,False
NSC,ROK,0.571237,0.571237,0.926027,True
EOG,LYB,0.571231,0.571231,0.926033,False
KEYS,TROW,0.571200,0.571200,0.926067,False
IP,JPM,0.571198,0.571198,0.926069,False
SRE,UDR,0.571189,0.571189,0.926079,False
MCD,RSG,0.571188,0.571188,0.926080,False
WAB,WY,0.571175,0.571175,0.926094,False
ABT,SYK,0.571165,0.571165,0.926105,True
HPE,JPM,0.571163,0.571163,0.926107,False
PH,PKG,0.571155,0.571155,0.926116,False
CDNS,GOOGL,0.571145,0.571145,0.926127,False
AME,VMC,0.571130,0.571130,0.926142,False
JPM,MGM,0.571120,0.571120,0.926153,False
CPAY,PNR,0.571110,0.571110,0.926164,False
EMR,GPC,0.571084,0.571084,0.926192,False
LNT,PLD,0.571078,0.571078,0.926198,False
FTV,USB,0.571071,0.571071,0.926206,False
GD,UNP,0.571050,0.571050,0.926229,True
SLB,USB,0.571028,0.571028,0.926253,False
CBRE,XYL,0.571026,0.571026,0.926255,False
DOV,MAR,0.571025,0.571025,0.926256,False
MGM,STT,0.571008,0.571008,0.926274,False
BX,TFC,0.570999,0.570999,0.926284,True
AMP,KMI,0.570988,0.570988,0.926296,False
CHD,CLX,0.570981,0.570981,0.926303,True
PLD,PNR,0.570973,0.570973,0.926312,False
KIM,SNA,0.570957,0.570957,0.926329,False
HBAN,SWK,0.570948,0.570948,0.926339,False
FITB,WRB,0.570915,0.570915,0.926374,True
FITB,WMB,0.570903,0.570903,0.926387,False
L,WELL,0.570872,0.570872,0.926422,False
PH,VICI,0.570859,0.570859,0.926435,False
FITB,XOM,0.570855,0.570855,0.926440,False
CPT,RSG,0.570853,0.570853,0.926441,False
SYF,TDY,0.570845,0.570845,0.926451,False
DOW,SYF,0.570826,0.570826,0.926470,False
EMR,SPG,0.570816,0.570816,0.926482,False
BEN,GLW,0.570788,0.570788,0.926511,False
INVH,LNT,0.570783,0.570783,0.926517,False
ADSK,AMAT,0.570765,0.570765,0.926536,True
NXPI,WAB,0.570748,0.570748,0.926555,False
ACN,BRK-B,0.570740,0.570740,0.926563,False
ON,TRMB,0.570722,0.570722,0.926583,True
O,PEG,0.570706,0.570706,0.926600,False
EMR,WMB,0.570652,0.570652,0.926659,False
MLM,TFC,0.570645,0.570645,0.926666,False
NDAQ,NDSN,0.570645,0.570645,0.926666,False
DOV,HLT,0.570642,0.570642,0.926669,False
HD,TEL,0.570640,0.570640,0.926671,False
PWR,TEL,0.570621,0.570621,0.926692,False
HUBB,STT,0.570617,0.570617,0.926696,False
BX,V,0.570610,0.570610,0.926703,True
NUE,STT,0.570603,0.570603,0.926712,False
AIG,VLO,0.570599,0.570599,0.926715,False
IRM,PLD,0.570598,0.570598,0.926717,True
AME,NXPI,0.570596,0.570596,0.926719,False
PNR,VMC,0.570581,0.570581,0.926735,False
AVY,DOW,0.570580,0.570580,0.926736,True
NWS,OMC,0.570546,0.570546,0.926773,True
ARES,IVZ,0.570539,0.570539,0.926781,True
GD,MS,0.570512,0.570512,0.926809,False
AXP,VICI,0.570511,0.570511,0.926811,False
CCL,MS,0.570510,0.570510,0.926811,False
INVH,RSG,0.570508,0.570508,0.926813,False
MTB,SPG,0.570491,0.570491,0.926833,False
SPGI,TEL,0.570491,0.570491,0.926833,False
APTV,EMR,0.570480,0.570480,0.926845,False
PG,XEL,0.570476,0.570476,0.926848,False
KO,PNW,0.570475,0.570475,0.926849,False
HBAN,MGM,0.570475,0.570475,0.926850,False
CINF,NTRS,0.570432,0.570432,0.926895,True
CSX,LIN,0.570430,0.570430,0.926899,False
CF,HAL,0.570422,0.570422,0.926907,False
LIN,RSG,0.570413,0.570413,0.926916,False
MS,NXPI,0.570409,0.570409,0.926921,False
CRL,LH,0.570377,0.570377,0.926955,True
CSX,CTSH,0.570352,0.570352,0.926982,False
CBRE,VMC,0.570336,0.570336,0.927000,False
GE,HBAN,0.570335,0.570335,0.927000,False
LEN,VICI,0.570335,0.570335,0.927000,False
DAL,PNC,0.570326,0.570326,0.927011,False
TROW,UNP,0.570323,0.570323,0.927013,False
BAC,MGM,0.570323,0.570323,0.927014,False
BRK-B,XOM,0.570319,0.570319,0.927017,False
CTAS,WM,0.570311,0.570311,0.927026,True
MAA,PEG,0.570308,0.570308,0.927030,False
DOV,ESS,0.570305,0.570305,0.927033,False
ARES,KLAC,0.570257,0.570257,0.927084,False
BAC,DVN,0.570248,0.570248,0.927095,False
BX,NXPI,0.570247,0.570247,0.927095,False
NI,RSG,0.570246,0.570246,0.927097,False
KHC,PEP,0.570236,0.570236,0.927108,True
EVRG,L,0.570231,0.570231,0.927113,False
MAS,PCAR,0.570226,0.570226,0.927118,True
HAL,HBAN,0.570204,0.570204,0.927142,False
IEX,TDY,0.570201,0.570201,0.927145,False
PFG,UDR,0.570184,0.570184,0.927164,False
ALLE,SYF,0.570179,0.570179,0.927169,False
BKNG,JPM,0.570172,0.570172,0.927177,False
MS,TT,0.570167,0.570167,0.927182,False
BX,FITB,0.570167,0.570167,0.927182,True
SPG,WFC,0.570147,0.570147,0.927204,False
CPAY,MTB,0.570117,0.570117,0.927235,True
AMP,BXP,0.570106,0.570106,0.927248,False
PHM,VICI,0.570105,0.570105,0.927248,False
RF,VMC,0.570099,0.570099,0.927256,False
CF,XOM,0.570097,0.570097,0.927257,False
MA,PPG,0.570084,0.570084,0.927271,False
ADSK,NXPI,0.570082,0.570082,0.927273,True
BLK,EFX,0.570070,0.570070,0.927286,False
DAL,TFC,0.570063,0.570063,0.927294,False
ARES,INTU,0.570063,0.570063,0.927294,False
REG,SNA,0.570061,0.570061,0.927296,False
AIG,COP,0.570057,0.570057,0.927300,False
AMT,WEC,0.570043,0.570043,0.927316,False
DRI,RF,0.570019,0.570019,0.927342,False
CTAS,JPM,0.570015,0.570015,0.927345,False
ECL,MAS,0.569985,0.569985,0.927378,False
SPGI,WY,0.569981,0.569981,0.927383,False
COF,HAL,0.569980,0.569980,0.927383,False
CPAY,HST,0.569977,0.569977,0.927387,False
NDSN,TT,0.569972,0.569972,0.927392,True
C,PCAR,0.569947,0.569947,0.927419,False
ADP,AXP,0.569939,0.569939,0.927428,False
PFG,TRMB,0.569938,0.569938,0.927429,False
CINF,HBAN,0.569936,0.569936,0.927431,True
ROST,SYY,0.569923,0.569923,0.927445,False
CCL,KEY,0.569923,0.569923,0.927445,False
SNA,WFC,0.569920,0.569920,0.927448,False
CFG,OMC,0.569894,0.569894,0.927476,False
FITB,GE,0.569892,0.569892,0.927478,False
CPT,MCO,0.569889,0.569889,0.927481,False
NTRS,PCAR,0.569888,0.569888,0.927483,False
J,NTRS,0.569878,0.569878,0.927493,False
AXP,VTR,0.569876,0.569876,0.927496,False
AMT,XEL,0.569871,0.569871,0.927501,False
GPC,TJX,0.569837,0.569837,0.927537,True
DLR,SBAC,0.569831,0.569831,0.927544,True
ADP,CSX,0.569826,0.569826,0.927550,True
CFG,DRI,0.569822,0.569822,0.927554,False
BAC,CDW,0.569808,0.569808,0.927569,False
CPRT,PAYX,0.569802,0.569802,0.927575,True
ACN,HON,0.569797,0.569797,0.927580,False
FITB,HUBB,0.569783,0.569783,0.927596,False
DRI,WELL,0.569775,0.569775,0.927604,False
CRH,HWM,0.569772,0.569772,0.927607,False
APO,MCO,0.569755,0.569755,0.927626,True
AME,GPN,0.569754,0.569754,0.927627,False
CRH,DD,0.569738,0.569738,0.927645,True
HLT,KIM,0.569720,0.569720,0.927664,False
PNC,ROK,0.569720,0.569720,0.927664,False
IQV,PPG,0.569712,0.569712,0.927672,False
ADP,AFL,0.569702,0.569702,0.927683,False
AMT,EXC,0.569687,0.569687,0.927700,False
HAL,MS,0.569676,0.569676,0.927711,False
ACN,TRMB,0.569674,0.569674,0.927714,True
PCAR,STT,0.569657,0.569657,0.927731,False
PCAR,SYF,0.569650,0.569650,0.927739,False
BRK-B,UDR,0.569649,0.569649,0.927741,False
ALL,JPM,0.569643,0.569643,0.927746,True
TRV,USB,0.569638,0.569638,0.927752,True
EME,EMR,0.569635,0.569635,0.927755,True
NSC,USB,0.569617,0.569617,0.927774,False
ADP,CB,0.569615,0.569615,0.927777,False
DVN,LYB,0.569597,0.569597,0.927797,False
COP,L,0.569585,0.569585,0.927809,False
SLB,TPL,0.569565,0.569565,0.927831,True
FTV,STLD,0.569561,0.569561,0.927835,False
TFC,UAL,0.569557,0.569557,0.927839,False
AAPL,AMAT,0.569552,0.569552,0.927844,True
HD,PPG,0.569529,0.569529,0.927870,False
AFL,BXP,0.569528,0.569528,0.927871,False
MET,UDR,0.569525,0.569525,0.927874,False
A,TEL,0.569517,0.569517,0.927882,False
ARES,PRU,0.569514,0.569514,0.927886,True
CTAS,SPG,0.569513,0.569513,0.927886,False
C,EME,0.569510,0.569510,0.927890,False
COF,TDY,0.569508,0.569508,0.927892,False
LNT,MDLZ,0.569469,0.569469,0.927934,False
IR,MTB,0.569461,0.569461,0.927943,False
F,RF,0.569449,0.569449,0.927956,False
GLW,RF,0.569441,0.569441,0.927965,False
CDW,PNR,0.569428,0.569428,0.927979,False
BRK-B,PKG,0.569414,0.569414,0.927993,False
PAYX,WRB,0.569408,0.569408,0.928001,False
FICO,V,0.569395,0.569395,0.928014,False
J,MLM,0.569386,0.569386,0.928024,False
CAT,WFC,0.569382,0.569382,0.928028,False
MAR,TFC,0.569377,0.569377,0.928033,False
AFL,MDT,0.569370,0.569370,0.928041,False
AMP,LUV,0.569339,0.569339,0.928074,False
IVZ,KIM,0.569337,0.569337,0.928076,False
MCHP,MSFT,0.569335,0.569335,0.928078,True
HWM,IR,0.569297,0.569297,0.928120,True
GS,NXPI,0.569294,0.569294,0.928123,False
ROST,SPG,0.569290,0.569290,0.928127,False
CPT,PAYX,0.569257,0.569257,0.928163,False
KEY,MAR,0.569248,0.569248,0.928172,False
BX,MCHP,0.569231,0.569231,0.928191,False
MDT,O,0.569227,0.569227,0.928195,False
INTU,PYPL,0.569213,0.569213,0.928210,False
DVN,FITB,0.569212,0.569212,0.928211,False
ITW,ODFL,0.569204,0.569204,0.928220,True
FRT,FTV,0.569202,0.569202,0.928222,False
JPM,TJX,0.569199,0.569199,0.928225,False
ADSK,SPGI,0.569176,0.569176,0.928249,False
CFG,DVN,0.569162,0.569162,0.928265,False
EMR,IP,0.569162,0.569162,0.928266,False
AMAT,KKR,0.569149,0.569149,0.928279,False
AMAT,PH,0.569148,0.569148,0.928280,False
BRK-B,STLD,0.569142,0.569142,0.928286,False
ESS,EXC,0.569136,0.569136,0.928293,False
CDW,CSCO,0.569134,0.569134,0.928296,True
BBY,LOW,0.569134,0.569134,0.928296,True
LIN,RJF,0.569122,0.569122,0.928308,False
PKG,PPG,0.569099,0.569099,0.928333,True
IP,STT,0.569077,0.569077,0.928356,False
CVX,FCX,0.569076,0.569076,0.928358,False
KKR,ON,0.569057,0.569057,0.928379,False
BLK,GWW,0.569053,0.569053,0.928383,False
IR,UNP,0.569025,0.569025,0.928413,True
BKNG,TEL,0.569024,0.569024,0.928413,False
SPG,VMC,0.569022,0.569022,0.928416,False
HWM,MAR,0.569015,0.569015,0.928424,False
DOV,OMC,0.569009,0.569009,0.928430,False
INTC,TXN,0.569007,0.569007,0.928432,True
HAL,PNC,0.568990,0.568990,0.928450,False
AEE,MDLZ,0.568984,0.568984,0.928457,False
REG,UAL,0.568980,0.568980,0.928462,False
C,GPN,0.568960,0.568960,0.928483,True
DTE,SYY,0.568956,0.568956,0.928487,False
JPM,NDSN,0.568951,0.568951,0.928492,False
IBM,PRU,0.568948,0.568948,0.928496,False
BX,EMR,0.568940,0.568940,0.928504,False
GWW,HON,0.568902,0.568902,0.928545,True
GOOG,NVDA,0.568901,0.568901,0.928546,False
IQV,KKR,0.568896,0.568896,0.928552,False
BR,ECL,0.568892,0.568892,0.928556,False
O,TDG,0.568892,0.568892,0.928556,False
EFX,TROW,0.568858,0.568858,0.928592,False
BRK-B,BXP,0.568857,0.568857,0.928593,False
AMP,SLB,0.568851,0.568851,0.928601,False
CCL,TXT,0.568849,0.568849,0.928602,False
DTE,WM,0.568838,0.568838,0.928615,False
AME,CSCO,0.568820,0.568820,0.928633,False
IBKR,JPM,0.568815,0.568815,0.928639,True
FTV,ON,0.568799,0.568799,0.928656,False
CDNS,ISRG,0.568793,0.568793,0.928663,False
FTV,GWW,0.568788,0.568788,0.928668,True
LYV,PFG,0.568783,0.568783,0.928674,False
HLT,PPG,0.568778,0.568778,0.928678,False
AXP,DOW,0.568758,0.568758,0.928700,False
ETN,LIN,0.568739,0.568739,0.928721,False
AWK,PSA,0.568708,0.568708,0.928754,False
CRH,HON,0.568695,0.568695,0.928768,False
BX,CFG,0.568692,0.568692,0.928771,True
COF,NUE,0.568689,0.568689,0.928775,False
NOW,SNPS,0.568684,0.568684,0.928780,True
KIM,NTRS,0.568663,0.568663,0.928802,False
MET,NWSA,0.568661,0.568661,0.928805,False
DAL,WAB,0.568659,0.568659,0.928807,True
ROK,ROP,0.568657,0.568657,0.928809,False
BRK-B,GPC,0.568648,0.568648,0.928819,False
PNR,POOL,0.568643,0.568643,0.928824,False
AFL,CBRE,0.568621,0.568621,0.928848,False
CDW,ZBRA,0.568597,0.568597,0.928874,True
HLT,IR,0.568587,0.568587,0.928885,False
BAC,PKG,0.568583,0.568583,0.928888,False
C,RL,0.568571,0.568571,0.928902,False
NVDA,ON,0.568544,0.568544,0.928930,True
CRH,MGM,0.568527,0.568527,0.928948,False
DOV,NDAQ,0.568512,0.568512,0.928965,False
KEYS,ZBRA,0.568504,0.568504,0.928974,True
GM,KKR,0.568500,0.568500,0.928978,False
ADI,MTD,0.568495,0.568495,0.928983,False
HD,XYL,0.568482,0.568482,0.928998,False
APH,HON,0.568433,0.568433,0.929050,False
PNR,RJF,0.568426,0.568426,0.929058,False
CTAS,SYY,0.568407,0.568407,0.929078,False
HLT,LVS,0.568403,0.568403,0.929082,True
DRI,PRU,0.568386,0.568386,0.929100,False
AXP,HAL,0.568382,0.568382,0.929105,False
CCL,JPM,0.568371,0.568371,0.929117,False
AAPL,V,0.568369,0.568369,0.929119,False
APH,NTRS,0.568368,0.568368,0.929120,False
FITB,VICI,0.568349,0.568349,0.929141,False
APH,IVZ,0.568348,0.568348,0.929142,False
GE,RF,0.568346,0.568346,0.929144,False
FRT,UHS,0.568325,0.568325,0.929166,False
AMAT,GLW,0.568318,0.568318,0.929174,True
EMR,MMM,0.568313,0.568313,0.929179,True
HST,TDG,0.568312,0.568312,0.929181,False
IQV,PLD,0.568296,0.568296,0.929198,False
CBRE,GLW,0.568291,0.568291,0.929203,False
ALLE,FRT,0.568282,0.568282,0.929212,False
AXP,TRV,0.568281,0.568281,0.929214,True
AMAT,BLK,0.568279,0.568279,0.929216,False
GS,MCHP,0.568270,0.568270,0.929225,False
MLM,MS,0.568256,0.568256,0.929241,False
F,PH,0.568247,0.568247,0.929250,False
ACGL,CFG,0.568230,0.568230,0.929268,True
CFG,DE,0.568225,0.568225,0.929273,False
JCI,KEY,0.568203,0.568203,0.929298,False
AMP,IBM,0.568173,0.568173,0.929330,False
APH,HWM,0.568167,0.568167,0.929336,False
CPAY,HLT,0.568166,0.568166,0.929337,False
APTV,TDY,0.568158,0.568158,0.929346,False
BAC,DE,0.568157,0.568157,0.929347,False
DAL,DOV,0.568155,0.568155,0.929349,True
CDW,IR,0.568153,0.568153,0.929352,False
CTAS,ESS,0.568136,0.568136,0.929369,False
PLD,SHW,0.568131,0.568131,0.929375,False
IP,KEY,0.568129,0.568129,0.929377,False
COF,TJX,0.568128,0.568128,0.929378,False
GLW,LRCX,0.568103,0.568103,0.929405,True
ITW,SHW,0.568098,0.568098,0.929410,False
BLK,JBL,0.568078,0.568078,0.929432,False
ALL,EG,0.568067,0.568067,0.929444,True
LNT,WM,0.568055,0.568055,0.929457,False
SPG,TEL,0.568050,0.568050,0.929462,False
NDAQ,VRSK,0.568019,0.568019,0.929495,False
GPC,URI,0.568019,0.568019,0.929496,False
FRT,HLT,0.568017,0.568017,0.929497,False
CPRT,KKR,0.568013,0.568013,0.929502,False
APTV,JPM,0.568012,0.568012,0.929503,False
BRK-B,ROK,0.568007,0.568007,0.929508,False
TMO,ZTS,0.568002,0.568002,0.929514,True
AIG,OMC,0.567990,0.567990,0.929527,False
CPAY,SYK,0.567985,0.567985,0.929532,False
CBRE,TJX,0.567983,0.567983,0.929534,False
APH,MET,0.567967,0.567967,0.929552,False
CTAS,JCI,0.567965,0.567965,0.929554,True
ADI,AXP,0.567964,0.567964,0.929555,False
DRI,NCLH,0.567961,0.567961,0.929558,True
BF-B,PEP,0.567953,0.567953,0.929566,True
AIG,CTAS,0.567941,0.567941,0.929579,False
BAC,TRV,0.567926,0.567926,0.929596,True
NCLH,TXT,0.567918,0.567918,0.929604,False
CDW,MCO,0.567909,0.567909,0.929614,False
HLT,TJX,0.567869,0.567869,0.929656,True
RF,WMB,0.567834,0.567834,0.929694,False
PSA,SBAC,0.567829,0.567829,0.929700,True
ALLE,FAST,0.567827,0.567827,0.929703,True
CDNS,GOOG,0.567823,0.567823,0.929706,False
AVY,TFC,0.567811,0.567811,0.929720,False
MTB,NSC,0.567805,0.567805,0.929726,False
LIN,TROW,0.567804,0.567804,0.929727,False
AWK,MDLZ,0.567797,0.567797,0.929734,False
PNC,RL,0.567785,0.567785,0.929748,False
AXP,PCAR,0.567765,0.567765,0.929769,False
BA,SYY,0.567757,0.567757,0.929778,False
JBHT,UNP,0.567755,0.567755,0.929780,True
PH,SPGI,0.567749,0.567749,0.929786,False
LOW,PLD,0.567741,0.567741,0.929795,False
AXP,STLD,0.567717,0.567717,0.929820,False
F,FITB,0.567712,0.567712,0.929826,False
FTV,GLW,0.567704,0.567704,0.929834,False
NWS,TXT,0.567704,0.567704,0.929835,False
RCL,RF,0.567688,0.567688,0.929852,False
ADP,CTSH,0.567666,0.567666,0.929876,False
ADBE,VRSN,0.567660,0.567660,0.929881,True
RL,TFC,0.567659,0.567659,0.929883,False
CPAY,NTRS,0.567654,0.567654,0.929888,True
AMAT,AMP,0.567603,0.567603,0.929943,False
LII,PHM,0.567602,0.567602,0.929944,False
MET,PPL,0.567597,0.567597,0.929950,False
LVS,MAR,0.567589,0.567589,0.929959,True
HST,IR,0.567574,0.567574,0.929974,False
BLDR,TEL,0.567569,0.567569,0.929979,False
GS,J,0.567564,0.567564,0.929985,False
ADBE,NVDA,0.567560,0.567560,0.929989,True
CPAY,FRT,0.567560,0.567560,0.929990,False
LIN,TXT,0.567545,0.567545,0.930005,False
ADI,BX,0.567543,0.567543,0.930007,False
DD,UNP,0.567538,0.567538,0.930013,False
KLAC,ZBRA,0.567532,0.567532,0.930019,True
GL,PRU,0.567527,0.567527,0.930024,True
AMP,WTW,0.567523,0.567523,0.930029,True
BRK-B,BSX,0.567518,0.567518,0.930035,False
MCO,TDY,0.567509,0.567509,0.930044,False
COF,DIS,0.567504,0.567504,0.930049,False
BRK-B,MCD,0.567503,0.567503,0.930051,False
MAR,REG,0.567484,0.567484,0.930071,False
BAC,UAL,0.567480,0.567480,0.930075,False
NDSN,ZBRA,0.567474,0.567474,0.930082,False
CDW,HD,0.567458,0.567458,0.930099,False
GD,RF,0.567440,0.567440,0.930118,False
CBRE,NSC,0.567429,0.567429,0.930130,False
PCAR,XYL,0.567426,0.567426,0.930133,True
CTAS,INVH,0.567411,0.567411,0.930149,False
BAC,RTX,0.567406,0.567406,0.930155,False
AFL,MLM,0.567396,0.567396,0.930166,False
REG,TDG,0.567384,0.567384,0.930178,False
DTE,TRV,0.567368,0.567368,0.930196,False
J,PNC,0.567330,0.567330,0.930236,False
HPE,KEY,0.567320,0.567320,0.930247,False
MSFT,SWKS,0.567306,0.567306,0.930263,True
KO,MCD,0.567302,0.567302,0.930267,False
ADBE,MSCI,0.567297,0.567297,0.930272,False
ALLE,CSX,0.567297,0.567297,0.930272,True
MSCI,NOW,0.567289,0.567289,0.930281,False
BRK-B,CTSH,0.567276,0.567276,0.930294,False
COF,HUBB,0.567274,0.567274,0.930297,False
BKR,GS,0.567264,0.567264,0.930307,False
CVX,STT,0.567254,0.567254,0.930318,False
JCI,L,0.567240,0.567240,0.930334,False
KIM,PPL,0.567238,0.567238,0.930335,False
LIN,TT,0.567230,0.567230,0.930344,False
CSX,WFC,0.567221,0.567221,0.930354,False
AVY,FITB,0.567139,0.567139,0.930442,False
CRH,ROK,0.567132,0.567132,0.930450,False
PNC,TJX,0.567127,0.567127,0.930454,False
LIN,STT,0.567122,0.567122,0.930461,False
FANG,RF,0.567107,0.567107,0.930476,False
GRMN,TROW,0.567096,0.567096,0.930488,False
AMT,ES,0.567091,0.567091,0.930494,False
FRT,MLM,0.567081,0.567081,0.930504,False
D,MAA,0.567073,0.567073,0.930513,False
KO,MAA,0.567068,0.567068,0.930519,False
KMB,MDLZ,0.567049,0.567049,0.930539,True
CCL,SYY,0.567042,0.567042,0.930546,False
AMAT,INTU,0.567038,0.567038,0.930550,True
IEX,LIN,0.567035,0.567035,0.930554,False
COF,CTAS,0.567029,0.567029,0.930560,False
PEG,UDR,0.567026,0.567026,0.930563,False
AMCR,SWK,0.567014,0.567014,0.930577,False
BXP,STT,0.566998,0.566998,0.930593,False
DOV,UDR,0.566988,0.566988,0.930604,False
ADSK,MCHP,0.566983,0.566983,0.930609,True
APTV,ROK,0.566979,0.566979,0.930614,False
PAYX,TJX,0.566977,0.566977,0.930616,False
ECL,TT,0.566942,0.566942,0.930654,False
J,SNA,0.566941,0.566941,0.930655,True
DD,WFC,0.566940,0.566940,0.930656,False
CSX,GD,0.566935,0.566935,0.930661,True
FDS,ROP,0.566924,0.566924,0.930673,False
FRT,KMI,0.566917,0.566917,0.930681,False
L,VLO,0.566892,0.566892,0.930707,False
GLW,USB,0.566877,0.566877,0.930723,False
AFL,PPG,0.566872,0.566872,0.930729,False
L,TEL,0.566865,0.566865,0.930736,False
RF,XYL,0.566854,0.566854,0.930749,False
BLK,SNA,0.566844,0.566844,0.930758,False
CMI,DOW,0.566840,0.566840,0.930763,False
EXPD,NDSN,0.566837,0.566837,0.930767,True
KO,PAYX,0.566835,0.566835,0.930769,False
RSG,SPGI,0.566833,0.566833,0.930770,False
NOW,NVDA,0.566826,0.566826,0.930778,True
COF,PCAR,0.566807,0.566807,0.930799,False
AOS,IEX,0.566799,0.566799,0.930807,True
KIM,STT,0.566790,0.566790,0.930817,False
CTAS,IQV,0.566786,0.566786,0.930821,False
DOV,SWKS,0.566781,0.566781,0.930827,False
KIM,RCL,0.566781,0.566781,0.930827,False
PNR,ROP,0.566778,0.566778,0.930830,False
ALLE,LIN,0.566758,0.566758,0.930851,False
FAST,HD,0.566754,0.566754,0.930855,False
GLW,KLAC,0.566750,0.566750,0.930860,True
SWKS,ZBRA,0.566718,0.566718,0.930895,True
CDW,KKR,0.566705,0.566705,0.930908,False
ARE,FRT,0.566702,0.566702,0.930911,True
CMI,WFC,0.566700,0.566700,0.930914,False
CBRE,VICI,0.566697,0.566697,0.930917,True
AMP,OKE,0.566695,0.566695,0.930919,False
BXP,GS,0.566693,0.566693,0.930921,False
AMP,RCL,0.566682,0.566682,0.930933,False
AMD,AVGO,0.566678,0.566678,0.930937,True
MPC,MS,0.566665,0.566665,0.930951,False
MCO,SWK,0.566660,0.566660,0.930956,False
HLT,PNC,0.566654,0.566654,0.930963,False
MDLZ,XEL,0.566654,0.566654,0.930963,False
ROK,SNA,0.566649,0.566649,0.930969,True
L,ROP,0.566640,0.566640,0.930978,False
CCI,UDR,0.566632,0.566632,0.930987,True
NWS,RJF,0.566624,0.566624,0.930995,False
CAT,UNP,0.566616,0.566616,0.931003,True
MDT,V,0.566596,0.566596,0.931026,False
BX,WY,0.566595,0.566595,0.931027,False
AXP,BSX,0.566588,0.566588,0.931033,False
LYV,TDG,0.566585,0.566585,0.931037,False
HON,RSG,0.566582,0.566582,0.931040,True
PFG,TT,0.566580,0.566580,0.931042,False
RL,USB,0.566579,0.566579,0.931043,False
SLB,TXT,0.566573,0.566573,0.931050,False
ADSK,MPWR,0.566564,0.566564,0.931059,True
APH,APTV,0.566558,0.566558,0.931066,False
HPE,USB,0.566557,0.566557,0.931067,False
KKR,USB,0.566551,0.566551,0.931074,True
TEL,TPR,0.566542,0.566542,0.931083,False
LEN,SHW,0.566542,0.566542,0.931083,False
LOW,SPGI,0.566538,0.566538,0.931088,False
MOH,UNH,0.566531,0.566531,0.931095,True
JCI,NDSN,0.566527,0.566527,0.931100,True
HBAN,WY,0.566526,0.566526,0.931101,False
CBRE,UHS,0.566516,0.566516,0.931111,False
INTU,IQV,0.566507,0.566507,0.931121,False
SYF,VICI,0.566506,0.566506,0.931122,False
HBAN,PCAR,0.566488,0.566488,0.931141,False
ADP,PLD,0.566477,0.566477,0.931153,False
AMCR,AMP,0.566469,0.566469,0.931161,False
EXC,PAYX,0.566467,0.566467,0.931163,False
BR,BRO,0.566466,0.566466,0.931165,False
LYV,WYNN,0.566446,0.566446,0.931186,False
GS,HLT,0.566445,0.566445,0.931187,False
APH,DELL,0.566441,0.566441,0.931192,True
CTAS,HD,0.566440,0.566440,0.931193,False
BLK,LRCX,0.566430,0.566430,0.931203,False
ALLE,USB,0.566426,0.566426,0.931208,False
BA,JPM,0.566421,0.566421,0.931213,False
GPN,GS,0.566415,0.566415,0.931219,True
MMM,PNR,0.566400,0.566400,0.931235,True
BX,FTV,0.566396,0.566396,0.931240,False
AAPL,MPWR,0.566394,0.566394,0.931242,True
EXC,L,0.566390,0.566390,0.931247,False
ADSK,MA,0.566375,0.566375,0.931263,False
ADP,TEL,0.566342,0.566342,0.931298,False
L,MAA,0.566335,0.566335,0.931305,False
WFC,WY,0.566319,0.566319,0.931323,False
INVH,SPGI,0.566316,0.566316,0.931326,False
LNT,SBAC,0.566309,0.566309,0.931333,False
COF,NWS,0.566300,0.566300,0.931343,False
PAYX,SPGI,0.566286,0.566286,0.931358,False
CFG,GE,0.566286,0.566286,0.931358,False
CSX,MAS,0.566284,0.566284,0.931361,True
AFL,WELL,0.566276,0.566276,0.931369,False
CSX,V,0.566261,0.566261,0.931385,False
HUBB,IVZ,0.566253,0.566253,0.931394,False
FRT,UAL,0.566248,0.566248,0.931398,False
AVGO,WDC,0.566238,0.566238,0.931409,True
GS,LIN,0.566230,0.566230,0.931418,False
HST,WELL,0.566225,0.566225,0.931424,True
BRK-B,IP,0.566224,0.566224,0.931424,False
GM,SPG,0.566222,0.566222,0.931427,False
AVY,IVZ,0.566213,0.566213,0.931437,False
LIN,NSC,0.566203,0.566203,0.931447,False
OMC,SNA,0.566200,0.566200,0.931450,False
CFG,TRMB,0.566200,0.566200,0.931450,False
KKR,V,0.566193,0.566193,0.931458,True
EXC,WM,0.566187,0.566187,0.931464,False
GD,TDY,0.566178,0.566178,0.931475,False
HD,UNP,0.566172,0.566172,0.931481,False
RSG,XEL,0.566171,0.566171,0.931482,False
CF,DVN,0.566162,0.566162,0.931491,False
ESS,PEG,0.566152,0.566152,0.931502,False
ADBE,SNPS,0.566148,0.566148,0.931507,True
CRH,NTRS,0.566122,0.566122,0.931534,False
CBRE,CSX,0.566120,0.566120,0.931536,False
PH,WMB,0.566114,0.566114,0.931543,False
AME,EME,0.566103,0.566103,0.931554,True
CAT,TROW,0.566103,0.566103,0.931554,False
FRT,PPG,0.566100,0.566100,0.931558,False
GLW,WFC,0.566096,0.566096,0.931562,False
PPL,WRB,0.566089,0.566089,0.931570,False
AIG,GE,0.566080,0.566080,0.931579,False
KKR,MPWR,0.566070,0.566070,0.931590,False
ACGL,KIM,0.566063,0.566063,0.931597,False
CSX,MTB,0.566055,0.566055,0.931606,False
DVN,PRU,0.566042,0.566042,0.931620,False
BLK,MLM,0.566039,0.566039,0.931623,False
JBL,ROK,0.566037,0.566037,0.931626,False
PPG,SPGI,0.566026,0.566026,0.931637,False
DRI,UAL,0.566021,0.566021,0.931642,False
PRU,SYK,0.566018,0.566018,0.931646,False
SWKS,TROW,0.566016,0.566016,0.931648,False
LEN,PPG,0.566005,0.566005,0.931660,False
CFG,CINF,0.566003,0.566003,0.931662,True
BAC,NWSA,0.566002,0.566002,0.931663,False
CCI,EXR,0.565992,0.565992,0.931674,True
AMP,MAS,0.565990,0.565990,0.931676,False
KEY,NDSN,0.565985,0.565985,0.931682,False
KIM,KMI,0.565974,0.565974,0.931693,False
JPM,RL,0.565973,0.565973,0.931695,False
OKE,WELL,0.565971,0.565971,0.931697,False
APO,HUBB,0.565955,0.565955,0.931714,False
DE,PCAR,0.565931,0.565931,0.931739,True
JBL,SWKS,0.565927,0.565927,0.931744,True
ECL,GPN,0.565916,0.565916,0.931755,False
APO,CFG,0.565913,0.565913,0.931759,True
APTV,WY,0.565902,0.565902,0.931771,False
KKR,KLAC,0.565896,0.565896,0.931777,False
BKNG,CPAY,0.565896,0.565896,0.931777,False
AFL,PSX,0.565896,0.565896,0.931777,False
NWSA,PRU,0.565895,0.565895,0.931778,False
CPRT,HD,0.565880,0.565880,0.931794,False
SBUX,YUM,0.565863,0.565863,0.931812,True
CVX,URI,0.565856,0.565856,0.931820,False
MS,SPG,0.565849,0.565849,0.931828,False
NI,O,0.565843,0.565843,0.931834,False
ITW,NWSA,0.565829,0.565829,0.931849,False
AXP,IQV,0.565810,0.565810,0.931869,False
AMCR,ECL,0.565796,0.565796,0.931884,True
EIX,NEE,0.565789,0.565789,0.931891,True
CDNS,SPGI,0.565789,0.565789,0.931891,False
APA,WMB,0.565782,0.565782,0.931900,True
CFG,VMC,0.565755,0.565755,0.931928,False
EFX,MAS,0.565753,0.565753,0.931930,True
TRV,WFC,0.565718,0.565718,0.931967,True
CPAY,PPG,0.565697,0.565697,0.931990,False
IP,SYF,0.565696,0.565696,0.931991,False
HBAN,MLM,0.565682,0.565682,0.932006,False
TPR,TXT,0.565680,0.565680,0.932009,False
MA,MAR,0.565665,0.565665,0.932024,False
IVZ,PPG,0.565661,0.565661,0.932029,False
IR,NSC,0.565642,0.565642,0.932049,True
AXP,WRB,0.565635,0.565635,0.932057,True
BRK-B,SPG,0.565621,0.565621,0.932072,False
DD,JCI,0.565620,0.565620,0.932073,False
GWW,MAS,0.565605,0.565605,0.932089,True
L,NI,0.565577,0.565577,0.932119,False
CINF,MS,0.565555,0.565555,0.932142,True
IP,IVZ,0.565540,0.565540,0.932159,False
AXP,ROST,0.565522,0.565522,0.932178,False
A,DOV,0.565517,0.565517,0.932183,False
BA,HST,0.565514,0.565514,0.932186,False
GLW,SNA,0.565514,0.565514,0.932187,False
EME,MS,0.565497,0.565497,0.932204,False
CL,WEC,0.565497,0.565497,0.932205,False
CPRT,INTU,0.565495,0.565495,0.932207,False
MGM,TPR,0.565490,0.565490,0.932213,True
APH,LIN,0.565480,0.565480,0.932223,False
KEYS,ON,0.565469,0.565469,0.932234,True
BRK-B,NWSA,0.565465,0.565465,0.932239,False
EXC,MCD,0.565443,0.565443,0.932263,False
CSX,CTAS,0.565442,0.565442,0.932264,True
APO,STT,0.565438,0.565438,0.932269,True
CCI,WEC,0.565421,0.565421,0.932286,False
GE,SYF,0.565421,0.565421,0.932287,False
EMR,HST,0.565409,0.565409,0.932299,False
CNP,REG,0.565406,0.565406,0.932302,False
IP,WY,0.565403,0.565403,0.932306,False
HLT,SYY,0.565401,0.565401,0.932308,False
DELL,NTAP,0.565394,0.565394,0.932316,True
NXPI,PNR,0.565392,0.565392,0.932318,False
MOS,OKE,0.565388,0.565388,0.932322,False
ETN,WFC,0.565382,0.565382,0.932328,False
NI,PEP,0.565378,0.565378,0.932332,False
BRK-B,GLW,0.565370,0.565370,0.932341,False
BLK,GRMN,0.565351,0.565351,0.932361,False
CL,XEL,0.565351,0.565351,0.932361,False
LYB,XYL,0.565351,0.565351,0.932361,False
CRH,HD,0.565348,0.565348,0.932364,False
GM,PNR,0.565347,0.565347,0.932366,False
CSX,ECL,0.565328,0.565328,0.932386,False
MET,MLM,0.565316,0.565316,0.932399,False
AXP,J,0.565314,0.565314,0.932401,False
BEN,WY,0.565306,0.565306,0.932410,False
IQV,ROK,0.565290,0.565290,0.932427,False
AIG,DOW,0.565281,0.565281,0.932437,False
EME,MET,0.565278,0.565278,0.932440,False
AMP,COP,0.565267,0.565267,0.932451,False
CPRT,DOV,0.565241,0.565241,0.932479,True
AIG,LIN,0.565241,0.565241,0.932480,False
BAC,CCL,0.565226,0.565226,0.932496,False
AIG,JCI,0.565220,0.565220,0.932502,False
GE,TDG,0.565218,0.565218,0.932504,True
AIZ,RF,0.565200,0.565200,0.932523,True
DE,UNP,0.565197,0.565197,0.932526,True
LRCX,TROW,0.565162,0.565162,0.932564,False
RTX,SNA,0.565160,0.565160,0.932566,True
BEN,DOW,0.565156,0.565156,0.932571,False
BLK,CSCO,0.565130,0.565130,0.932599,False
LOW,TEL,0.565126,0.565126,0.932603,False
ISRG,SPGI,0.565121,0.565121,0.932609,False
EMR,PKG,0.565116,0.565116,0.932614,False
MS,SLB,0.565113,0.565113,0.932617,False
HPQ,SYF,0.565107,0.565107,0.932623,False
PNC,VLO,0.565088,0.565088,0.932644,False
JCI,TFC,0.565082,0.565082,0.932649,False
ITW,PLD,0.565082,0.565082,0.932650,False
ON,URI,0.565069,0.565069,0.932664,False
AMP,IQV,0.565050,0.565050,0.932685,False
AIG,HLT,0.565048,0.565048,0.932686,False
NTRS,PKG,0.565033,0.565033,0.932703,False
FRT,MS,0.565018,0.565018,0.932718,False
RF,TRMB,0.565017,0.565017,0.932720,False
DOW,HST,0.565013,0.565013,0.932724,False
L,SCHW,0.565005,0.565005,0.932733,True
ADP,PNC,0.565004,0.565004,0.932734,False
APO,FITB,0.565002,0.565002,0.932736,True
IVZ,MCHP,0.564987,0.564987,0.932752,False
CMI,PWR,0.564968,0.564968,0.932772,True
AMCR,ITW,0.564968,0.564968,0.932772,False
DOW,WFC,0.564966,0.564966,0.932775,False
GD,USB,0.564957,0.564957,0.932784,False
KO,UDR,0.564952,0.564952,0.932789,False
ACN,NDAQ,0.564950,0.564950,0.932792,False
CMS,RSG,0.564947,0.564947,0.932794,False
ACN,ISRG,0.564933,0.564933,0.932810,False
ALLE,BXP,0.564926,0.564926,0.932817,False
IQV,ISRG,0.564905,0.564905,0.932840,True
APTV,UAL,0.564903,0.564903,0.932842,False
NI,PLD,0.564900,0.564900,0.932845,False
J,JPM,0.564893,0.564893,0.932852,False
KIM,TDG,0.564882,0.564882,0.932865,False
AMP,SBUX,0.564878,0.564878,0.932869,False
ECL,MS,0.564849,0.564849,0.932900,False
DD,PKG,0.564813,0.564813,0.932939,True
BKNG,WYNN,0.564787,0.564787,0.932966,True
HUBB,NTRS,0.564781,0.564781,0.932973,False
MCO,PNC,0.564734,0.564734,0.933023,True
DRI,UHS,0.564734,0.564734,0.933023,False
GE,IVZ,0.564732,0.564732,0.933025,False
ICE,VRSK,0.564731,0.564731,0.933026,False
GWW,PRU,0.564723,0.564723,0.933035,False
AMP,BLDR,0.564717,0.564717,0.933041,False
CCL,TFC,0.564715,0.564715,0.933043,False
HUBB,L,0.564713,0.564713,0.933045,False
DIS,JPM,0.564688,0.564688,0.933072,False
DIS,MET,0.564687,0.564687,0.933073,False
ROST,SYF,0.564686,0.564686,0.933074,False
ALLE,ROP,0.564684,0.564684,0.933076,False
AOS,PH,0.564661,0.564661,0.933101,True
HUBB,WY,0.564648,0.564648,0.933115,False
CPAY,SPGI,0.564626,0.564626,0.933138,True
COF,WYNN,0.564607,0.564607,0.933159,False
BKNG,COF,0.564596,0.564596,0.933171,False
CTAS,INTU,0.564593,0.564593,0.933174,False
GLW,KKR,0.564590,0.564590,0.933177,False
DTE,OKE,0.564588,0.564588,0.933179,False
AME,ZBRA,0.564585,0.564585,0.933183,False
BKR,SYF,0.564582,0.564582,0.933186,False
MA,UNP,0.564573,0.564573,0.933195,False
MTB,RL,0.564549,0.564549,0.933221,False
CCL,GM,0.564548,0.564548,0.933222,True
PH,WDC,0.564523,0.564523,0.933249,False
DD,IP,0.564476,0.564476,0.933299,True
DE,XYL,0.564450,0.564450,0.933328,True
NWSA,PFG,0.564416,0.564416,0.933363,False
AFL,UDR,0.564398,0.564398,0.933383,False
IR,MGM,0.564389,0.564389,0.933393,False
MS,NWSA,0.564379,0.564379,0.933403,False
BBY,PNR,0.564369,0.564369,0.933414,False
FRT,SWK,0.564360,0.564360,0.933424,False
DRI,HON,0.564347,0.564347,0.933438,False
SCHW,TXT,0.564336,0.564336,0.933450,False
AXP,SLB,0.564319,0.564319,0.933467,False
PNR,SPG,0.564300,0.564300,0.933488,False
CTAS,NSC,0.564291,0.564291,0.933498,True
MSFT,ROP,0.564291,0.564291,0.933498,True
HLT,V,0.564277,0.564277,0.933513,False
APTV,ITW,0.564274,0.564274,0.933516,False
BX,IQV,0.564269,0.564269,0.933521,False
CDW,WAB,0.564266,0.564266,0.933525,False
CDW,TXT,0.564247,0.564247,0.933545,False
DTE,SPG,0.564238,0.564238,0.933554,False
DIS,PH,0.564232,0.564232,0.933561,False
APTV,DAL,0.564219,0.564219,0.933575,False
ACN,PPG,0.564219,0.564219,0.933575,False
ADI,IQV,0.564211,0.564211,0.933584,False
TTD,XYZ,0.564201,0.564201,0.933594,False
AMD,ON,0.564187,0.564187,0.933610,True
AXP,CB,0.564186,0.564186,0.933610,True
NDAQ,PLD,0.564165,0.564165,0.933633,False
BKR,KEY,0.564164,0.564164,0.933634,False
CMI,CRH,0.564159,0.564159,0.933640,False
PAYX,PNC,0.564153,0.564153,0.933646,False
BRK-B,KKR,0.564148,0.564148,0.933651,True
TRMB,TXN,0.564146,0.564146,0.933653,True
KLAC,PH,0.564121,0.564121,0.933679,False
TFC,VLO,0.564111,0.564111,0.933691,False
FRT,GS,0.564084,0.564084,0.933720,False
AIG,MA,0.564079,0.564079,0.933725,True
ACN,GPN,0.564066,0.564066,0.933739,False
CFG,GLW,0.564049,0.564049,0.933757,False
AEP,CCI,0.564046,0.564046,0.933760,False
SLB,SYF,0.564045,0.564045,0.933761,False
NVR,PNR,0.564036,0.564036,0.933771,False
CTSH,MS,0.564029,0.564029,0.933778,False
ROST,ULTA,0.564027,0.564027,0.933781,True
MA,SBUX,0.564024,0.564024,0.933784,False
J,USB,0.564019,0.564019,0.933789,False
STLD,TFC,0.564019,0.564019,0.933789,False
ADP,GWW,0.564008,0.564008,0.933801,True
PHM,TEL,0.564004,0.564004,0.933805,False
CDNS,CPRT,0.563993,0.563993,0.933817,False
JCI,TROW,0.563988,0.563988,0.933822,False
MSI,SYK,0.563977,0.563977,0.933834,False
ANET,CDNS,0.563976,0.563976,0.933835,True
GD,TEL,0.563967,0.563967,0.933845,False
JPM,SWK,0.563964,0.563964,0.933848,False
F,SYF,0.563960,0.563960,0.933853,False
BBY,ITW,0.563953,0.563953,0.933859,False
ADP,FAST,0.563952,0.563952,0.933861,True
COF,LYV,0.563919,0.563919,0.933896,False
FRT,OKE,0.563899,0.563899,0.933917,False
CAT,PSX,0.563893,0.563893,0.933924,False
MA,YUM,0.563891,0.563891,0.933926,False
COF,VMC,0.563875,0.563875,0.933943,False
BKR,LYB,0.563865,0.563865,0.933954,False
AME,NVR,0.563852,0.563852,0.933968,False
CPRT,ITW,0.563843,0.563843,0.933978,True
HAL,WAB,0.563838,0.563838,0.933983,False
PNW,REG,0.563836,0.563836,0.933986,False
RF,WRB,0.563819,0.563819,0.934003,True
BAC,MAR,0.563802,0.563802,0.934022,False
F,MS,0.563801,0.563801,0.934022,False
EXPD,TROW,0.563796,0.563796,0.934027,False
DOW,TROW,0.563789,0.563789,0.934035,False
NDSN,SYK,0.563784,0.563784,0.934041,False
EME,J,0.563744,0.563744,0.934084,True
C,TDY,0.563735,0.563735,0.934093,False
APH,CBRE,0.563734,0.563734,0.934094,False
CINF,STT,0.563726,0.563726,0.934102,True
GS,NWS,0.563721,0.563721,0.934109,False
NSC,WFC,0.563714,0.563714,0.934115,False
APA,LYB,0.563711,0.563711,0.934118,False
ACN,TXN,0.563704,0.563704,0.934126,True
NUE,PKG,0.563690,0.563690,0.934142,True
CPAY,KEY,0.563686,0.563686,0.934146,True
SYY,TFC,0.563665,0.563665,0.934168,False
DD,NSC,0.563656,0.563656,0.934178,False
BKR,PH,0.563652,0.563652,0.934182,False
CBRE,PLD,0.563617,0.563617,0.934219,True
CHRW,EXPD,0.563613,0.563613,0.934224,True
EXPD,PNR,0.563612,0.563612,0.934225,True
ADP,PH,0.563611,0.563611,0.934226,True
PPL,VICI,0.563607,0.563607,0.934230,False
SWKS,TRMB,0.563598,0.563598,0.934239,True
AMCR,DOV,0.563589,0.563589,0.934249,False
D,KO,0.563584,0.563584,0.934255,False
BRO,ICE,0.563520,0.563520,0.934324,True
APO,V,0.563517,0.563517,0.934326,True
F,GS,0.563507,0.563507,0.934337,False
ADI,XYL,0.563506,0.563506,0.934338,False
EMR,SYK,0.563505,0.563505,0.934339,False
BRK-B,VICI,0.563505,0.563505,0.934339,False
MA,NSC,0.563496,0.563496,0.934349,False
CSCO,HPE,0.563495,0.563495,0.934350,True
IEX,MTD,0.563492,0.563492,0.934353,False
CDNS,CRM,0.563488,0.563488,0.934358,True
DIS,V,0.563474,0.563474,0.934372,False
ADSK,XYZ,0.563471,0.563471,0.934376,False
HPE,STT,0.563470,0.563470,0.934377,False
DE,NSC,0.563452,0.563452,0.934396,True
CSX,USB,0.563448,0.563448,0.934400,False
ACN,FTV,0.563446,0.563446,0.934402,False
ARES,CPAY,0.563431,0.563431,0.934418,True
TJX,WY,0.563405,0.563405,0.934446,False
AME,STLD,0.563403,0.563403,0.934449,False
FRT,ROST,0.563403,0.563403,0.934449,False
BRK-B,EXC,0.563397,0.563397,0.934454,False
CNC,UNH,0.563397,0.563397,0.934455,True
ESS,PNC,0.563389,0.563389,0.934464,False
JPM,RCL,0.563388,0.563388,0.934464,False
CTAS,RTX,0.563385,0.563385,0.934468,True
EVRG,PAYX,0.563367,0.563367,0.934488,False
AFL,LIN,0.563364,0.563364,0.934490,False
HST,PSX,0.563355,0.563355,0.934500,False
CBRE,HUBB,0.563349,0.563349,0.934506,False
LYB,OXY,0.563320,0.563320,0.934537,False
PFG,WYNN,0.563320,0.563320,0.934537,False
GRMN,ITW,0.563290,0.563290,0.934570,False
ADSK,LRCX,0.563287,0.563287,0.934573,True
GE,STT,0.563284,0.563284,0.934576,False
AIG,BKR,0.563282,0.563282,0.934578,False
J,WAB,0.563271,0.563271,0.934590,True
TEL,VMC,0.563266,0.563266,0.934595,False
EXPE,SYF,0.563257,0.563257,0.934605,False
PSX,TXT,0.563242,0.563242,0.934621,False
KMI,VTR,0.563208,0.563208,0.934657,False
HBAN,NSC,0.563204,0.563204,0.934661,False
STLD,TXT,0.563201,0.563201,0.934665,False
HBAN,UNP,0.563179,0.563179,0.934688,False
JCI,PCAR,0.563171,0.563171,0.934696,True
OXY,TPL,0.563160,0.563160,0.934709,True
BA,MAR,0.563152,0.563152,0.934717,False
ATO,RSG,0.563146,0.563146,0.934724,False
AMCR,AME,0.563144,0.563144,0.934726,False
DIS,SYF,0.563120,0.563120,0.934751,False
ALLE,SHW,0.563085,0.563085,0.934789,False
AMP,VLO,0.563082,0.563082,0.934791,False
AMP,MSFT,0.563060,0.563060,0.934815,False
AIG,CRH,0.563057,0.563057,0.934819,False
APTV,JBL,0.562979,0.562979,0.934902,False
C,LUV,0.562972,0.562972,0.934909,False
LIN,LYB,0.562947,0.562947,0.934936,True
DOV,ODFL,0.562947,0.562947,0.934937,True
LOW,TROW,0.562937,0.562937,0.934947,False
BRO,LIN,0.562936,0.562936,0.934948,False
AIG,ETN,0.562934,0.562934,0.934951,False
MA,TXT,0.562899,0.562899,0.934988,False
HAL,TXT,0.562889,0.562889,0.934999,False
CRH,TFC,0.562887,0.562887,0.935001,False
CTAS,ETN,0.562880,0.562880,0.935008,True
MKC,PG,0.562868,0.562868,0.935021,True
CPAY,L,0.562861,0.562861,0.935028,True
BX,PLD,0.562851,0.562851,0.935039,False
HPE,HUBB,0.562842,0.562842,0.935048,False
GWW,ROP,0.562832,0.562832,0.935060,False
HLT,MS,0.562824,0.562824,0.935068,False
GLW,TT,0.562822,0.562822,0.935070,False
KKR,MGM,0.562807,0.562807,0.935086,False
AMP,PWR,0.562797,0.562797,0.935097,False
ECL,NDAQ,0.562789,0.562789,0.935105,False
SYF,VLO,0.562786,0.562786,0.935108,False
APH,SWK,0.562785,0.562785,0.935109,False
JPM,SYY,0.562771,0.562771,0.935125,False
HWM,MGM,0.562765,0.562765,0.935131,False
CSX,LOW,0.562760,0.562760,0.935136,False
DOW,RJF,0.562749,0.562749,0.935149,False
FITB,WYNN,0.562737,0.562737,0.935161,False
CFG,GPN,0.562735,0.562735,0.935163,True
GPN,WY,0.562709,0.562709,0.935191,False
AFL,BLK,0.562706,0.562706,0.935194,True
CRH,LYB,0.562704,0.562704,0.935196,True
IP,MTB,0.562696,0.562696,0.935204,False
BR,MSCI,0.562692,0.562692,0.935209,False
HWM,SNA,0.562685,0.562685,0.935217,True
HST,TJX,0.562685,0.562685,0.935217,False
AAPL,ADSK,0.562684,0.562684,0.935218,True
GS,VMC,0.562682,0.562682,0.935220,False
DOW,IEX,0.562668,0.562668,0.935235,False
CDW,IVZ,0.562667,0.562667,0.935236,False
COF,XYL,0.562664,0.562664,0.935239,False
DRI,JPM,0.562655,0.562655,0.935248,False
CVX,TFC,0.562608,0.562608,0.935298,False
ADI,PPG,0.562602,0.562602,0.935306,False
IEX,MCO,0.562588,0.562588,0.935320,False
FRT,PNR,0.562586,0.562586,0.935322,False
DOV,UHS,0.562585,0.562585,0.935323,False
APO,WFC,0.562584,0.562584,0.935324,True
KEY,TRV,0.562567,0.562567,0.935343,True
BLK,BR,0.562567,0.562567,0.935343,False
CPRT,ROP,0.562565,0.562565,0.935345,False
ITW,JBHT,0.562561,0.562561,0.935349,True
GS,NWSA,0.562543,0.562543,0.935369,False
IR,LIN,0.562535,0.562535,0.935377,False
OMC,WFC,0.562533,0.562533,0.935379,False
BKR,JPM,0.562530,0.562530,0.935382,False
IDXX,MCO,0.562523,0.562523,0.935390,False
CBRE,SYY,0.562518,0.562518,0.935395,False
BKNG,MET,0.562503,0.562503,0.935411,False
ALLE,TJX,0.562494,0.562494,0.935421,False
GS,IP,0.562472,0.562472,0.935444,False
ECL,SWK,0.562449,0.562449,0.935469,False
SPGI,XYL,0.562449,0.562449,0.935469,False
DOV,GRMN,0.562443,0.562443,0.935476,False
APO,IR,0.562434,0.562434,0.935485,False
MA,PNC,0.562431,0.562431,0.935488,True
EIX,WEC,0.562406,0.562406,0.935515,True
GS,KIM,0.562403,0.562403,0.935518,False
CFG,F,0.562399,0.562399,0.935522,False
AME,TDG,0.562397,0.562397,0.935525,True
AMCR,BLK,0.562386,0.562386,0.935536,False
BX,IR,0.562384,0.562384,0.935539,False
ADI,URI,0.562377,0.562377,0.935546,False
ADI,CTSH,0.562375,0.562375,0.935548,True
ED,PG,0.562369,0.562369,0.935555,False
KIM,PPG,0.562319,0.562319,0.935608,False
IEX,LYB,0.562317,0.562317,0.935610,False
CSX,GLW,0.562309,0.562309,0.935619,False
RTX,TFC,0.562302,0.562302,0.935626,False
ADI,WAB,0.562298,0.562298,0.935631,False
BX,JPM,0.562291,0.562291,0.935638,True
IR,STLD,0.562272,0.562272,0.935658,False
LUV,TFC,0.562269,0.562269,0.935661,False
ADI,MA,0.562267,0.562267,0.935663,False
HCA,HIG,0.562267,0.562267,0.935664,False
CCI,ES,0.562238,0.562238,0.935695,False
DOV,MTD,0.562218,0.562218,0.935716,False
ACN,VRSN,0.562216,0.562216,0.935718,True
CPT,CTAS,0.562214,0.562214,0.935720,False
MET,ROK,0.562212,0.562212,0.935722,False
AEP,AMT,0.562190,0.562190,0.935745,False
EME,JBL,0.562184,0.562184,0.935752,False
DRI,VICI,0.562176,0.562176,0.935760,False
APTV,DD,0.562172,0.562172,0.935765,False
BLK,SBUX,0.562164,0.562164,0.935774,False
CINF,GS,0.562159,0.562159,0.935779,True
J,ROK,0.562145,0.562145,0.935793,True
J,PCAR,0.562142,0.562142,0.935797,True
AMP,UAL,0.562131,0.562131,0.935809,False
GPC,GWW,0.562125,0.562125,0.935815,False
DOV,DRI,0.562103,0.562103,0.935838,False
BAC,ROK,0.562092,0.562092,0.935850,False
CRH,FCX,0.562089,0.562089,0.935854,True
BAC,MLM,0.562087,0.562087,0.935856,False
ACN,ADI,0.562085,0.562085,0.935858,True
APO,CBRE,0.562067,0.562067,0.935877,False
AIZ,CFG,0.562065,0.562065,0.935880,True
DHI,SHW,0.562058,0.562058,0.935886,False
AMAT,ZBRA,0.562046,0.562046,0.935899,True
CAT,HWM,0.562041,0.562041,0.935905,True
CBRE,PHM,0.562039,0.562039,0.935907,False
CMI,GM,0.562024,0.562024,0.935923,False
KKR,PPG,0.562021,0.562021,0.935926,False
GPC,XYL,0.562012,0.562012,0.935936,False
CVX,GD,0.562006,0.562006,0.935942,False
KIM,RJF,0.561997,0.561997,0.935952,False
FRT,ITW,0.561997,0.561997,0.935952,False
EMR,MGM,0.561990,0.561990,0.935960,False
CPT,ES,0.561977,0.561977,0.935973,False
APH,J,0.561976,0.561976,0.935974,False
AVY,IP,0.561973,0.561973,0.935977,True
C,WYNN,0.561972,0.561972,0.935979,False
DHI,PNR,0.561971,0.561971,0.935979,False
INTU,TXN,0.561932,0.561932,0.936022,True
INVH,VTR,0.561931,0.561931,0.936023,True
AVY,IR,0.561917,0.561917,0.936038,False
PKG,SNA,0.561916,0.561916,0.936039,False
BRK-B,GM,0.561897,0.561897,0.936058,False
PAYX,PNR,0.561895,0.561895,0.936061,True
NCLH,PH,0.561890,0.561890,0.936066,False
SPG,WMB,0.561888,0.561888,0.936068,False
ATO,ESS,0.561885,0.561885,0.936072,False
BLDR,CBRE,0.561880,0.561880,0.936077,False
PRU,TDG,0.561869,0.561869,0.936089,False
NSC,PCAR,0.561859,0.561859,0.936099,True
COF,EXPE,0.561836,0.561836,0.936124,False
UHS,WELL,0.561834,0.561834,0.936126,False
AFL,IVZ,0.561832,0.561832,0.936128,True
ALL,FITB,0.561831,0.561831,0.936129,True
DE,JPM,0.561830,0.561830,0.936130,False
FTV,MA,0.561823,0.561823,0.936138,False
GWW,IR,0.561822,0.561822,0.936139,True
HIG,NTRS,0.561816,0.561816,0.936145,True
PH,PSX,0.561800,0.561800,0.936162,False
IEX,KEY,0.561796,0.561796,0.936167,False
CVX,HON,0.561791,0.561791,0.936172,False
ADP,GPN,0.561787,0.561787,0.936177,False
MTB,TEL,0.561782,0.561782,0.936182,False
CSX,HUBB,0.561777,0.561777,0.936187,True
DAL,MTB,0.561772,0.561772,0.936192,False
GPC,PHM,0.561765,0.561765,0.936200,True
BA,HLT,0.561764,0.561764,0.936201,False
CBRE,CPAY,0.561754,0.561754,0.936212,False
ALLE,KIM,0.561752,0.561752,0.936214,False
ALLE,MA,0.561746,0.561746,0.936220,False
AVY,RJF,0.561738,0.561738,0.936229,False
ECL,NSC,0.561735,0.561735,0.936232,False
CSX,GPC,0.561733,0.561733,0.936234,False
ARES,SPGI,0.561721,0.561721,0.936247,True
BRO,NDAQ,0.561721,0.561721,0.936247,True
HBAN,PKG,0.561707,0.561707,0.936261,False
EMR,MCHP,0.561703,0.561703,0.936266,False
GM,HLT,0.561701,0.561701,0.936268,True
DOW,UNP,0.561695,0.561695,0.936274,False
BRK-B,MGM,0.561693,0.561693,0.936277,False
RTX,TEL,0.561690,0.561690,0.936280,False
HWM,JCI,0.561689,0.561689,0.936281,True
HLT,KEY,0.561682,0.561682,0.936288,False
PKG,TXT,0.561676,0.561676,0.936295,False
DAL,RJF,0.561674,0.561674,0.936297,False
KKR,MSFT,0.561626,0.561626,0.936348,False
AME,RSG,0.561621,0.561621,0.936353,True
HIG,HWM,0.561600,0.561600,0.936376,False
CAT,HPE,0.561562,0.561562,0.936417,False
AAPL,APH,0.561544,0.561544,0.936435,True
CBRE,DRI,0.561538,0.561538,0.936442,False
FRT,STT,0.561532,0.561532,0.936448,False
APTV,PRU,0.561528,0.561528,0.936453,False
IVZ,SPG,0.561526,0.561526,0.936455,False
PPL,WY,0.561525,0.561525,0.936456,False
PAYX,RJF,0.561512,0.561512,0.936470,False
ADP,INVH,0.561502,0.561502,0.936481,False
NVR,POOL,0.561496,0.561496,0.936487,True
BXP,JPM,0.561487,0.561487,0.936496,False
EMR,FANG,0.561484,0.561484,0.936500,False
LHX,RTX,0.561478,0.561478,0.936507,True
BXP,WFC,0.561468,0.561468,0.936517,False
ROK,TRMB,0.561465,0.561465,0.936520,False
FOXA,OMC,0.561459,0.561459,0.936527,True
PEG,RSG,0.561444,0.561444,0.936543,False
CSX,TDY,0.561415,0.561415,0.936573,False
ADP,MCD,0.561403,0.561403,0.936586,False
CB,RTX,0.561393,0.561393,0.936597,False
ARES,PNR,0.561386,0.561386,0.936604,False
AFL,CPAY,0.561360,0.561360,0.936632,True
BX,PPG,0.561348,0.561348,0.936645,False
FCX,NXPI,0.561331,0.561331,0.936663,False
APD,ECL,0.561324,0.561324,0.936671,True
NOW,PYPL,0.561322,0.561322,0.936673,False
EMR,VLO,0.561319,0.561319,0.936677,False
ESS,RSG,0.561314,0.561314,0.936681,False
EOG,PRU,0.561311,0.561311,0.936685,False
AXP,F,0.561309,0.561309,0.936687,False
DRI,MET,0.561309,0.561309,0.936687,False
FRT,TDG,0.561308,0.561308,0.936688,False
HUBB,STLD,0.561297,0.561297,0.936700,False
GPN,TFC,0.561292,0.561292,0.936705,True
DOW,SNA,0.561280,0.561280,0.936718,False
APH,V,0.561268,0.561268,0.936730,False
APA,PFG,0.561267,0.561267,0.936732,False
STLD,TEL,0.561263,0.561263,0.936736,False
COF,NXPI,0.561256,0.561256,0.936743,False
MCO,ROK,0.561233,0.561233,0.936768,False
CSX,J,0.561230,0.561230,0.936771,True
OMC,TFC,0.561194,0.561194,0.936809,False
ALLE,GS,0.561186,0.561186,0.936817,False
ADP,WM,0.561181,0.561181,0.936823,True
JCI,NTRS,0.561117,0.561117,0.936892,False
GLW,WAB,0.561112,0.561112,0.936897,False
DOW,TEL,0.561107,0.561107,0.936902,False
ADI,CSX,0.561098,0.561098,0.936912,False
DRI,OKE,0.561087,0.561087,0.936924,False
CPAY,SNA,0.561083,0.561083,0.936928,False
CBRE,RL,0.561081,0.561081,0.936930,False
PNC,XOM,0.561071,0.561071,0.936940,False
BKR,TPL,0.561059,0.561059,0.936954,True
ITW,PHM,0.561006,0.561006,0.937010,False
COF,NWSA,0.561005,0.561005,0.937011,False
APH,CSCO,0.561003,0.561003,0.937013,True
HBAN,RCL,0.561001,0.561001,0.937015,False
MS,PSX,0.560997,0.560997,0.937020,False
ATO,PG,0.560978,0.560978,0.937040,False
JBL,TXN,0.560967,0.560967,0.937052,True
ATO,INVH,0.560961,0.560961,0.937058,False
APH,SNA,0.560953,0.560953,0.937067,False
NOW,PAYC,0.560922,0.560922,0.937099,False
APH,FFIV,0.560916,0.560916,0.937106,True
PFG,PKG,0.560915,0.560915,0.937107,False
CTAS,YUM,0.560907,0.560907,0.937116,False
ARES,JPM,0.560901,0.560901,0.937122,True
SPGI,TDY,0.560885,0.560885,0.937140,False
CB,RJF,0.560870,0.560870,0.937155,True
BEN,FTV,0.560858,0.560858,0.937168,False
ITW,NWS,0.560844,0.560844,0.937183,False
SYK,SYY,0.560836,0.560836,0.937191,False
GPN,KKR,0.560835,0.560835,0.937192,True
HII,LHX,0.560824,0.560824,0.937204,True
CBRE,TPR,0.560823,0.560823,0.937205,False
MSFT,QCOM,0.560802,0.560802,0.937228,True
DOW,NDSN,0.560802,0.560802,0.937228,False
ARES,URI,0.560793,0.560793,0.937237,False
IEX,LOW,0.560784,0.560784,0.937247,False
BX,MSCI,0.560779,0.560779,0.937253,True
COF,TRV,0.560771,0.560771,0.937261,True
IEX,JPM,0.560769,0.560769,0.937263,False
KMI,VICI,0.560760,0.560760,0.937273,False
APH,BAC,0.560759,0.560759,0.937273,False
BLK,TDY,0.560754,0.560754,0.937279,False
CCI,EXC,0.560751,0.560751,0.937282,False
C,CB,0.560715,0.560715,0.937321,True
NUE,TXT,0.560714,0.560714,0.937322,False
BX,GLW,0.560700,0.560700,0.937336,False
LII,XYL,0.560700,0.560700,0.937337,True
GD,GS,0.560686,0.560686,0.937351,False
ADP,MSFT,0.560678,0.560678,0.937360,False
EME,PFG,0.560677,0.560677,0.937361,False
PFG,WMB,0.560668,0.560668,0.937371,False
EXPD,SWK,0.560667,0.560667,0.937372,True
JCI,WFC,0.560661,0.560661,0.937378,False
AMP,KLAC,0.560646,0.560646,0.937394,False
HWM,UAL,0.560633,0.560633,0.937408,True
ISRG,KKR,0.560630,0.560630,0.937411,False
HCA,SPG,0.560628,0.560628,0.937413,False
FAST,NSC,0.560620,0.560620,0.937421,True
NEE,SRE,0.560597,0.560597,0.937446,True
PKG,RF,0.560592,0.560592,0.937452,False
FCX,FITB,0.560590,0.560590,0.937454,False
FAST,PH,0.560589,0.560589,0.937455,True
ITW,ZBRA,0.560585,0.560585,0.937459,False
ACGL,FRT,0.560584,0.560584,0.937461,False
IVZ,J,0.560580,0.560580,0.937465,False
CBRE,CRH,0.560573,0.560573,0.937472,False
COF,SLB,0.560560,0.560560,0.937486,False
CSCO,TROW,0.560552,0.560552,0.937495,False
DRI,MA,0.560540,0.560540,0.937507,False
SYK,UDR,0.560538,0.560538,0.937510,False
IEX,RJF,0.560536,0.560536,0.937512,False
PNR,TPR,0.560535,0.560535,0.937512,False
ITW,NXPI,0.560519,0.560519,0.937530,False
AMP,F,0.560512,0.560512,0.937537,False
GM,WFC,0.560511,0.560511,0.937538,False
IEX,MLM,0.560500,0.560500,0.937550,False
CMS,DOC,0.560476,0.560476,0.937576,False
ADP,ESS,0.560467,0.560467,0.937585,False
APTV,HBAN,0.560466,0.560466,0.937586,False
FTV,PAYX,0.560442,0.560442,0.937611,True
MTD,TEL,0.560439,0.560439,0.937615,False
ACGL,HBAN,0.560436,0.560436,0.937618,True
HPE,TXT,0.560410,0.560410,0.937646,False
CPT,XEL,0.560403,0.560403,0.937653,False
CB,DTE,0.560400,0.560400,0.937657,False
MET,TT,0.560398,0.560398,0.937659,False
CTAS,MS,0.560380,0.560380,0.937677,False
CNP,RSG,0.560371,0.560371,0.937687,False
CDW,HON,0.560371,0.560371,0.937688,False
CB,MTB,0.560369,0.560369,0.937689,True
DE,L,0.560369,0.560369,0.937690,False
IEX,VMC,0.560366,0.560366,0.937693,False
HD,MAA,0.560364,0.560364,0.937695,False
FAST,PCAR,0.560357,0.560357,0.937703,True
AME,TPR,0.560354,0.560354,0.937705,False
PCAR,USB,0.560330,0.560330,0.937731,False
UAL,WAB,0.560312,0.560312,0.937751,True
JBL,PFG,0.560308,0.560308,0.937754,False
FRT,NTRS,0.560308,0.560308,0.937755,False
AMAT,TRMB,0.560300,0.560300,0.937763,True
LYB,TPR,0.560293,0.560293,0.937770,False
GS,WMB,0.560286,0.560286,0.937779,False
EMR,HIG,0.560262,0.560262,0.937804,False
PRU,SRE,0.560258,0.560258,0.937808,False
ACGL,MS,0.560256,0.560256,0.937810,True
CNP,WY,0.560247,0.560247,0.937820,False
AOS,SNA,0.560236,0.560236,0.937832,True
AME,NUE,0.560226,0.560226,0.937842,False
BRK-B,TT,0.560223,0.560223,0.937845,False
PLD,TROW,0.560216,0.560216,0.937853,False
AMP,LRCX,0.560207,0.560207,0.937862,False
ETN,MAS,0.560196,0.560196,0.937874,True
CCL,PNC,0.560184,0.560184,0.937887,False
ALL,GD,0.560167,0.560167,0.937905,False
MSI,RSG,0.560151,0.560151,0.937922,False
ADSK,CPRT,0.560147,0.560147,0.937927,False
ADP,CDW,0.560145,0.560145,0.937929,False
GIS,HRL,0.560143,0.560143,0.937931,True
CPAY,FIS,0.560140,0.560140,0.937934,True
L,PCAR,0.560139,0.560139,0.937935,False
BAC,TJX,0.560127,0.560127,0.937948,False
OKE,TFC,0.560122,0.560122,0.937953,False
AVY,NTRS,0.560089,0.560089,0.937989,False
ROP,WM,0.560081,0.560081,0.937997,False
CSX,DE,0.560068,0.560068,0.938010,True
DOV,KEYS,0.560065,0.560065,0.938014,False
BLK,DIS,0.560058,0.560058,0.938022,False
ACGL,PPL,0.560056,0.560056,0.938024,False
BKNG,LUV,0.560049,0.560049,0.938031,False
HST,HWM,0.560045,0.560045,0.938036,False
GWW,PFG,0.560044,0.560044,0.938036,False
CMI,HPE,0.560036,0.560036,0.938044,False
NOW,XYZ,0.560018,0.560018,0.938064,False
AXP,VMC,0.560016,0.560016,0.938066,False
CLX,KMB,0.559990,0.559990,0.938094,True
RL,TEL,0.559989,0.559989,0.938095,False
PHM,POOL,0.559979,0.559979,0.938106,True
CFG,RCL,0.559974,0.559974,0.938111,False
IEX,STT,0.559962,0.559962,0.938124,False
HAL,STLD,0.559956,0.559956,0.938130,False
JBL,NDSN,0.559942,0.559942,0.938145,False
EXPD,MAS,0.559939,0.559939,0.938148,True
RJF,TPR,0.559934,0.559934,0.938154,False
BXP,TXT,0.559932,0.559932,0.938155,False
LOW,TSCO,0.559928,0.559928,0.938160,True
AXP,PAYX,0.559927,0.559927,0.938161,False
BAC,LIN,0.559917,0.559917,0.938172,False
ALLE,MCO,0.559916,0.559916,0.938173,False
COO,STE,0.559915,0.559915,0.938173,True
AJG,PGR,0.559915,0.559915,0.938174,True
EG,JPM,0.559910,0.559910,0.938179,True
INTC,LRCX,0.559901,0.559901,0.938189,True
IVZ,JCI,0.559882,0.559882,0.938209,False
ARES,PFG,0.559877,0.559877,0.938214,True
AFL,BA,0.559859,0.559859,0.938234,False
NDSN,USB,0.559858,0.559858,0.938235,False
CMS,INVH,0.559854,0.559854,0.938239,False
ADP,MSCI,0.559850,0.559850,0.938243,False
J,NDSN,0.559848,0.559848,0.938245,True
AME,RTX,0.559833,0.559833,0.938261,True
ITW,MCHP,0.559823,0.559823,0.938272,False
MA,NDSN,0.559815,0.559815,0.938280,False
BX,JCI,0.559809,0.559809,0.938287,False
CSX,DD,0.559806,0.559806,0.938290,False
AXP,SPGI,0.559800,0.559800,0.938296,True
ARE,KIM,0.559788,0.559788,0.938309,True
AMCR,PRU,0.559772,0.559772,0.938326,False
EMR,ON,0.559765,0.559765,0.938334,False
PSX,STT,0.559758,0.559758,0.938341,False
GLW,LYB,0.559757,0.559757,0.938342,False
EQIX,INVH,0.559752,0.559752,0.938348,True
DRI,WY,0.559751,0.559751,0.938348,False
AMP,HPQ,0.559743,0.559743,0.938357,False
UDR,USB,0.559740,0.559740,0.938360,False
MLM,SWK,0.559732,0.559732,0.938369,False
LUV,MS,0.559720,0.559720,0.938381,False
KEY,VLO,0.559719,0.559719,0.938383,False
GD,HBAN,0.559717,0.559717,0.938385,False
AEE,WM,0.559717,0.559717,0.938385,False
LOW,VICI,0.559707,0.559707,0.938396,False
ICE,PLD,0.559704,0.559704,0.938399,False
DOV,INVH,0.559702,0.559702,0.938401,False
AJG,MCD,0.559684,0.559684,0.938420,False
CB,KEY,0.559679,0.559679,0.938425,True
AMP,LOW,0.559669,0.559669,0.938435,False
AVY,PCAR,0.559664,0.559664,0.938441,False
CINF,GD,0.559652,0.559652,0.938454,False
FAST,MAS,0.559648,0.559648,0.938459,True
AMP,MDT,0.559581,0.559581,0.938530,False
EMR,FRT,0.559563,0.559563,0.938549,False
MTB,PSX,0.559563,0.559563,0.938549,False
LYB,PNR,0.559544,0.559544,0.938569,False
DE,IEX,0.559539,0.559539,0.938575,True
PKG,WY,0.559528,0.559528,0.938586,False
CPAY,SWK,0.559524,0.559524,0.938590,False
SHW,WY,0.559518,0.559518,0.938597,False
ETN,UNP,0.559513,0.559513,0.938602,True
COP,PH,0.559497,0.559497,0.938619,False
FTV,V,0.559491,0.559491,0.938626,False
J,NSC,0.559477,0.559477,0.938640,True
PAYX,XYL,0.559469,0.559469,0.938649,True
EMR,HPQ,0.559467,0.559467,0.938651,False
BRK-B,HD,0.559463,0.559463,0.938656,False
GM,RCL,0.559460,0.559460,0.938659,True
AWK,PLD,0.559457,0.559457,0.938661,False
KEY,ROK,0.559453,0.559453,0.938666,False
ETN,TRMB,0.559449,0.559449,0.938671,False
ARES,HUBB,0.559430,0.559430,0.938690,False
DOV,LRCX,0.559423,0.559423,0.938698,False
F,PNC,0.559421,0.559421,0.938700,False
BKNG,GS,0.559421,0.559421,0.938700,False
HBAN,RTX,0.559419,0.559419,0.938703,False
GWW,UNP,0.559418,0.559418,0.938703,True
DOC,DOV,0.559388,0.559388,0.938735,False
FAST,SNA,0.559374,0.559374,0.938750,True
ADSK,PYPL,0.559367,0.559367,0.938757,False
TFC,XYL,0.559347,0.559347,0.938779,False
MAA,WEC,0.559341,0.559341,0.938785,False
PFG,ROST,0.559335,0.559335,0.938792,False
AWK,UDR,0.559335,0.559335,0.938792,False
SLB,URI,0.559335,0.559335,0.938792,False
ADP,MS,0.559332,0.559332,0.938795,False
SBUX,SYK,0.559329,0.559329,0.938798,False
LUV,RF,0.559324,0.559324,0.938803,False
MA,TDY,0.559318,0.559318,0.938810,False
IDXX,INTU,0.559317,0.559317,0.938811,False
CTAS,HIG,0.559312,0.559312,0.938816,False
KEY,OMC,0.559297,0.559297,0.938833,False
PNC,UAL,0.559296,0.559296,0.938834,False
MAR,RL,0.559285,0.559285,0.938845,True
PAYX,PEP,0.559275,0.559275,0.938856,False
ADP,JPM,0.559274,0.559274,0.938857,False
CPT,L,0.559265,0.559265,0.938867,False
CDNS,WDAY,0.559256,0.559256,0.938876,True
APH,HLT,0.559250,0.559250,0.938882,False
A,ZTS,0.559244,0.559244,0.938889,True
BRK-B,TJX,0.559235,0.559235,0.938899,False
F,MET,0.559234,0.559234,0.938900,False
F,TEL,0.559214,0.559214,0.938921,False
AMT,O,0.559214,0.559214,0.938921,True
HON,MGM,0.559204,0.559204,0.938931,False
ADI,IEX,0.559202,0.559202,0.938933,False
AMP,UDR,0.559202,0.559202,0.938933,False
F,TFC,0.559201,0.559201,0.938935,False
SWK,TT,0.559192,0.559192,0.938944,True
KKR,WY,0.559182,0.559182,0.938954,False
ECL,PNC,0.559178,0.559178,0.938959,False
TDY,WAB,0.559148,0.559148,0.938991,False
AFL,MGM,0.559136,0.559136,0.939004,False
ESS,L,0.559131,0.559131,0.939009,False
ADP,WRB,0.559124,0.559124,0.939016,False
JCI,STT,0.559116,0.559116,0.939025,False
MCO,TT,0.559114,0.559114,0.939027,False
IQV,LIN,0.559112,0.559112,0.939029,False
EXC,WY,0.559109,0.559109,0.939033,False
EMR,MAS,0.559104,0.559104,0.939038,True
DIS,PNC,0.559102,0.559102,0.939040,False
NDSN,RJF,0.559101,0.559101,0.939041,False
SRE,VICI,0.559097,0.559097,0.939045,False
APO,NTRS,0.559097,0.559097,0.939046,True
MA,MCD,0.559096,0.559096,0.939047,False
KIM,LYV,0.559077,0.559077,0.939066,False
INVH,PEG,0.559074,0.559074,0.939070,False
BR,LIN,0.559070,0.559070,0.939074,False
AIG,FTV,0.559030,0.559030,0.939116,False
BRK-B,WM,0.559020,0.559020,0.939127,False
BX,RF,0.559008,0.559008,0.939140,True
ACN,KKR,0.559001,0.559001,0.939147,False
APH,INTU,0.558999,0.558999,0.939149,True
ADSK,SNPS,0.558988,0.558988,0.939161,True
FITB,HPQ,0.558979,0.558979,0.939171,False
AME,BSX,0.558976,0.558976,0.939174,False
HON,OMC,0.558970,0.558970,0.939181,False
ADI,SYF,0.558952,0.558952,0.939199,False
APO,HBAN,0.558949,0.558949,0.939203,True
FRT,WFC,0.558945,0.558945,0.939207,False
GLW,TRMB,0.558935,0.558935,0.939218,True
FTV,LOW,0.558918,0.558918,0.939236,False
SYK,WY,0.558911,0.558911,0.939243,False
COP,KEY,0.558885,0.558885,0.939271,False
MPWR,TROW,0.558866,0.558866,0.939291,False
CVX,TPL,0.558845,0.558845,0.939313,True
CRH,SNA,0.558845,0.558845,0.939314,False
NDSN,POOL,0.558826,0.558826,0.939334,False
PPG,TRMB,0.558820,0.558820,0.939340,False
SPG,TDY,0.558818,0.558818,0.939342,False
ADP,UNP,0.558801,0.558801,0.939360,True
APO,USB,0.558801,0.558801,0.939360,True
PCAR,TFC,0.558795,0.558795,0.939367,False
MCD,MCO,0.558794,0.558794,0.939368,False
KEY,SYY,0.558793,0.558793,0.939369,False
PAYX,PH,0.558789,0.558789,0.939373,True
AME,CINF,0.558776,0.558776,0.939387,False
HUBB,NSC,0.558776,0.558776,0.939388,True
FTV,PWR,0.558740,0.558740,0.939426,True
BKR,PNC,0.558738,0.558738,0.939428,False
PPG,TDY,0.558729,0.558729,0.939437,False
MS,TXN,0.558727,0.558727,0.939439,False
DOW,FTV,0.558708,0.558708,0.939459,False
BEN,KKR,0.558707,0.558707,0.939461,True
REG,WFC,0.558699,0.558699,0.939469,False
ROP,SYK,0.558697,0.558697,0.939471,False
MLM,RJF,0.558691,0.558691,0.939478,False
AME,MSI,0.558674,0.558674,0.939496,False
PNR,PWR,0.558674,0.558674,0.939496,True
GD,TDG,0.558671,0.558671,0.939499,True
ROK,ZBRA,0.558649,0.558649,0.939522,False
ADBE,MCO,0.558647,0.558647,0.939525,False
ADP,DTE,0.558608,0.558608,0.939566,False
BRK-B,NWS,0.558602,0.558602,0.939572,False
ALLE,JPM,0.558601,0.558601,0.939574,False
HBAN,KKR,0.558597,0.558597,0.939577,True
MAS,SPGI,0.558587,0.558587,0.939588,False
ADI,PNR,0.558574,0.558574,0.939602,False
PH,SYK,0.558573,0.558573,0.939603,False
ADP,PEP,0.558572,0.558572,0.939604,False
BRK-B,TDG,0.558567,0.558567,0.939610,False
EVRG,PLD,0.558566,0.558566,0.939611,False
FRT,PNW,0.558549,0.558549,0.939628,False
TDY,TRMB,0.558525,0.558525,0.939654,True
ALLE,APH,0.558517,0.558517,0.939663,False
CAT,GE,0.558506,0.558506,0.939675,True
DAL,DRI,0.558484,0.558484,0.939698,False
DE,SNA,0.558480,0.558480,0.939702,True
MMM,NSC,0.558466,0.558466,0.939716,True
ARES,NDSN,0.558463,0.558463,0.939720,False
CINF,COF,0.558460,0.558460,0.939723,True
AFL,MAR,0.558446,0.558446,0.939738,False
MS,NWS,0.558440,0.558440,0.939745,False
AMCR,BRK-B,0.558437,0.558437,0.939747,False
GD,TFC,0.558431,0.558431,0.939754,False
BLDR,COF,0.558429,0.558429,0.939756,False
ACGL,EXC,0.558399,0.558399,0.939788,False
JPM,TPR,0.558377,0.558377,0.939812,False
BRK-B,OKE,0.558375,0.558375,0.939814,False
TER,ZBRA,0.558375,0.558375,0.939814,True
KIM,OKE,0.558373,0.558373,0.939816,False
CTAS,PNC,0.558369,0.558369,0.939821,False
ITW,SYK,0.558360,0.558360,0.939830,False
ESS,PAYX,0.558351,0.558351,0.939840,False
ALLE,OMC,0.558347,0.558347,0.939844,False
ETN,TDG,0.558324,0.558324,0.939868,True
TDG,V,0.558309,0.558309,0.939884,False
AIG,NCLH,0.558303,0.558303,0.939891,False
MCO,STE,0.558294,0.558294,0.939900,False
AIG,CSX,0.558278,0.558278,0.939917,False
FIX,JCI,0.558259,0.558259,0.939937,True
STLD,USB,0.558259,0.558259,0.939937,False
PFG,UHS,0.558231,0.558231,0.939967,False
COP,JPM,0.558205,0.558205,0.939995,False
AME,LII,0.558200,0.558200,0.939999,True
ETN,ROP,0.558199,0.558199,0.940001,False
BAC,F,0.558174,0.558174,0.940027,False
JBHT,SWK,0.558172,0.558172,0.940030,True
ACN,NXPI,0.558158,0.558158,0.940045,True
LOW,UNP,0.558144,0.558144,0.940059,False
MMM,PRU,0.558143,0.558143,0.940060,False
ATO,WM,0.558137,0.558137,0.940067,False
AMP,APD,0.558112,0.558112,0.940093,False
CNP,FRT,0.558111,0.558111,0.940094,False
BKNG,DIS,0.558110,0.558110,0.940095,False
PFG,VTR,0.558107,0.558107,0.940099,False
HON,HST,0.558105,0.558105,0.940101,False
MCD,SYY,0.558093,0.558093,0.940114,False
BLDR,CRH,0.558091,0.558091,0.940116,False
ARES,NTRS,0.558074,0.558074,0.940134,True
BXP,ITW,0.558057,0.558057,0.940153,False
CVX,HBAN,0.558054,0.558054,0.940155,False
CNP,KO,0.558035,0.558035,0.940176,False
C,CTAS,0.558025,0.558025,0.940186,False
TDY,XYL,0.558019,0.558019,0.940192,False
PNC,TRMB,0.558010,0.558010,0.940202,False
LIN,WTW,0.558000,0.558000,0.940213,False
GD,GWW,0.557997,0.557997,0.940215,True
KIM,TEL,0.557995,0.557995,0.940219,False
LII,NDSN,0.557992,0.557992,0.940221,True
MAS,MLM,0.557989,0.557989,0.940224,False
CRH,IVZ,0.557989,0.557989,0.940225,False
NUE,RJF,0.557982,0.557982,0.940232,False
NWSA,PNC,0.557980,0.557980,0.940234,False
CFG,TDY,0.557978,0.557978,0.940237,False
GS,SLB,0.557969,0.557969,0.940246,False
MS,RTX,0.557965,0.557965,0.940250,False
JBL,PNR,0.557965,0.557965,0.940250,False
DD,HUBB,0.557956,0.557956,0.940260,False
IQV,MAS,0.557950,0.557950,0.940266,False
DOV,HPQ,0.557945,0.557945,0.940271,False
ROP,UNP,0.557927,0.557927,0.940291,False
TROW,TT,0.557927,0.557927,0.940291,False
ECL,TEL,0.557911,0.557911,0.940307,False
HST,UDR,0.557909,0.557909,0.940309,True
MPC,RJF,0.557902,0.557902,0.940317,False
AIG,NSC,0.557894,0.557894,0.940325,False
NWS,PFG,0.557890,0.557890,0.940330,False
TDY,V,0.557879,0.557879,0.940342,False
CINF,TXT,0.557877,0.557877,0.940343,False
MS,PKG,0.557876,0.557876,0.940344,False
DRI,EXPE,0.557860,0.557860,0.940362,True
MCO,UNP,0.557856,0.557856,0.940366,False
LIN,MLM,0.557851,0.557851,0.940371,True
DD,ECL,0.557838,0.557838,0.940385,True
ACGL,PAYX,0.557837,0.557837,0.940386,False
MS,PWR,0.557835,0.557835,0.940389,False
AEE,DOC,0.557824,0.557824,0.940399,False
CTSH,PFG,0.557822,0.557822,0.940402,False
AMT,DTE,0.557797,0.557797,0.940428,False
HST,VICI,0.557777,0.557777,0.940450,True
AVY,AXP,0.557774,0.557774,0.940453,False
CPT,D,0.557758,0.557758,0.940470,False
HWM,PWR,0.557752,0.557752,0.940477,True
FTV,NUE,0.557750,0.557750,0.940479,False
ADSK,TXN,0.557749,0.557749,0.940480,True
GLW,PNR,0.557713,0.557713,0.940518,False
NUE,USB,0.557709,0.557709,0.940523,False
MCD,PAYX,0.557708,0.557708,0.940523,False
PAYX,PPL,0.557697,0.557697,0.940535,False
CHD,MKC,0.557694,0.557694,0.940538,True
GLW,J,0.557687,0.557687,0.940545,False
GE,TFC,0.557659,0.557659,0.940575,False
GIS,PG,0.557659,0.557659,0.940575,True
MCD,SYK,0.557654,0.557654,0.940581,False
BAC,IEX,0.557653,0.557653,0.940582,False
AIG,UHS,0.557649,0.557649,0.940586,False
ACGL,V,0.557640,0.557640,0.940596,True
ACN,AXP,0.557632,0.557632,0.940604,False
HUBB,NXPI,0.557622,0.557622,0.940615,False
LNT,PSA,0.557610,0.557610,0.940628,False
GS,RCL,0.557583,0.557583,0.940656,False
CAT,XOM,0.557583,0.557583,0.940657,False
AME,HPE,0.557577,0.557577,0.940662,False
GPN,JPM,0.557573,0.557573,0.940667,True
USB,VLO,0.557573,0.557573,0.940667,False
ETN,MTB,0.557567,0.557567,0.940674,False
RF,WYNN,0.557554,0.557554,0.940686,False
AME,MTD,0.557538,0.557538,0.940704,False
CPRT,TEL,0.557532,0.557532,0.940710,False
ADP,TRV,0.557531,0.557531,0.940712,False
DUK,PSA,0.557530,0.557530,0.940713,False
ECL,MET,0.557499,0.557499,0.940746,False
KIM,SWK,0.557498,0.557498,0.940746,False
CRH,TRMB,0.557491,0.557491,0.940753,False
AIZ,PNC,0.557477,0.557477,0.940769,True
MAA,SPGI,0.557475,0.557475,0.940771,False
AME,LRCX,0.557474,0.557474,0.940772,False
HON,PPL,0.557467,0.557467,0.940779,False
MAS,ODFL,0.557465,0.557465,0.940781,True
ARES,CPRT,0.557461,0.557461,0.940785,False
APTV,STT,0.557457,0.557457,0.940790,False
HLT,KKR,0.557448,0.557448,0.940800,False
PNW,VICI,0.557445,0.557445,0.940803,False
CAT,EME,0.557427,0.557427,0.940822,True
PH,ZBRA,0.557425,0.557425,0.940824,False
ALLE,LOW,0.557415,0.557415,0.940834,False
GPC,TXT,0.557407,0.557407,0.940843,False
MAS,NSC,0.557376,0.557376,0.940876,True
GDDY,XYZ,0.557367,0.557367,0.940886,False
KEYS,QCOM,0.557359,0.557359,0.940894,True
ACN,CTAS,0.557355,0.557355,0.940899,False
ADP,KO,0.557349,0.557349,0.940905,False
BRO,MA,0.557339,0.557339,0.940915,True
BRK-B,MAA,0.557330,0.557330,0.940925,False
SYK,TRMB,0.557323,0.557323,0.940933,False
KKR,NDAQ,0.557312,0.557312,0.940944,True
AFL,MAA,0.557278,0.557278,0.940981,False
ETN,IBKR,0.557253,0.557253,0.941007,False
AIG,PNR,0.557241,0.557241,0.941020,False
NUE,TFC,0.557240,0.557240,0.941021,False
ADI,ISRG,0.557226,0.557226,0.941035,False
FCX,STT,0.557225,0.557225,0.941037,False
CCL,MET,0.557218,0.557218,0.941044,False
CBRE,HLT,0.557209,0.557209,0.941053,False
DD,KKR,0.557199,0.557199,0.941064,False
ALLE,TFC,0.557189,0.557189,0.941075,False
BKNG,TXT,0.557161,0.557161,0.941104,False
AFL,DAL,0.557160,0.557160,0.941106,False
OXY,WMB,0.557159,0.557159,0.941107,True
AIG,APTV,0.557150,0.557150,0.941117,False
J,LIN,0.557139,0.557139,0.941128,False
FITB,V,0.557120,0.557120,0.941148,True
CTSH,PNC,0.557113,0.557113,0.941156,False
CB,REG,0.557108,0.557108,0.941161,False
AJG,INVH,0.557105,0.557105,0.941164,False
AME,HIG,0.557091,0.557091,0.941179,False
GE,RTX,0.557086,0.557086,0.941185,True
LIN,WY,0.557084,0.557084,0.941187,False
AMP,FAST,0.557081,0.557081,0.941190,False
HUBB,HWM,0.557056,0.557056,0.941216,True
RJF,ROK,0.557044,0.557044,0.941229,False
CFG,FCX,0.557043,0.557043,0.941230,False
MCO,WTW,0.557043,0.557043,0.941230,True
HAL,STT,0.557040,0.557040,0.941233,False
DVN,MET,0.557035,0.557035,0.941239,False
CCI,EVRG,0.557001,0.557001,0.941275,False
TPR,WFC,0.556999,0.556999,0.941277,False
FTV,TDG,0.556989,0.556989,0.941288,True
AXP,DE,0.556989,0.556989,0.941288,False
GWW,MS,0.556987,0.556987,0.941289,False
CSCO,GLW,0.556986,0.556986,0.941290,True
AWK,INVH,0.556984,0.556984,0.941293,False
HON,MDT,0.556960,0.556960,0.941318,False
UNP,V,0.556942,0.556942,0.941337,False
CPT,PEG,0.556934,0.556934,0.941346,False
LRCX,TRMB,0.556927,0.556927,0.941353,True
CDW,JPM,0.556905,0.556905,0.941377,False
AMT,ED,0.556863,0.556863,0.941421,False
APO,NDSN,0.556862,0.556862,0.941423,False
NUE,WAB,0.556847,0.556847,0.941439,False
PCAR,TROW,0.556840,0.556840,0.941446,False
ACGL,RTX,0.556836,0.556836,0.941449,False
CMS,ESS,0.556828,0.556828,0.941459,False
DHR,MCO,0.556825,0.556825,0.941462,False
MAR,PNR,0.556810,0.556810,0.941477,False
IQV,TROW,0.556800,0.556800,0.941488,False
CPAY,PAYX,0.556783,0.556783,0.941506,False
DIS,HON,0.556783,0.556783,0.941506,False
ACN,PH,0.556777,0.556777,0.941513,False
BRO,SPGI,0.556748,0.556748,0.941543,True
HON,TRMB,0.556741,0.556741,0.941551,False
LRCX,ZBRA,0.556731,0.556731,0.941561,True
MS,PAYX,0.556721,0.556721,0.941572,False
J,SYF,0.556715,0.556715,0.941579,False
HUBB,TDY,0.556714,0.556714,0.941579,False
SNA,STLD,0.556710,0.556710,0.941584,False
L,STLD,0.556692,0.556692,0.941602,False
C,J,0.556668,0.556668,0.941628,False
DD,GLW,0.556661,0.556661,0.941636,False
APH,STT,0.556656,0.556656,0.941641,False
MS,OMC,0.556642,0.556642,0.941656,False
EMR,IQV,0.556633,0.556633,0.941666,False
ADP,IEX,0.556623,0.556623,0.941676,True
KEY,TRMB,0.556622,0.556622,0.941677,False
AIG,SCHW,0.556622,0.556622,0.941678,True
CDW,J,0.556617,0.556617,0.941682,False
AIG,BXP,0.556614,0.556614,0.941685,False
CPAY,WY,0.556610,0.556610,0.941690,False
IVZ,OMC,0.556607,0.556607,0.941694,False
SYY,UHS,0.556604,0.556604,0.941697,False
CFG,FANG,0.556577,0.556577,0.941725,False
KKR,WAB,0.556571,0.556571,0.941732,False
AVY,GLW,0.556542,0.556542,0.941762,False
APH,GE,0.556540,0.556540,0.941765,False
AMT,NEE,0.556539,0.556539,0.941765,False
KEY,PCAR,0.556513,0.556513,0.941793,False
GPC,SYF,0.556511,0.556511,0.941795,False
CNP,CTAS,0.556510,0.556510,0.941796,False
APTV,CCL,0.556510,0.556510,0.941797,True
CTSH,PNR,0.556505,0.556505,0.941802,False
AMP,ZBRA,0.556473,0.556473,0.941835,False
FCX,JBL,0.556471,0.556471,0.941837,False
CFG,XOM,0.556470,0.556470,0.941839,False
BKNG,HWM,0.556468,0.556468,0.941841,False
MLM,NSC,0.556465,0.556465,0.941844,False
BKR,MOS,0.556448,0.556448,0.941862,False
MSFT,NDAQ,0.556445,0.556445,0.941865,False
AVY,MS,0.556443,0.556443,0.941867,False
GD,HIG,0.556437,0.556437,0.941874,False
SWK,SWKS,0.556424,0.556424,0.941887,False
GPN,USB,0.556386,0.556386,0.941928,True
MCHP,MGM,0.556383,0.556383,0.941931,False
DD,NUE,0.556362,0.556362,0.941954,True
AXP,ESS,0.556361,0.556361,0.941954,False
ACN,MSI,0.556356,0.556356,0.941960,True
GPC,IEX,0.556353,0.556353,0.941963,False
ARES,C,0.556348,0.556348,0.941968,True
CBRE,IR,0.556342,0.556342,0.941975,False
ETN,MPWR,0.556328,0.556328,0.941989,False
CCI,ED,0.556309,0.556309,0.942010,False
TPR,WY,0.556304,0.556304,0.942015,False
GWW,LOW,0.556304,0.556304,0.942015,False
CPAY,IVZ,0.556279,0.556279,0.942041,True
ACGL,AME,0.556260,0.556260,0.942061,False
AME,MCD,0.556258,0.556258,0.942063,False
TPL,XOM,0.556258,0.556258,0.942064,True
ARES,ITW,0.556238,0.556238,0.942085,False
ARES,LRCX,0.556233,0.556233,0.942090,False
FFIV,TRMB,0.556232,0.556232,0.942092,True
GS,HAL,0.556231,0.556231,0.942092,False
KO,LIN,0.556221,0.556221,0.942103,False
ACN,HD,0.556206,0.556206,0.942119,False
GPC,PNC,0.556182,0.556182,0.942144,False
CRH,STLD,0.556180,0.556180,0.942147,True
MLM,UNP,0.556171,0.556171,0.942156,False
AMAT,DOV,0.556171,0.556171,0.942156,False
HIG,RJF,0.556150,0.556150,0.942178,True
MGM,TRMB,0.556134,0.556134,0.942195,False
JCI,MAS,0.556120,0.556120,0.942211,True
BX,PAYX,0.556118,0.556118,0.942213,False
BRK-B,GE,0.556117,0.556117,0.942214,False
GWW,TROW,0.556107,0.556107,0.942224,False
ADBE,TYL,0.556107,0.556107,0.942224,True
BLDR,HUBB,0.556103,0.556103,0.942229,True
CBRE,LYB,0.556097,0.556097,0.942234,False
NUE,SYF,0.556087,0.556087,0.942245,False
IR,NXPI,0.556086,0.556086,0.942246,False
PTC,TRMB,0.556084,0.556084,0.942248,True
AVY,RF,0.556076,0.556076,0.942257,False
FITB,PKG,0.556073,0.556073,0.942261,False
USB,XYL,0.556057,0.556057,0.942277,False
BKNG,C,0.556055,0.556055,0.942280,False
L,MSI,0.556052,0.556052,0.942283,False
ADI,INTC,0.556051,0.556051,0.942283,True
PNC,TDY,0.556051,0.556051,0.942284,False
PRU,WYNN,0.556033,0.556033,0.942302,False
ARES,CRH,0.556026,0.556026,0.942310,False
COF,FCX,0.556022,0.556022,0.942314,False
JNJ,PEP,0.556021,0.556021,0.942316,False
F,WY,0.556006,0.556006,0.942331,False
AXP,MDT,0.556001,0.556001,0.942337,False
LIN,PNC,0.555982,0.555982,0.942356,False
CBRE,WELL,0.555966,0.555966,0.942374,True
CTAS,IEX,0.555965,0.555965,0.942375,True
APTV,JCI,0.555954,0.555954,0.942387,False
MET,MMM,0.555949,0.555949,0.942391,False
IP,L,0.555949,0.555949,0.942392,False
PAYX,UNP,0.555934,0.555934,0.942407,True
FITB,NCLH,0.555932,0.555932,0.942410,False
MDT,PRU,0.555923,0.555923,0.942419,False
MTB,PKG,0.555918,0.555918,0.942425,False
ROK,STT,0.555917,0.555917,0.942426,False
GS,RTX,0.555908,0.555908,0.942435,False
BAC,BKNG,0.555899,0.555899,0.942445,False
FCX,MET,0.555896,0.555896,0.942447,False
AMCR,DOW,0.555895,0.555895,0.942449,True
MTB,TPR,0.555893,0.555893,0.942452,False
DOV,HPE,0.555891,0.555891,0.942453,False
GS,RL,0.555883,0.555883,0.942461,False
ECL,KO,0.555882,0.555882,0.942463,False
BEN,J,0.555879,0.555879,0.942465,False
MS,SPGI,0.555871,0.555871,0.942474,True
DE,SYF,0.555857,0.555857,0.942489,False
BLK,KEYS,0.555849,0.555849,0.942498,False
AVY,HUBB,0.555845,0.555845,0.942502,False
OMC,PPG,0.555839,0.555839,0.942508,False
CTAS,WAB,0.555833,0.555833,0.942514,True
SPGI,UNP,0.555815,0.555815,0.942533,False
GM,HON,0.555814,0.555814,0.942535,False
VLO,WMB,0.555811,0.555811,0.942539,True
ADSK,ISRG,0.555802,0.555802,0.942548,False
DOV,TRV,0.555800,0.555800,0.942550,False
BA,CFG,0.555790,0.555790,0.942561,False
AXP,WELL,0.555786,0.555786,0.942564,False
BKNG,RJF,0.555785,0.555785,0.942565,False
BLK,LYB,0.555784,0.555784,0.942567,False
CTSH,IVZ,0.555777,0.555777,0.942574,False
ESS,SO,0.555765,0.555765,0.942587,False
AMP,CNP,0.555761,0.555761,0.942591,False
SLB,STT,0.555750,0.555750,0.942602,False
O,RTX,0.555747,0.555747,0.942606,False
AMAT,STX,0.555709,0.555709,0.942646,True
GS,TT,0.555662,0.555662,0.942696,False
ALLE,IQV,0.555655,0.555655,0.942704,False
GE,TEL,0.555640,0.555640,0.942719,False
ESS,SYK,0.555629,0.555629,0.942731,False
OKE,WAB,0.555614,0.555614,0.942747,False
APTV,DRI,0.555611,0.555611,0.942751,True
IEX,LII,0.555605,0.555605,0.942756,True
MS,TJX,0.555593,0.555593,0.942769,False
FISV,MA,0.555584,0.555584,0.942779,True
ADI,COF,0.555556,0.555556,0.942809,False
ACGL,REG,0.555547,0.555547,0.942818,False
ECL,YUM,0.555526,0.555526,0.942840,False
MGM,TDY,0.555522,0.555522,0.942845,False
BR,TROW,0.555519,0.555519,0.942847,False
CPAY,WAB,0.555519,0.555519,0.942848,False
LUV,PH,0.555517,0.555517,0.942850,True
BAC,NWS,0.555515,0.555515,0.942852,False
CPAY,FTV,0.555503,0.555503,0.942864,False
HPE,RJF,0.555497,0.555497,0.942871,False
HPE,WFC,0.555493,0.555493,0.942876,False
FRT,OMC,0.555485,0.555485,0.942884,False
AME,GE,0.555481,0.555481,0.942889,True
BLDR,LII,0.555474,0.555474,0.942896,True
MLM,TJX,0.555467,0.555467,0.942902,False
ALLE,MTB,0.555463,0.555463,0.942907,False
CINF,KEY,0.555461,0.555461,0.942909,True
JNJ,PG,0.555435,0.555435,0.942937,False
ALLE,PCAR,0.555434,0.555434,0.942938,True
DE,SWK,0.555403,0.555403,0.942971,True
DTE,HON,0.555393,0.555393,0.942982,False
BSX,CTAS,0.555387,0.555387,0.942987,False
PH,ROST,0.555385,0.555385,0.942990,False
BR,DOV,0.555380,0.555380,0.942995,True
DD,PCAR,0.555376,0.555376,0.942999,False
KMI,TPL,0.555366,0.555366,0.943010,True
CDW,PNC,0.555360,0.555360,0.943016,False
CRH,MAS,0.555357,0.555357,0.943020,False
L,SWK,0.555355,0.555355,0.943021,False
AIG,V,0.555353,0.555353,0.943024,True
MAR,V,0.555348,0.555348,0.943029,False
IEX,IVZ,0.555342,0.555342,0.943035,False
CNP,KMI,0.555339,0.555339,0.943038,False
BX,CRH,0.555321,0.555321,0.943057,False
EXPD,HD,0.555305,0.555305,0.943075,False
ITW,MAA,0.555296,0.555296,0.943084,False
ATO,CL,0.555294,0.555294,0.943087,False
AWK,RSG,0.555292,0.555292,0.943088,False
BA,TEL,0.555289,0.555289,0.943092,False
CDW,L,0.555289,0.555289,0.943092,False
ATO,L,0.555285,0.555285,0.943096,False
RL,URI,0.555269,0.555269,0.943112,False
TER,TROW,0.555268,0.555268,0.943114,False
CDW,V,0.555246,0.555246,0.943137,False
MGM,ROST,0.555246,0.555246,0.943138,True
AMP,FIX,0.555245,0.555245,0.943138,False
CBRE,O,0.555244,0.555244,0.943139,True
MCD,SPGI,0.555244,0.555244,0.943139,False
JPM,WMB,0.555239,0.555239,0.943144,False
ACN,CBRE,0.555235,0.555235,0.943149,False
EME,PRU,0.555231,0.555231,0.943153,False
AMP,UHS,0.555220,0.555220,0.943164,False
ADSK,NVDA,0.555216,0.555216,0.943169,True
MOS,TRGP,0.555197,0.555197,0.943189,False
AEP,CL,0.555186,0.555186,0.943200,False
NUE,TEL,0.555185,0.555185,0.943202,False
AFL,VLO,0.555164,0.555164,0.943224,False
ADI,HPQ,0.555128,0.555128,0.943262,True
ICE,V,0.555119,0.555119,0.943272,True
AMP,CCL,0.555117,0.555117,0.943274,False
MDT,PFG,0.555113,0.555113,0.943279,False
ES,KO,0.555107,0.555107,0.943284,False
BAC,LUV,0.555091,0.555091,0.943301,False
ADI,V,0.555084,0.555084,0.943309,False
ON,SYF,0.555080,0.555080,0.943313,False
MCHP,ROK,0.555080,0.555080,0.943314,False
DRI,ULTA,0.555074,0.555074,0.943320,True
MCD,VICI,0.555055,0.555055,0.943340,False
ALLE,RF,0.555054,0.555054,0.943341,False
ARES,MPWR,0.555048,0.555048,0.943347,False
CF,SLB,0.555044,0.555044,0.943352,False
IQV,TRMB,0.555021,0.555021,0.943376,False
ALLE,TDY,0.555016,0.555016,0.943381,False
PNW,VTR,0.555002,0.555002,0.943396,False
BRK-B,HST,0.554990,0.554990,0.943409,False
GD,MTB,0.554987,0.554987,0.943412,False
AAPL,VRSN,0.554985,0.554985,0.943414,True
CINF,DOV,0.554985,0.554985,0.943414,False
ADP,PAYC,0.554979,0.554979,0.943421,True
BA,GS,0.554971,0.554971,0.943429,False
ADP,CSCO,0.554938,0.554938,0.943464,False
COP,MS,0.554933,0.554933,0.943469,False
AFL,XYL,0.554920,0.554920,0.943483,False
CFG,XYL,0.554920,0.554920,0.943483,False
BLDR,FITB,0.554914,0.554914,0.943489,False
BLDR,BX,0.554906,0.554906,0.943498,False
AAPL,ACN,0.554876,0.554876,0.943529,True
CDW,ON,0.554866,0.554866,0.943540,True
GD,NDSN,0.554852,0.554852,0.943555,True
BLK,FDS,0.554842,0.554842,0.943565,True
ICE,MA,0.554836,0.554836,0.943572,True
CAT,CVX,0.554834,0.554834,0.943574,False
MCHP,PNR,0.554834,0.554834,0.943574,False
DIS,TXT,0.554834,0.554834,0.943575,False
AXP,IP,0.554824,0.554824,0.943584,False
MCO,TXN,0.554811,0.554811,0.943598,False
MDT,UDR,0.554806,0.554806,0.943604,False
HIG,WMB,0.554802,0.554802,0.943608,False
APTV,NDSN,0.554802,0.554802,0.943608,False
ACN,MCHP,0.554796,0.554796,0.943615,True
REG,WRB,0.554793,0.554793,0.943617,False
ETN,NUE,0.554779,0.554779,0.943633,False
C,DE,0.554775,0.554775,0.943637,False
PLD,ZTS,0.554762,0.554762,0.943651,False
MSFT,TYL,0.554745,0.554745,0.943668,True
L,PPG,0.554735,0.554735,0.943679,False
DIS,KKR,0.554732,0.554732,0.943682,False
JBL,MET,0.554729,0.554729,0.943685,False
NDAQ,V,0.554711,0.554711,0.943704,True
GLW,HBAN,0.554706,0.554706,0.943710,False
ACGL,SYF,0.554706,0.554706,0.943710,True
SYF,TRV,0.554695,0.554695,0.943721,True
JCI,TRMB,0.554694,0.554694,0.943722,False
CCL,TEL,0.554678,0.554678,0.943739,False
TFC,UDR,0.554675,0.554675,0.943742,False
AFL,PNR,0.554656,0.554656,0.943763,False
FCX,MOS,0.554653,0.554653,0.943766,True
PEG,WELL,0.554651,0.554651,0.943767,False
IBM,L,0.554650,0.554650,0.943769,False
ALLE,MAA,0.554645,0.554645,0.943774,False
ALLE,GD,0.554621,0.554621,0.943800,True
GS,SPGI,0.554618,0.554618,0.943803,True
AMZN,CRM,0.554609,0.554609,0.943812,False
GLW,MTB,0.554606,0.554606,0.943816,False
GPC,NSC,0.554584,0.554584,0.943839,False
ECL,VRSK,0.554583,0.554583,0.943841,False
MET,VICI,0.554580,0.554580,0.943843,False
SYF,WYNN,0.554574,0.554574,0.943850,False
ADI,NTRS,0.554571,0.554571,0.943853,False
MA,SYY,0.554560,0.554560,0.943864,False
BRO,EG,0.554540,0.554540,0.943885,True
GWW,TEL,0.554533,0.554533,0.943893,False
FITB,UHS,0.554526,0.554526,0.943900,False
APH,NSC,0.554523,0.554523,0.943904,False
PPL,WELL,0.554515,0.554515,0.943912,False
CB,HBAN,0.554510,0.554510,0.943917,True
ITW,RTX,0.554501,0.554501,0.943927,True
KIM,MLM,0.554487,0.554487,0.943941,False
ADP,EXC,0.554471,0.554471,0.943959,False
APH,PPG,0.554459,0.554459,0.943971,False
CBRE,HD,0.554451,0.554451,0.943980,False
LII,PPG,0.554431,0.554431,0.944002,False
GPC,TEL,0.554403,0.554403,0.944030,False
HON,KKR,0.554399,0.554399,0.944035,False
CVX,HIG,0.554392,0.554392,0.944042,False
CDW,XYL,0.554378,0.554378,0.944057,False
CSCO,FFIV,0.554377,0.554377,0.944059,True
HON,VMC,0.554336,0.554336,0.944102,False
CPT,SRE,0.554329,0.554329,0.944109,False
D,DOC,0.554320,0.554320,0.944119,False
INTC,KLAC,0.554314,0.554314,0.944125,True
DIS,L,0.554283,0.554283,0.944158,False
HBAN,OKE,0.554283,0.554283,0.944158,False
AIG,SWK,0.554273,0.554273,0.944168,False
HST,LVS,0.554272,0.554272,0.944170,False
DVN,L,0.554270,0.554270,0.944172,False
GD,PAYX,0.554268,0.554268,0.944174,True
GE,IR,0.554261,0.554261,0.944181,True
AMCR,PKG,0.554255,0.554255,0.944188,True
JCI,VMC,0.554253,0.554253,0.944190,False
NDSN,ODFL,0.554244,0.554244,0.944199,True
NSC,V,0.554241,0.554241,0.944202,False
CMS,SBAC,0.554234,0.554234,0.944210,False
AMCR,HON,0.554232,0.554232,0.944212,False
MS,RCL,0.554228,0.554228,0.944216,False
FCX,SYF,0.554220,0.554220,0.944225,False
CFG,WYNN,0.554219,0.554219,0.944225,False
SYY,USB,0.554197,0.554197,0.944249,False
AVY,MLM,0.554190,0.554190,0.944257,True
CME,RSG,0.554186,0.554186,0.944260,False
FCX,FTV,0.554182,0.554182,0.944265,False
AXP,CTSH,0.554182,0.554182,0.944265,False
ECL,IQV,0.554178,0.554178,0.944269,False
BXP,CPAY,0.554177,0.554177,0.944270,False
DD,GM,0.554162,0.554162,0.944286,False
CMI,MMM,0.554158,0.554158,0.944291,True
MSFT,PAYX,0.554153,0.554153,0.944296,False
AIG,WELL,0.554137,0.554137,0.944312,False
GS,TPR,0.554127,0.554127,0.944324,False
AIG,LYV,0.554124,0.554124,0.944326,False
C,NWSA,0.554063,0.554063,0.944391,False
MTB,PCAR,0.554062,0.554062,0.944392,False
APA,PRU,0.554050,0.554050,0.944404,False
CTSH,ROP,0.554047,0.554047,0.944408,True
AIG,DTE,0.554047,0.554047,0.944408,False
FE,SRE,0.554047,0.554047,0.944408,True
ECL,ICE,0.554036,0.554036,0.944420,False
MCHP,SYF,0.554034,0.554034,0.944421,False
AIZ,JPM,0.554034,0.554034,0.944422,True
MS,OKE,0.554022,0.554022,0.944434,False
FITB,UDR,0.554015,0.554015,0.944442,False
SPG,STT,0.554014,0.554014,0.944442,False
HD,ROP,0.554014,0.554014,0.944443,False
OMC,URI,0.554007,0.554007,0.944450,False
CDW,SBUX,0.553988,0.553988,0.944470,False
EME,WAB,0.553985,0.553985,0.944473,True
CFG,GD,0.553974,0.553974,0.944485,False
GS,REG,0.553971,0.553971,0.944489,False
ADM,L,0.553967,0.553967,0.944492,False
C,NWS,0.553943,0.553943,0.944518,False
DIS,TROW,0.553933,0.553933,0.944529,False
BXP,WAB,0.553928,0.553928,0.944533,False
MLM,USB,0.553928,0.553928,0.944533,False
HIG,TXT,0.553928,0.553928,0.944534,False
F,URI,0.553924,0.553924,0.944538,False
MPC,MTB,0.553909,0.553909,0.944554,False
TJX,XYL,0.553903,0.553903,0.944560,False
CMI,UNP,0.553896,0.553896,0.944568,True
KKR,MSCI,0.553854,0.553854,0.944612,True
CDW,IT,0.553844,0.553844,0.944623,True
ALLE,EFX,0.553838,0.553838,0.944629,True
IR,WFC,0.553835,0.553835,0.944633,False
BAC,PAYX,0.553834,0.553834,0.944633,False
IEX,SYF,0.553826,0.553826,0.944642,False
BLDR,PFG,0.553813,0.553813,0.944656,False
NWS,TROW,0.553809,0.553809,0.944659,False
LH,MCO,0.553779,0.553779,0.944691,False
FTV,WFC,0.553777,0.553777,0.944693,False
CPAY,CSX,0.553764,0.553764,0.944708,False
ABT,STE,0.553764,0.553764,0.944708,True
MA,NDAQ,0.553759,0.553759,0.944713,True
AON,MCO,0.553755,0.553755,0.944717,True
MPC,VICI,0.553733,0.553733,0.944740,False
CBRE,DD,0.553726,0.553726,0.944747,False
FRT,TRV,0.553713,0.553713,0.944762,False
CRH,WFC,0.553710,0.553710,0.944765,False
APO,PNR,0.553703,0.553703,0.944772,False
APTV,TXT,0.553689,0.553689,0.944787,False
BA,REG,0.553669,0.553669,0.944808,False
IR,JBL,0.553668,0.553668,0.944809,False
GE,NTRS,0.553646,0.553646,0.944833,False
CCL,GS,0.553645,0.553645,0.944833,False
CTSH,SYF,0.553643,0.553643,0.944835,False
HPE,NTRS,0.553631,0.553631,0.944848,False
LIN,URI,0.553628,0.553628,0.944851,False
ADP,J,0.553611,0.553611,0.944869,True
IP,TROW,0.553604,0.553604,0.944877,False
C,TRV,0.553602,0.553602,0.944879,True
BAC,HLT,0.553602,0.553602,0.944879,False
HAL,TFC,0.553601,0.553601,0.944880,False
FRT,TEL,0.553594,0.553594,0.944887,False
DE,WY,0.553589,0.553589,0.944893,False
CPRT,SHW,0.553581,0.553581,0.944901,False
BLK,GD,0.553571,0.553571,0.944911,False
EFX,PNR,0.553567,0.553567,0.944916,True
DTE,MDLZ,0.553541,0.553541,0.944943,False
D,RSG,0.553541,0.553541,0.944944,False
BRK-B,HAL,0.553540,0.553540,0.944945,False
GD,LYB,0.553540,0.553540,0.944945,False
FRT,IRM,0.553527,0.553527,0.944958,True
BEN,WAB,0.553523,0.553523,0.944963,False
MET,TDG,0.553519,0.553519,0.944967,False
ESS,FITB,0.553513,0.553513,0.944973,False
JPM,PKG,0.553510,0.553510,0.944977,False
ACN,ALLE,0.553502,0.553502,0.944985,False
AMAT,NDSN,0.553490,0.553490,0.944997,False
DTE,PEP,0.553489,0.553489,0.944999,False
NWS,SYF,0.553448,0.553448,0.945042,False
AOS,PPG,0.553425,0.553425,0.945066,False
ALLE,BLDR,0.553421,0.553421,0.945070,True
MCO,NSC,0.553408,0.553408,0.945084,False
CDW,CSX,0.553408,0.553408,0.945084,False
PH,UHS,0.553408,0.553408,0.945085,False
RJF,STLD,0.553400,0.553400,0.945093,False
GPN,HON,0.553394,0.553394,0.945099,False
O,SPGI,0.553390,0.553390,0.945103,False
IVZ,NWSA,0.553346,0.553346,0.945149,False
AIG,APO,0.553343,0.553343,0.945152,True
DRI,PNC,0.553342,0.553342,0.945154,False
CRH,UNP,0.553342,0.553342,0.945154,False
GM,WY,0.553339,0.553339,0.945157,False
GLW,ZBRA,0.553336,0.553336,0.945160,True
DOW,EOG,0.553331,0.553331,0.945166,False
HPQ,TXN,0.553316,0.553316,0.945182,True
DOW,XYL,0.553285,0.553285,0.945214,False
CSGP,SPGI,0.553270,0.553270,0.945230,False
COF,IEX,0.553269,0.553269,0.945231,False
AFL,WMB,0.553248,0.553248,0.945254,False
ACGL,DTE,0.553238,0.553238,0.945264,False
MAR,STT,0.553233,0.553233,0.945269,False
DOV,FIX,0.553216,0.553216,0.945287,True
IR,WY,0.553198,0.553198,0.945307,False
AFL,TEL,0.553196,0.553196,0.945308,False
BLDR,FTV,0.553194,0.553194,0.945311,True
INTU,MCHP,0.553187,0.553187,0.945318,True
APTV,IR,0.553187,0.553187,0.945318,False
PNR,ZBRA,0.553185,0.553185,0.945320,False
CTSH,FTV,0.553175,0.553175,0.945331,False
ARE,NDSN,0.553174,0.553174,0.945332,False
SYK,TEL,0.553160,0.553160,0.945347,False
ARES,MSFT,0.553143,0.553143,0.945365,False
ESS,MDT,0.553137,0.553137,0.945371,False
JBL,PRU,0.553136,0.553136,0.945372,False
AIG,AJG,0.553123,0.553123,0.945386,True
C,MCO,0.553120,0.553120,0.945389,True
KEY,WMB,0.553117,0.553117,0.945392,False
GLW,NSC,0.553104,0.553104,0.945406,False
AEE,ESS,0.553098,0.553098,0.945412,False
JPM,MCO,0.553095,0.553095,0.945415,True
BX,EFX,0.553090,0.553090,0.945421,False
FTV,HLT,0.553077,0.553077,0.945434,False
CB,FRT,0.553072,0.553072,0.945440,False
DOW,DVN,0.553070,0.553070,0.945442,False
MDT,UHS,0.553035,0.553035,0.945479,True
CTAS,TXT,0.553021,0.553021,0.945494,True
PAYC,WDAY,0.553012,0.553012,0.945503,False
CTSH,NSC,0.552991,0.552991,0.945525,False
BRK-B,NDAQ,0.552978,0.552978,0.945539,True
EXC,WRB,0.552977,0.552977,0.945540,False
BBY,DOV,0.552976,0.552976,0.945541,False
IQV,NXPI,0.552973,0.552973,0.945544,False
RJF,SWK,0.552967,0.552967,0.945551,False
GWW,L,0.552956,0.552956,0.945562,False
ICE,WM,0.552940,0.552940,0.945579,False
HPQ,PFG,0.552937,0.552937,0.945582,False
BXP,PPL,0.552937,0.552937,0.945582,False
APTV,HST,0.552931,0.552931,0.945589,False
L,VMC,0.552920,0.552920,0.945600,False
JBL,JCI,0.552903,0.552903,0.945618,False
ADI,CTAS,0.552883,0.552883,0.945640,False
FISV,V,0.552882,0.552882,0.945641,True
COP,PNC,0.552879,0.552879,0.945644,False
BRK-B,COP,0.552874,0.552874,0.945649,False
FTV,TXN,0.552861,0.552861,0.945663,False
CMI,GWW,0.552861,0.552861,0.945663,True
DTE,WRB,0.552837,0.552837,0.945688,False
SWK,TRMB,0.552834,0.552834,0.945691,False
CDW,FITB,0.552829,0.552829,0.945696,False
ACN,CPAY,0.552823,0.552823,0.945703,False
AVY,MA,0.552823,0.552823,0.945703,False
HBAN,SYY,0.552817,0.552817,0.945709,False
AWK,DOC,0.552798,0.552798,0.945729,False
AIZ,KEY,0.552789,0.552789,0.945738,True
NWS,RF,0.552789,0.552789,0.945739,False
BAC,RCL,0.552777,0.552777,0.945752,False
JPM,TT,0.552772,0.552772,0.945757,False
AFL,IR,0.552757,0.552757,0.945773,False
ETN,LII,0.552752,0.552752,0.945777,True
RTX,UHS,0.552744,0.552744,0.945786,False
GM,MTB,0.552742,0.552742,0.945789,False
ISRG,STE,0.552741,0.552741,0.945790,True
GM,IVZ,0.552739,0.552739,0.945792,False
BRK-B,CNP,0.552729,0.552729,0.945803,False
AEE,PSA,0.552713,0.552713,0.945819,False
FTV,GM,0.552693,0.552693,0.945841,False
CBRE,UNP,0.552674,0.552674,0.945861,False
O,SRE,0.552653,0.552653,0.945883,False
GD,WM,0.552642,0.552642,0.945894,True
HWM,IVZ,0.552642,0.552642,0.945894,False
GOOGL,LRCX,0.552641,0.552641,0.945896,False
CPAY,LYB,0.552629,0.552629,0.945908,False
CFG,NWS,0.552628,0.552628,0.945909,False
AIG,UNP,0.552627,0.552627,0.945910,False
ETR,PLD,0.552617,0.552617,0.945921,False
BEN,IR,0.552616,0.552616,0.945921,False
BX,ISRG,0.552596,0.552596,0.945943,False
DAL,F,0.552587,0.552587,0.945953,False
MTB,WY,0.552585,0.552585,0.945955,False
TDG,TRMB,0.552584,0.552584,0.945955,False
PRU,TDY,0.552573,0.552573,0.945968,False
CNP,PRU,0.552570,0.552570,0.945970,False
DTE,GD,0.552556,0.552556,0.945986,False
ROP,TDY,0.552553,0.552553,0.945989,True
BAC,FCX,0.552549,0.552549,0.945992,False
FITB,LUV,0.552547,0.552547,0.945994,False
GLW,SWKS,0.552530,0.552530,0.946013,True
CNP,L,0.552527,0.552527,0.946016,False
DOV,SCHW,0.552506,0.552506,0.946038,False
GLW,NXPI,0.552500,0.552500,0.946044,True
FANG,FITB,0.552491,0.552491,0.946054,False
BX,SYK,0.552484,0.552484,0.946062,False
DE,PNR,0.552451,0.552451,0.946096,True
ALLE,CPAY,0.552443,0.552443,0.946105,False
HBAN,TPR,0.552435,0.552435,0.946113,False
ARES,JBL,0.552434,0.552434,0.946114,False
HWM,J,0.552432,0.552432,0.946117,True
BR,BRK-B,0.552429,0.552429,0.946120,False
NI,WELL,0.552428,0.552428,0.946120,False
ACGL,VICI,0.552415,0.552415,0.946134,False
EME,HWM,0.552412,0.552412,0.946138,True
SYK,TDG,0.552395,0.552395,0.946155,False
A,NDSN,0.552388,0.552388,0.946162,False
C,IEX,0.552382,0.552382,0.946169,False
BRK-B,ICE,0.552378,0.552378,0.946174,True
ADSK,KEYS,0.552370,0.552370,0.946182,True
AAPL,TER,0.552367,0.552367,0.946185,True
EMR,KIM,0.552365,0.552365,0.946187,False
ADP,PPG,0.552355,0.552355,0.946197,False
FDS,PAYX,0.552355,0.552355,0.946198,False
MCO,MTD,0.552353,0.552353,0.946200,False
J,WY,0.552341,0.552341,0.946212,False
JPM,XOM,0.552336,0.552336,0.946217,False
AXP,UHS,0.552328,0.552328,0.946226,False
PAYX,SO,0.552311,0.552311,0.946244,False
OMC,TEL,0.552295,0.552295,0.946261,False
CFG,LUV,0.552294,0.552294,0.946262,False
MAA,WM,0.552277,0.552277,0.946280,False
ARES,EMR,0.552269,0.552269,0.946289,False
CDW,HPE,0.552268,0.552268,0.946290,True
ON,SWK,0.552263,0.552263,0.946295,False
COF,F,0.552258,0.552258,0.946301,False
GWW,WAB,0.552256,0.552256,0.946302,True
PH,SYY,0.552245,0.552245,0.946314,False
DOC,FITB,0.552245,0.552245,0.946314,False
BA,DOV,0.552209,0.552209,0.946352,True
DOV,KLAC,0.552185,0.552185,0.946378,False
AJG,HIG,0.552185,0.552185,0.946378,True
CPRT,MSFT,0.552177,0.552177,0.946386,False
AVY,WAB,0.552125,0.552125,0.946441,False
AXP,WMB,0.552121,0.552121,0.946445,False
AIZ,TFC,0.552107,0.552107,0.946459,True
ALLE,REG,0.552093,0.552093,0.946474,False
CDW,WY,0.552090,0.552090,0.946478,False
GS,OMC,0.552088,0.552088,0.946479,False
ATO,CCI,0.552077,0.552077,0.946492,False
BXP,MGM,0.552075,0.552075,0.946493,False
KMI,REG,0.552074,0.552074,0.946495,False
APH,GOOGL,0.552059,0.552059,0.946510,False
ADI,IVZ,0.552055,0.552055,0.946514,False
CPAY,IR,0.552053,0.552053,0.946517,False
BRK-B,UHS,0.552053,0.552053,0.946517,False
AON,BRK-B,0.552052,0.552052,0.946518,True
D,PG,0.552041,0.552041,0.946529,False
CTAS,UNP,0.552038,0.552038,0.946533,True
PRU,TT,0.552035,0.552035,0.946536,False
ETN,MA,0.552009,0.552009,0.946563,False
V,YUM,0.552006,0.552006,0.946567,False
HLT,HWM,0.551994,0.551994,0.946579,False
AMP,MSCI,0.551993,0.551993,0.946580,True
ACGL,MTB,0.551979,0.551979,0.946595,True
KMI,TDG,0.551970,0.551970,0.946605,False
ARES,STT,0.551965,0.551965,0.946610,True
BEN,LYB,0.551947,0.551947,0.946628,False
V,WRB,0.551937,0.551937,0.946640,True
LRCX,NDSN,0.551921,0.551921,0.946656,False
CTAS,KKR,0.551902,0.551902,0.946677,False
CTAS,LOW,0.551901,0.551901,0.946677,False
EG,PNC,0.551899,0.551899,0.946679,True
KEY,NUE,0.551891,0.551891,0.946688,False
CTAS,WELL,0.551881,0.551881,0.946698,False
ALLE,C,0.551875,0.551875,0.946705,False
APH,CTSH,0.551872,0.551872,0.946708,True
PH,XOM,0.551871,0.551871,0.946709,False
C,NXPI,0.551865,0.551865,0.946715,False
ARES,GPN,0.551864,0.551864,0.946717,True
GPN,ITW,0.551861,0.551861,0.946720,False
AMP,VMC,0.551854,0.551854,0.946727,False
FRT,PLD,0.551852,0.551852,0.946729,True
ABT,JNJ,0.551837,0.551837,0.946745,True
HWM,ITW,0.551833,0.551833,0.946749,True
MLM,PHM,0.551831,0.551831,0.946751,False
KIM,NCLH,0.551828,0.551828,0.946755,False
FRT,RJF,0.551815,0.551815,0.946768,False
ADP,VICI,0.551804,0.551804,0.946780,False
REG,TRV,0.551790,0.551790,0.946795,False
RCL,WAB,0.551785,0.551785,0.946799,False
RJF,TJX,0.551766,0.551766,0.946820,False
FCX,ITW,0.551758,0.551758,0.946829,False
ADI,SNPS,0.551744,0.551744,0.946843,True
FITB,JBL,0.551730,0.551730,0.946858,False
BAC,TRMB,0.551720,0.551720,0.946869,False
ETN,FCX,0.551709,0.551709,0.946880,False
FRT,TDY,0.551705,0.551705,0.946885,False
CF,EOG,0.551704,0.551704,0.946885,False
AIZ,COF,0.551702,0.551702,0.946888,True
ADP,GS,0.551697,0.551697,0.946893,False
CPRT,NVR,0.551694,0.551694,0.946896,False
FITB,LYV,0.551676,0.551676,0.946915,False
COF,VLO,0.551670,0.551670,0.946921,False
TFC,TRMB,0.551663,0.551663,0.946928,False
ACN,CPRT,0.551646,0.551646,0.946947,False
CRH,RJF,0.551641,0.551641,0.946952,False
APH,FCX,0.551625,0.551625,0.946969,False
HSY,KO,0.551611,0.551611,0.946984,True
ARES,PNC,0.551597,0.551597,0.946999,True
CTAS,ROK,0.551585,0.551585,0.947011,True
VTR,WMB,0.551582,0.551582,0.947015,False
BX,HUBB,0.551581,0.551581,0.947015,False
ON,WDC,0.551580,0.551580,0.947017,True
MOS,WMB,0.551578,0.551578,0.947019,False
OXY,PRU,0.551570,0.551570,0.947026,False
HUBB,ROP,0.551562,0.551562,0.947035,False
SYK,YUM,0.551560,0.551560,0.947037,False
HWM,JBL,0.551554,0.551554,0.947044,False
EOG,PFG,0.551537,0.551537,0.947062,False
SYF,TT,0.551536,0.551536,0.947063,False
BEN,SCHW,0.551480,0.551480,0.947122,True
BX,ROK,0.551478,0.551478,0.947124,False
EMR,MCO,0.551465,0.551465,0.947138,False
CDW,CTSH,0.551455,0.551455,0.947149,True
FCX,RF,0.551453,0.551453,0.947151,False
AFL,ESS,0.551449,0.551449,0.947155,False
ADP,TDY,0.551433,0.551433,0.947172,False
MET,NWS,0.551427,0.551427,0.947178,False
PPG,WFC,0.551425,0.551425,0.947180,False
ALLE,PHM,0.551417,0.551417,0.947188,False
DAL,JCI,0.551415,0.551415,0.947190,True
APD,DOV,0.551404,0.551404,0.947202,False
ISRG,MSCI,0.551395,0.551395,0.947212,False
BRO,CINF,0.551383,0.551383,0.947224,True
CCL,FRT,0.551380,0.551380,0.947228,False
DOV,EFX,0.551367,0.551367,0.947241,True
D,MDLZ,0.551342,0.551342,0.947267,False
CTAS,DOC,0.551333,0.551333,0.947278,False
DE,ETN,0.551323,0.551323,0.947288,True
HLT,RL,0.551316,0.551316,0.947295,True
AFL,XOM,0.551271,0.551271,0.947342,False
LRCX,STX,0.551262,0.551262,0.947352,True
AMP,XOM,0.551255,0.551255,0.947360,False
AMP,ROST,0.551241,0.551241,0.947374,False
FITB,GPC,0.551241,0.551241,0.947374,False
EFX,HD,0.551219,0.551219,0.947397,False
ALL,USB,0.551214,0.551214,0.947402,True
CCI,O,0.551164,0.551164,0.947456,True
LOW,NSC,0.551162,0.551162,0.947458,False
ADP,O,0.551160,0.551160,0.947459,False
DRI,O,0.551150,0.551150,0.947470,False
CPAY,WFC,0.551147,0.551147,0.947474,True
EME,SYF,0.551143,0.551143,0.947477,False
MDLZ,VRSK,0.551140,0.551140,0.947481,False
IQV,MSCI,0.551122,0.551122,0.947500,False
NDSN,STLD,0.551113,0.551113,0.947509,False
FCX,MCHP,0.551112,0.551112,0.947510,False
AME,WRB,0.551107,0.551107,0.947516,False
APTV,KKR,0.551102,0.551102,0.947521,False
IQV,XYL,0.551082,0.551082,0.947542,False
CTAS,RJF,0.551075,0.551075,0.947550,False
EME,TXT,0.551061,0.551061,0.947564,True
DOC,IRM,0.551060,0.551060,0.947565,True
C,F,0.551050,0.551050,0.947575,False
CVX,TDY,0.551048,0.551048,0.947578,False
BAC,ECL,0.551042,0.551042,0.947584,False
CAT,PNR,0.551032,0.551032,0.947595,True
EMR,SCHW,0.551008,0.551008,0.947620,False
CVX,WAB,0.551000,0.551000,0.947628,False
KEY,VMC,0.550987,0.550987,0.947642,False
MAA,SRE,0.550976,0.550976,0.947654,False
HST,VLO,0.550969,0.550969,0.947662,False
UHS,ZBH,0.550965,0.550965,0.947665,True
CDNS,MU,0.550953,0.550953,0.947678,True
DAL,PNR,0.550937,0.550937,0.947695,True
CDW,CTAS,0.550935,0.550935,0.947697,False
PAYX,TXT,0.550925,0.550925,0.947707,True
ADSK,SWKS,0.550921,0.550921,0.947712,True
DUK,SBAC,0.550921,0.550921,0.947712,False
EME,IR,0.550920,0.550920,0.947713,True
AJG,DTE,0.550915,0.550915,0.947718,False
AEP,PG,0.550912,0.550912,0.947722,False
HUBB,TFC,0.550890,0.550890,0.947744,False
CNP,NEE,0.550862,0.550862,0.947774,True
GPC,HD,0.550858,0.550858,0.947778,True
ITW,TJX,0.550843,0.550843,0.947794,False
MA,TRMB,0.550833,0.550833,0.947805,False
AVY,J,0.550814,0.550814,0.947825,False
NTRS,NUE,0.550811,0.550811,0.947828,False
GLW,SWK,0.550798,0.550798,0.947842,False
CRH,GM,0.550784,0.550784,0.947856,False
GWW,WY,0.550772,0.550772,0.947869,False
KKR,TXN,0.550770,0.550770,0.947871,False
JCI,LIN,0.550755,0.550755,0.947887,False
HD,INVH,0.550753,0.550753,0.947889,False
MCD,PEP,0.550753,0.550753,0.947890,False
BEN,IEX,0.550751,0.550751,0.947891,False
JBL,RJF,0.550740,0.550740,0.947903,False
ARES,IR,0.550733,0.550733,0.947911,False
OMC,SWK,0.550717,0.550717,0.947927,False
DOV,NWS,0.550694,0.550694,0.947952,False
CTSH,GLW,0.550692,0.550692,0.947953,True
AOS,FTV,0.550689,0.550689,0.947957,True
AOS,URI,0.550684,0.550684,0.947962,True
NWS,URI,0.550681,0.550681,0.947965,False
CDW,HUBB,0.550678,0.550678,0.947968,False
KMI,WELL,0.550671,0.550671,0.947976,False
ROK,SPGI,0.550647,0.550647,0.948001,False
APTV,TFC,0.550644,0.550644,0.948004,False
BEN,PPG,0.550642,0.550642,0.948007,False
BRK-B,IBM,0.550635,0.550635,0.948014,False
AVY,USB,0.550634,0.550634,0.948014,False
MPWR,NOW,0.550626,0.550626,0.948024,True
IBM,PH,0.550614,0.550614,0.948036,False
BLDR,SHW,0.550613,0.550613,0.948037,False
CBRE,CINF,0.550596,0.550596,0.948055,False
BX,DIS,0.550566,0.550566,0.948087,False
GPC,WAB,0.550559,0.550559,0.948093,False
AMAT,AME,0.550558,0.550558,0.948095,False
HBAN,TRV,0.550554,0.550554,0.948099,True
MCO,PFG,0.550554,0.550554,0.948099,True
APTV,BAC,0.550549,0.550549,0.948105,False
ICE,PAYX,0.550543,0.550543,0.948111,False
FICO,MSCI,0.550529,0.550529,0.948126,False
IR,MAS,0.550520,0.550520,0.948135,True
ECL,HD,0.550499,0.550499,0.948157,False
MET,SYK,0.550479,0.550479,0.948178,False
GPN,L,0.550474,0.550474,0.948184,True
BA,MS,0.550466,0.550466,0.948192,False
AOS,TROW,0.550465,0.550465,0.948192,False
CCL,URI,0.550447,0.550447,0.948212,False
CMI,IP,0.550434,0.550434,0.948225,False
TROW,WAB,0.550426,0.550426,0.948234,False
BA,WYNN,0.550416,0.550416,0.948245,False
MA,ROST,0.550410,0.550410,0.948251,False
CDNS,KKR,0.550385,0.550385,0.948278,False
AMP,ON,0.550382,0.550382,0.948280,False
GM,HST,0.550382,0.550382,0.948280,False
APO,HON,0.550374,0.550374,0.948289,False
NDAQ,VRSN,0.550369,0.550369,0.948294,False
CRH,TDY,0.550364,0.550364,0.948300,False
NUE,SNA,0.550363,0.550363,0.948301,False
ARE,PAYX,0.550360,0.550360,0.948304,False
MCO,RSG,0.550338,0.550338,0.948327,False
MET,TDY,0.550336,0.550336,0.948329,False
ACN,IEX,0.550322,0.550322,0.948344,False
GWW,MET,0.550305,0.550305,0.948361,False
GIS,HSY,0.550302,0.550302,0.948365,True
PKG,TFC,0.550296,0.550296,0.948371,False
HAL,IR,0.550296,0.550296,0.948371,False
CDW,RJF,0.550292,0.550292,0.948376,False
CTSH,MET,0.550284,0.550284,0.948384,False
CPRT,PNR,0.550280,0.550280,0.948388,True
BA,RF,0.550277,0.550277,0.948391,False
GM,NCLH,0.550277,0.550277,0.948391,True
ADI,C,0.550262,0.550262,0.948407,False
AMP,WYNN,0.550262,0.550262,0.948407,False
NDAQ,XYL,0.550250,0.550250,0.948420,False
ACN,XYL,0.550250,0.550250,0.948420,False
PKG,XYL,0.550244,0.550244,0.948426,False
AFL,CSX,0.550242,0.550242,0.948428,False
AXP,MCHP,0.550225,0.550225,0.948446,False
TRMB,WAB,0.550217,0.550217,0.948454,False
NUE,PPG,0.550212,0.550212,0.948460,True
F,IVZ,0.550202,0.550202,0.948471,False
BAC,CTAS,0.550184,0.550184,0.948489,False
INTU,ROP,0.550183,0.550183,0.948491,True
ADP,IQV,0.550176,0.550176,0.948498,False
BKR,TFC,0.550158,0.550158,0.948517,False
FTV,HIG,0.550150,0.550150,0.948526,False
DHR,SPGI,0.550148,0.550148,0.948527,False
LEN,NDSN,0.550138,0.550138,0.948538,False
CTSH,FITB,0.550118,0.550118,0.948558,False
HIG,PPG,0.550109,0.550109,0.948568,False
CB,KIM,0.550102,0.550102,0.948575,False
AMT,ESS,0.550100,0.550100,0.948578,True
CBRE,IEX,0.550090,0.550090,0.948589,False
ISRG,MDT,0.550088,0.550088,0.948591,True
KEY,TDY,0.550088,0.550088,0.948591,False
STT,TRMB,0.550058,0.550058,0.948622,False
HBAN,HUBB,0.550055,0.550055,0.948625,False
PNC,VMC,0.550049,0.550049,0.948631,False
CRH,USB,0.550020,0.550020,0.948663,False
ARES,MCHP,0.550013,0.550013,0.948670,False
KIM,MPC,0.550012,0.550012,0.948671,False
MAR,SWK,0.550010,0.550010,0.948673,False
ADI,FCX,0.550004,0.550004,0.948679,False
INTU,SWKS,0.550003,0.550003,0.948680,True
PH,TRGP,0.549984,0.549984,0.948700,False
LYB,VICI,0.549981,0.549981,0.948703,False
MPC,RTX,0.549981,0.549981,0.948704,False
ARES,XYL,0.549977,0.549977,0.948708,False
ALLE,WAB,0.549976,0.549976,0.948709,True
ALLE,COF,0.549967,0.549967,0.948718,False
AAPL,MSCI,0.549964,0.549964,0.948721,False
CB,EXC,0.549961,0.549961,0.948725,False
LH,WY,0.549956,0.549956,0.948730,False
GPN,TEL,0.549945,0.549945,0.948741,False
APD,PPG,0.549941,0.549941,0.948746,True
BX,WFC,0.549939,0.549939,0.948748,True
BRK-B,DIS,0.549935,0.549935,0.948752,False
ACGL,COF,0.549921,0.549921,0.948766,True
EMR,FIX,0.549901,0.549901,0.948788,True
DVN,URI,0.549892,0.549892,0.948797,False
LIN,MSI,0.549883,0.549883,0.948806,False
HON,WRB,0.549881,0.549881,0.948809,False
STX,TEL,0.549876,0.549876,0.948814,True
HLT,HON,0.549875,0.549875,0.948815,False
BRO,ITW,0.549856,0.549856,0.948835,False
CB,COF,0.549855,0.549855,0.948836,True
INVH,IQV,0.549848,0.549848,0.948843,False
HBAN,NWSA,0.549839,0.549839,0.948853,False
SBUX,V,0.549831,0.549831,0.948862,False
COF,VICI,0.549820,0.549820,0.948873,False
HST,OMC,0.549805,0.549805,0.948889,False
AOS,NDSN,0.549805,0.549805,0.948889,True
UHS,VTR,0.549797,0.549797,0.948897,False
APO,KEY,0.549784,0.549784,0.948911,True
APH,GOOG,0.549758,0.549758,0.948938,False
OMC,TROW,0.549756,0.549756,0.948941,False
MA,MSI,0.549727,0.549727,0.948971,False
MCHP,XYL,0.549705,0.549705,0.948994,False
BXP,TROW,0.549700,0.549700,0.948999,False
TPR,USB,0.549698,0.549698,0.949001,False
ACGL,UDR,0.549691,0.549691,0.949009,False
PRU,TRMB,0.549689,0.549689,0.949011,False
CMI,DAL,0.549678,0.549678,0.949023,True
IRM,WY,0.549664,0.549664,0.949037,True
NCLH,SYY,0.549662,0.549662,0.949039,False
ETN,V,0.549656,0.549656,0.949045,False
PH,SWKS,0.549642,0.549642,0.949061,False
BRK-B,CDW,0.549637,0.549637,0.949066,False
BAC,SYY,0.549629,0.549629,0.949075,False
ODFL,PNR,0.549625,0.549625,0.949078,True
CCI,DTE,0.549617,0.549617,0.949087,False
CPAY,IQV,0.549603,0.549603,0.949102,False
RTX,V,0.549600,0.549600,0.949104,False
UAL,URI,0.549586,0.549586,0.949120,True
IVZ,MAS,0.549578,0.549578,0.949128,False
PNR,WFC,0.549573,0.549573,0.949134,False
GS,PSX,0.549570,0.549570,0.949137,False
LNT,O,0.549566,0.549566,0.949140,False
RJF,RTX,0.549557,0.549557,0.949150,False
BXP,RJF,0.549555,0.549555,0.949152,False
RTX,URI,0.549554,0.549554,0.949153,True
DE,FTV,0.549531,0.549531,0.949177,True
HPQ,TRMB,0.549523,0.549523,0.949186,True
GD,IEX,0.549513,0.549513,0.949197,True
ICE,MAA,0.549507,0.549507,0.949203,False
GE,PNR,0.549505,0.549505,0.949205,True
HST,MPC,0.549500,0.549500,0.949210,False
MCO,SYF,0.549495,0.549495,0.949215,True
DE,DOW,0.549483,0.549483,0.949228,False
ACN,CDNS,0.549479,0.549479,0.949232,True
BA,KIM,0.549470,0.549470,0.949241,False
TDG,UHS,0.549468,0.549468,0.949244,False
ACGL,WM,0.549463,0.549463,0.949249,False
ARE,EQIX,0.549460,0.549460,0.949252,True
NCLH,RF,0.549458,0.549458,0.949255,False
CCI,ESS,0.549447,0.549447,0.949266,True
CME,NDAQ,0.549411,0.549411,0.949304,True
IBKR,PH,0.549408,0.549408,0.949308,False
SCHW,URI,0.549403,0.549403,0.949312,False
ETR,WM,0.549381,0.549381,0.949335,False
AVY,URI,0.549379,0.549379,0.949338,False
ADP,CINF,0.549374,0.549374,0.949343,False
MA,XYL,0.549360,0.549360,0.949357,False
BA,BAC,0.549355,0.549355,0.949363,False
CBRE,SPGI,0.549353,0.549353,0.949365,False
MPC,WFC,0.549349,0.549349,0.949369,False
REG,TDY,0.549346,0.549346,0.949372,False
BLK,CDNS,0.549340,0.549340,0.949379,False
CDW,SWK,0.549339,0.549339,0.949380,False
NWS,PNC,0.549336,0.549336,0.949383,False
EVRG,MDLZ,0.549325,0.549325,0.949394,False
MAR,TRMB,0.549325,0.549325,0.949394,False
SLB,WAB,0.549305,0.549305,0.949416,False
AVY,ROP,0.549300,0.549300,0.949420,False
MAA,NDAQ,0.549296,0.549296,0.949425,False
L,NWSA,0.549288,0.549288,0.949433,False
MSFT,NXPI,0.549286,0.549286,0.949435,True
PEP,PPL,0.549278,0.549278,0.949444,False
ACN,NOW,0.549270,0.549270,0.949453,True
FTV,PLD,0.549266,0.549266,0.949457,False
MMM,NDSN,0.549253,0.549253,0.949470,True
ESS,HST,0.549249,0.549249,0.949474,True
CVX,UNP,0.549232,0.549232,0.949492,False
AXP,NXPI,0.549226,0.549226,0.949499,False
COF,WMB,0.549216,0.549216,0.949509,False
EXPE,PFG,0.549216,0.549216,0.949509,False
FANG,PFG,0.549205,0.549205,0.949521,False
AMT,ATO,0.549203,0.549203,0.949523,False
FIX,MS,0.549201,0.549201,0.949525,False
HPE,MTB,0.549188,0.549188,0.949539,False
AFL,SCHW,0.549188,0.549188,0.949539,True
DVN,FCX,0.549173,0.549173,0.949554,False
AJG,HON,0.549166,0.549166,0.949562,False
HUBB,TRMB,0.549156,0.549156,0.949572,False
CVX,USB,0.549156,0.549156,0.949573,False
JPM,PAYX,0.549136,0.549136,0.949594,False
ACN,CSCO,0.549127,0.549127,0.949603,True
A,APH,0.549123,0.549123,0.949608,False
CTAS,MGM,0.549123,0.549123,0.949608,False
BLK,TDG,0.549116,0.549116,0.949614,False
FAST,ROK,0.549102,0.549102,0.949629,True
EXC,PLD,0.549089,0.549089,0.949643,False
AME,PKG,0.549087,0.549087,0.949645,False
JBHT,NDSN,0.549087,0.549087,0.949645,True
ALLE,PKG,0.549086,0.549086,0.949646,False
ALLE,NVR,0.549075,0.549075,0.949658,False
BAC,JBL,0.549045,0.549045,0.949689,False
DOV,ROST,0.549044,0.549044,0.949691,False
ECL,MSI,0.549039,0.549039,0.949695,False
BRK-B,CMCSA,0.549036,0.549036,0.949699,False
SWK,ZBRA,0.549026,0.549026,0.949709,False
AME,FIX,0.549018,0.549018,0.949717,True
NTRS,ROK,0.549016,0.549016,0.949720,False
AEP,CPT,0.548992,0.548992,0.949745,False
BRK-B,MAR,0.548978,0.548978,0.949760,False
CTAS,FITB,0.548960,0.548960,0.949779,False
DOV,MDT,0.548933,0.548933,0.949807,False
REG,UHS,0.548922,0.548922,0.949819,False
HAS,SWK,0.548917,0.548917,0.949825,False
AMAT,GOOGL,0.548914,0.548914,0.949828,False
NTRS,REG,0.548912,0.548912,0.949829,False
A,AME,0.548909,0.548909,0.949832,False
HLT,REG,0.548899,0.548899,0.949843,False
MPC,SPG,0.548889,0.548889,0.949854,False
RJF,UNP,0.548887,0.548887,0.949856,False
CRH,HBAN,0.548883,0.548883,0.949860,False
MLM,SYY,0.548882,0.548882,0.949861,False
HIG,PPL,0.548880,0.548880,0.949863,False
FTV,MMM,0.548877,0.548877,0.949866,True
AMP,SRE,0.548864,0.548864,0.949880,False
CSX,ODFL,0.548861,0.548861,0.949883,True
BLK,HPQ,0.548860,0.548860,0.949884,False
REG,STT,0.548821,0.548821,0.949925,False
DLR,IRM,0.548820,0.548820,0.949927,True
MDT,PNC,0.548814,0.548814,0.949933,False
ETN,WY,0.548800,0.548800,0.949947,False
DIS,FITB,0.548790,0.548790,0.949958,False
CBRE,TT,0.548789,0.548789,0.949959,False
CRH,MAR,0.548783,0.548783,0.949966,False
PRU,WMB,0.548768,0.548768,0.949981,False
BX,XYZ,0.548767,0.548767,0.949982,True
MAA,PEP,0.548756,0.548756,0.949994,False
CTAS,EXC,0.548755,0.548755,0.949995,False
KEYS,MU,0.548753,0.548753,0.949997,True
AVY,TT,0.548749,0.548749,0.950001,False
J,MA,0.548725,0.548725,0.950026,False
MPWR,TRMB,0.548721,0.548721,0.950031,True
ETN,MCHP,0.548707,0.548707,0.950046,False
ACGL,WY,0.548707,0.548707,0.950046,False
APH,CSX,0.548691,0.548691,0.950062,False
TDY,TXT,0.548683,0.548683,0.950070,False
C,MCHP,0.548683,0.548683,0.950070,False
CBRE,LOW,0.548677,0.548677,0.950077,False
BLDR,ITW,0.548675,0.548675,0.950079,True
BBY,TROW,0.548675,0.548675,0.950079,False
C,LIN,0.548675,0.548675,0.950079,False
HUBB,MCO,0.548674,0.548674,0.950080,False
ITW,PPL,0.548647,0.548647,0.950109,False
PAYX,TEL,0.548642,0.548642,0.950113,False
MPC,STT,0.548640,0.548640,0.950116,False
HST,PPG,0.548639,0.548639,0.950117,False
HPE,WAB,0.548634,0.548634,0.950122,False
COP,FCX,0.548633,0.548633,0.950123,False
DOV,SYY,0.548618,0.548618,0.950139,False
DECK,NXPI,0.548616,0.548616,0.950141,False
GE,MAR,0.548610,0.548610,0.950148,False
CMI,PKG,0.548600,0.548600,0.950158,False
COF,ON,0.548563,0.548563,0.950197,False
AVY,CINF,0.548561,0.548561,0.950199,False
MLM,NTRS,0.548560,0.548560,0.950200,False
CTAS,GWW,0.548550,0.548550,0.950211,True
PKG,TROW,0.548542,0.548542,0.950219,False
FTV,KEYS,0.548538,0.548538,0.950223,False
CSCO,ITW,0.548537,0.548537,0.950225,False
DRI,MS,0.548515,0.548515,0.950248,False
NVDA,XYZ,0.548507,0.548507,0.950256,False
HBAN,WRB,0.548506,0.548506,0.950257,True
KMI,WY,0.548506,0.548506,0.950257,False
CVX,DOW,0.548495,0.548495,0.950268,False
BLDR,POOL,0.548492,0.548492,0.950271,False
AJG,ECL,0.548485,0.548485,0.950279,False
AVY,SHW,0.548483,0.548483,0.950281,True
RSG,SYK,0.548457,0.548457,0.950308,False
AMP,BR,0.548456,0.548456,0.950310,False
INTU,TEL,0.548455,0.548455,0.950311,True
ESS,IRM,0.548454,0.548454,0.950311,True
CVX,ITW,0.548439,0.548439,0.950328,False
BLK,DOW,0.548438,0.548438,0.950328,False
TRMB,XYL,0.548435,0.548435,0.950331,False
ADM,BRK-B,0.548433,0.548433,0.950333,False
FTNT,NOW,0.548422,0.548422,0.950345,True
CB,STT,0.548418,0.548418,0.950350,True
MCHP,MTD,0.548404,0.548404,0.950365,False
DOC,TFC,0.548395,0.548395,0.950374,False
OXY,PFG,0.548394,0.548394,0.950375,False
APA,EMR,0.548385,0.548385,0.950384,False
KEY,TRGP,0.548373,0.548373,0.950397,False
RF,VICI,0.548372,0.548372,0.950398,False
DOW,MCHP,0.548371,0.548371,0.950399,False
MAR,SNA,0.548353,0.548353,0.950418,False
POOL,TROW,0.548349,0.548349,0.950422,False
EMR,EOG,0.548346,0.548346,0.950425,False
DRI,TEL,0.548337,0.548337,0.950435,False
JPM,VLO,0.548336,0.548336,0.950436,False
ED,MAA,0.548314,0.548314,0.950459,False
ARE,SBAC,0.548283,0.548283,0.950491,True
DRI,TXT,0.548278,0.548278,0.950497,False
AAPL,ISRG,0.548277,0.548277,0.950498,False
ECL,INTU,0.548267,0.548267,0.950508,False
MS,REG,0.548262,0.548262,0.950514,False
CSX,SPGI,0.548254,0.548254,0.950522,False
EXC,WELL,0.548233,0.548233,0.950544,False
J,MAS,0.548232,0.548232,0.950545,True
DOV,DTE,0.548230,0.548230,0.950547,False
ADSK,AMZN,0.548220,0.548220,0.950557,False
PAYX,SNA,0.548220,0.548220,0.950558,True
APO,ITW,0.548214,0.548214,0.950564,False
BX,TXN,0.548198,0.548198,0.950581,False
HON,LUV,0.548171,0.548171,0.950609,True
IVZ,PKG,0.548171,0.548171,0.950610,False
TXT,WRB,0.548168,0.548168,0.950613,False
FRT,WRB,0.548154,0.548154,0.950627,False
BR,PNR,0.548153,0.548153,0.950628,True
HIG,WY,0.548143,0.548143,0.950639,False
ROK,VMC,0.548132,0.548132,0.950650,False
AIG,PPL,0.548132,0.548132,0.950651,False
HON,MCD,0.548120,0.548120,0.950663,False
CPT,SPGI,0.548111,0.548111,0.950673,False
ADI,IR,0.548084,0.548084,0.950701,False
DHR,MSCI,0.548065,0.548065,0.950720,False
DVN,KEY,0.548053,0.548053,0.950733,False
SLB,STLD,0.548049,0.548049,0.950738,False
NCLH,URI,0.548042,0.548042,0.950744,False
HWM,MA,0.548013,0.548013,0.950776,False
ITW,NDAQ,0.547991,0.547991,0.950798,False
COF,ROST,0.547986,0.547986,0.950804,False
HPQ,JBL,0.547978,0.547978,0.950812,True
BRK-B,BX,0.547974,0.547974,0.950816,True
MGM,RTX,0.547965,0.547965,0.950826,False
MS,ZBRA,0.547964,0.547964,0.950827,False
A,KEYS,0.547949,0.547949,0.950843,False
HST,SWK,0.547949,0.547949,0.950843,False
JBL,TROW,0.547940,0.547940,0.950853,False
LUV,WFC,0.547936,0.547936,0.950857,False
BEN,ETN,0.547913,0.547913,0.950881,False
FRT,GPC,0.547908,0.547908,0.950886,False
SWK,TXN,0.547883,0.547883,0.950912,False
KMI,WAB,0.547871,0.547871,0.950925,False
APTV,FCX,0.547870,0.547870,0.950926,False
DAL,STT,0.547868,0.547868,0.950928,False
HII,LMT,0.547860,0.547860,0.950937,True
CTSH,TXN,0.547837,0.547837,0.950960,True
CB,VICI,0.547836,0.547836,0.950961,False
MCO,NOW,0.547827,0.547827,0.950972,False
FDS,NDSN,0.547806,0.547806,0.950993,False
LH,NDSN,0.547806,0.547806,0.950993,False
BLDR,KKR,0.547805,0.547805,0.950994,False
CTSH,TFC,0.547797,0.547797,0.951003,False
AME,VICI,0.547796,0.547796,0.951003,False
PH,PHM,0.547789,0.547789,0.951011,False
FITB,VTR,0.547774,0.547774,0.951026,False
EQIX,MAA,0.547761,0.547761,0.951041,True
HON,UDR,0.547760,0.547760,0.951041,False
DTE,UHS,0.547738,0.547738,0.951064,False
BX,XYL,0.547734,0.547734,0.951069,False
AVY,V,0.547730,0.547730,0.951073,False
SWK,WSM,0.547726,0.547726,0.951077,False
CDW,IEX,0.547722,0.547722,0.951081,False
MAR,MTB,0.547711,0.547711,0.951093,False
PPL,WM,0.547703,0.547703,0.951101,False
DOC,PRU,0.547694,0.547694,0.951111,False
A,ADI,0.547694,0.547694,0.951111,False
CPRT,HON,0.547693,0.547693,0.951111,True
DOW,GLW,0.547681,0.547681,0.951125,False
SNA,SPG,0.547675,0.547675,0.951131,False
CB,PPL,0.547669,0.547669,0.951138,False
EMR,SPGI,0.547661,0.547661,0.951145,False
GPC,RF,0.547660,0.547660,0.951147,False
BKR,HBAN,0.547656,0.547656,0.951151,False
BRK-B,FAST,0.547655,0.547655,0.951152,False
GOOG,LRCX,0.547655,0.547655,0.951152,False
COO,MDT,0.547651,0.547651,0.951156,True
BA,CRH,0.547646,0.547646,0.951162,False
DAL,GE,0.547625,0.547625,0.951183,True
L,NWS,0.547622,0.547622,0.951186,False
BR,PLD,0.547615,0.547615,0.951194,False
ADSK,FICO,0.547613,0.547613,0.951197,True
BLDR,PPG,0.547608,0.547608,0.951202,False
CPT,PNC,0.547598,0.547598,0.951212,False
RTX,WY,0.547596,0.547596,0.951214,False
AVY,MTB,0.547595,0.547595,0.951215,False
HST,RTX,0.547591,0.547591,0.951219,False
AME,KLAC,0.547589,0.547589,0.951221,False
ITW,KO,0.547588,0.547588,0.951223,False
OKE,RTX,0.547564,0.547564,0.951248,False
CSX,KKR,0.547552,0.547552,0.951260,False
NTRS,TPR,0.547551,0.547551,0.951261,False
MSCI,TROW,0.547542,0.547542,0.951270,True
NXPI,XYL,0.547524,0.547524,0.951289,False
MDT,MET,0.547521,0.547521,0.951293,False
CDW,LIN,0.547520,0.547520,0.951294,False
GD,KMI,0.547505,0.547505,0.951309,False
ALLE,CMI,0.547502,0.547502,0.951312,True
AJG,BR,0.547500,0.547500,0.951315,False
ECL,TJX,0.547499,0.547499,0.951316,False
AIZ,AXP,0.547498,0.547498,0.951317,True
AVY,UNP,0.547488,0.547488,0.951328,False
KIM,PSX,0.547464,0.547464,0.951353,False
OMC,STT,0.547460,0.547460,0.951357,False
ITW,MTD,0.547434,0.547434,0.951384,False
L,PEG,0.547434,0.547434,0.951385,False
BX,MPWR,0.547427,0.547427,0.951391,False
AMP,PLD,0.547427,0.547427,0.951392,False
EME,TEL,0.547421,0.547421,0.951398,False
MS,TDG,0.547418,0.547418,0.951401,False
SYK,TJX,0.547405,0.547405,0.951415,False
GM,NTRS,0.547401,0.547401,0.951419,False
GM,IR,0.547396,0.547396,0.951424,False
MLM,NVR,0.547390,0.547390,0.951431,False
GLW,TER,0.547387,0.547387,0.951433,True
APH,DD,0.547383,0.547383,0.951438,False
LOW,ROST,0.547374,0.547374,0.951448,True
TXT,VLO,0.547372,0.547372,0.951449,False
CPAY,TDY,0.547359,0.547359,0.951463,False
BRK-B,HLT,0.547355,0.547355,0.951467,False
AVGO,KEYS,0.547346,0.547346,0.951477,True
ADP,ALL,0.547340,0.547340,0.951483,False
KEYS,TRMB,0.547328,0.547328,0.951496,True
TDY,VICI,0.547317,0.547317,0.951508,False
BKNG,IR,0.547312,0.547312,0.951513,False
IP,PNR,0.547311,0.547311,0.951513,False
HPE,LYB,0.547309,0.547309,0.951516,False
ITW,TPR,0.547282,0.547282,0.951544,False
MPWR,ZBRA,0.547279,0.547279,0.951547,True
GM,LUV,0.547276,0.547276,0.951551,False
CINF,HON,0.547265,0.547265,0.951561,False
COF,MCHP,0.547264,0.547264,0.951563,False
AMCR,PH,0.547263,0.547263,0.951564,False
KEY,RTX,0.547242,0.547242,0.951586,False
GD,WY,0.547239,0.547239,0.951589,False
LIN,SHW,0.547238,0.547238,0.951590,True
DRI,SYK,0.547234,0.547234,0.951594,False
CB,MCD,0.547227,0.547227,0.951602,False
MSI,WM,0.547218,0.547218,0.951611,False
CRH,V,0.547207,0.547207,0.951622,False
MCHP,WY,0.547195,0.547195,0.951635,False
D,UDR,0.547187,0.547187,0.951644,False
NWSA,RF,0.547173,0.547173,0.951658,False
GLW,KEY,0.547171,0.547171,0.951661,False
GRMN,PH,0.547159,0.547159,0.951673,False
HPE,HWM,0.547152,0.547152,0.951680,False
AMAT,BX,0.547151,0.547151,0.951682,False
F,HON,0.547131,0.547131,0.951702,False
CMS,WM,0.547131,0.547131,0.951703,False
GPN,SPGI,0.547126,0.547126,0.951708,True
GOOG,TROW,0.547109,0.547109,0.951725,False
AFL,GE,0.547102,0.547102,0.951733,False
PAYX,SRE,0.547086,0.547086,0.951750,False
MAS,PNC,0.547082,0.547082,0.951754,False
EQIX,SPGI,0.547078,0.547078,0.951758,False
VRSK,WM,0.547076,0.547076,0.951760,True
A,ITW,0.547075,0.547075,0.951761,False
ADP,CBRE,0.547068,0.547068,0.951769,False
BRK-B,PEG,0.547045,0.547045,0.951793,False
NWSA,SYF,0.547030,0.547030,0.951808,False
ADP,TJX,0.547013,0.547013,0.951826,False
MLM,TDY,0.547002,0.547002,0.951838,False
TEL,UAL,0.546992,0.546992,0.951849,False
AEE,PAYX,0.546985,0.546985,0.951856,False
FTV,SPG,0.546975,0.546975,0.951867,False
CDW,NTRS,0.546975,0.546975,0.951867,False
ES,PLD,0.546970,0.546970,0.951871,False
L,SRE,0.546965,0.546965,0.951877,False
MCO,NXPI,0.546963,0.546963,0.951879,False
AXP,FCX,0.546959,0.546959,0.951884,False
EOG,RF,0.546956,0.546956,0.951887,False
ECL,UDR,0.546948,0.546948,0.951895,False
RL,TROW,0.546943,0.546943,0.951900,False
CCL,REG,0.546943,0.546943,0.951900,False
FTV,SYK,0.546930,0.546930,0.951913,False
FOX,SYF,0.546929,0.546929,0.951914,False
AAPL,TEL,0.546923,0.546923,0.951921,True
MCO,MSI,0.546917,0.546917,0.951927,False
EVRG,O,0.546911,0.546911,0.951934,False
MTB,SWK,0.546899,0.546899,0.951946,False
PWR,XYL,0.546898,0.546898,0.951948,True
MOS,XOM,0.546890,0.546890,0.951956,False
APO,JCI,0.546888,0.546888,0.951958,False
AME,KEYS,0.546886,0.546886,0.951960,False
AME,PLD,0.546882,0.546882,0.951964,False
BSX,MCO,0.546877,0.546877,0.951969,False
ARE,MAS,0.546877,0.546877,0.951969,False
APO,RF,0.546864,0.546864,0.951983,True
CMS,PSA,0.546854,0.546854,0.951994,False
ECL,FRT,0.546847,0.546847,0.952002,False
GPC,RJF,0.546839,0.546839,0.952010,False
IVZ,MCO,0.546834,0.546834,0.952015,True
FTV,TJX,0.546830,0.546830,0.952019,False
LUV,USB,0.546829,0.546829,0.952020,False
BAC,TDG,0.546828,0.546828,0.952021,False
MDLZ,WEC,0.546814,0.546814,0.952036,False
CTAS,EFX,0.546813,0.546813,0.952036,True
BR,FAST,0.546809,0.546809,0.952041,True
HLT,TFC,0.546808,0.546808,0.952042,False
EXPE,SPG,0.546774,0.546774,0.952078,False
ACN,APH,0.546759,0.546759,0.952094,True
CAT,JBL,0.546755,0.546755,0.952097,False
ARE,REG,0.546751,0.546751,0.952102,True
CDNS,VRSN,0.546743,0.546743,0.952111,True
AVGO,DELL,0.546739,0.546739,0.952114,True
NTRS,RL,0.546730,0.546730,0.952124,False
RTX,USB,0.546721,0.546721,0.952133,False
GD,SYF,0.546720,0.546720,0.952135,False
KIM,PLD,0.546717,0.546717,0.952137,True
IT,TDG,0.546705,0.546705,0.952151,False
JCI,WY,0.546690,0.546690,0.952166,False
CBRE,JCI,0.546689,0.546689,0.952168,False
GRMN,TEL,0.546687,0.546687,0.952169,False
RL,WFC,0.546672,0.546672,0.952184,False
CTSH,TXT,0.546663,0.546663,0.952194,False
BKR,USB,0.546663,0.546663,0.952195,False
NTRS,SPG,0.546658,0.546658,0.952199,False
APTV,LYB,0.546648,0.546648,0.952210,False
DOV,PPL,0.546644,0.546644,0.952214,False
O,TDY,0.546615,0.546615,0.952244,False
AWK,WM,0.546615,0.546615,0.952244,False
AMCR,PFG,0.546611,0.546611,0.952249,False
GE,LYB,0.546596,0.546596,0.952265,False
MDLZ,PAYX,0.546588,0.546588,0.952273,False
ABT,DHR,0.546583,0.546583,0.952279,True
FITB,MA,0.546564,0.546564,0.952298,True
ETR,WELL,0.546563,0.546563,0.952300,False
LRCX,MS,0.546558,0.546558,0.952304,False
RCL,WFC,0.546551,0.546551,0.952312,False
TDY,WMB,0.546547,0.546547,0.952316,False
IR,MCHP,0.546544,0.546544,0.952319,False
CBRE,GPN,0.546530,0.546530,0.952334,False
GL,PFG,0.546529,0.546529,0.952335,True
MET,SRE,0.546510,0.546510,0.952355,False
PCAR,UNP,0.546502,0.546502,0.952364,True
FTV,LII,0.546501,0.546501,0.952364,True
CRH,DAL,0.546491,0.546491,0.952375,False
LYV,PRU,0.546482,0.546482,0.952384,False
AIG,STLD,0.546470,0.546470,0.952397,False
OMC,PCAR,0.546466,0.546466,0.952401,False
HBAN,KMI,0.546465,0.546465,0.952402,False
KKR,XYZ,0.546446,0.546446,0.952422,True
DHI,VICI,0.546442,0.546442,0.952426,False
AFL,HAL,0.546427,0.546427,0.952442,False
ACGL,GS,0.546417,0.546417,0.952453,True
DTE,ECL,0.546390,0.546390,0.952481,False
NSC,NUE,0.546379,0.546379,0.952493,False
DRI,HCA,0.546374,0.546374,0.952498,False
PPL,VTR,0.546369,0.546369,0.952503,False
NSC,PLD,0.546367,0.546367,0.952505,False
HON,ROST,0.546366,0.546366,0.952506,False
AIG,HUBB,0.546359,0.546359,0.952513,False
AMP,MSI,0.546352,0.546352,0.952521,False
PAYX,SHW,0.546347,0.546347,0.952527,False
CMI,KKR,0.546339,0.546339,0.952535,False
OKE,URI,0.546319,0.546319,0.952556,False
RTX,WRB,0.546316,0.546316,0.952559,False
C,HPQ,0.546315,0.546315,0.952560,False
BAC,CTSH,0.546313,0.546313,0.952561,False
HUBB,NUE,0.546290,0.546290,0.952586,False
FE,NEE,0.546288,0.546288,0.952588,True
GWW,TT,0.546285,0.546285,0.952591,True
ROST,TEL,0.546277,0.546277,0.952600,False
CRH,LRCX,0.546270,0.546270,0.952606,False
ALLE,CRH,0.546269,0.546269,0.952608,False
A,ISRG,0.546263,0.546263,0.952614,True
IP,WFC,0.546263,0.546263,0.952614,False
DOC,PFG,0.546263,0.546263,0.952615,False
GLW,PWR,0.546252,0.546252,0.952626,False
HWM,NTRS,0.546237,0.546237,0.952642,False
ODFL,TEL,0.546230,0.546230,0.952648,False
JBL,KEYS,0.546230,0.546230,0.952649,True
BRK-B,ESS,0.546219,0.546219,0.952661,False
AAPL,SPGI,0.546218,0.546218,0.952662,False
DAL,IVZ,0.546207,0.546207,0.952673,False
AFL,UNP,0.546207,0.546207,0.952674,False
MS,NDAQ,0.546193,0.546193,0.952688,True
KEYS,MSFT,0.546192,0.546192,0.952688,True
TRMB,TXT,0.546189,0.546189,0.952692,False
CB,WY,0.546187,0.546187,0.952694,False
CTSH,INTU,0.546184,0.546184,0.952697,True
EME,TRMB,0.546178,0.546178,0.952703,False
F,TXT,0.546175,0.546175,0.952706,False
ESS,SRE,0.546175,0.546175,0.952706,False
FICO,MA,0.546174,0.546174,0.952708,False
IBM,PFG,0.546170,0.546170,0.952712,False
CPRT,MAS,0.546161,0.546161,0.952721,True
EXPE,LUV,0.546159,0.546159,0.952723,False
HUBB,USB,0.546158,0.546158,0.952724,False
ES,PG,0.546152,0.546152,0.952731,False
BEN,CSX,0.546147,0.546147,0.952736,False
ARES,JCI,0.546145,0.546145,0.952738,False
CTSH,HON,0.546142,0.546142,0.952742,False
ISRG,MTD,0.546140,0.546140,0.952744,True
HD,MSCI,0.546138,0.546138,0.952745,False
BX,LIN,0.546119,0.546119,0.952765,False
C,TJX,0.546115,0.546115,0.952770,False
LYB,REG,0.546110,0.546110,0.952775,False
CDW,CPRT,0.546104,0.546104,0.952781,False
ADP,CPRT,0.546103,0.546103,0.952782,True
CTAS,CTSH,0.546100,0.546100,0.952786,False
AMCR,WY,0.546096,0.546096,0.952789,False
MLM,STT,0.546090,0.546090,0.952796,False
CCL,USB,0.546090,0.546090,0.952796,False
MS,NCLH,0.546080,0.546080,0.952806,False
AMP,INTU,0.546066,0.546066,0.952821,False
HWM,WY,0.546065,0.546065,0.952822,False
CPAY,URI,0.546064,0.546064,0.952824,False
KKR,SWKS,0.546047,0.546047,0.952841,False
GD,WFC,0.546046,0.546046,0.952842,False
BXP,HON,0.546040,0.546040,0.952849,False
ETN,GD,0.546032,0.546032,0.952857,True
APTV,IEX,0.546027,0.546027,0.952862,False
EXPE,WYNN,0.545987,0.545987,0.952904,True
JBL,RF,0.545967,0.545967,0.952925,False
SPG,SWK,0.545965,0.545965,0.952927,False
APH,HPQ,0.545956,0.545956,0.952937,True
BBY,TEL,0.545952,0.545952,0.952940,False
GIS,KMB,0.545948,0.545948,0.952945,True
EFX,ITW,0.545947,0.545947,0.952945,True
C,VICI,0.545944,0.545944,0.952949,False
IR,RCL,0.545942,0.545942,0.952951,False
IEX,TFC,0.545940,0.545940,0.952954,False
CTSH,SYK,0.545940,0.545940,0.952954,False
CRM,TYL,0.545939,0.545939,0.952955,True
AME,DRI,0.545927,0.545927,0.952967,False
BLK,NVR,0.545921,0.545921,0.952973,False
AIG,VMC,0.545920,0.545920,0.952975,False
TPR,WAB,0.545919,0.545919,0.952975,False
CNP,TRV,0.545917,0.545917,0.952977,False
CTSH,HD,0.545913,0.545913,0.952981,False
C,EOG,0.545902,0.545902,0.952993,False
DAL,SYY,0.545890,0.545890,0.953006,False
PAYX,WM,0.545884,0.545884,0.953013,True
MAR,RJF,0.545876,0.545876,0.953021,False
CRH,HLT,0.545874,0.545874,0.953022,False
GPC,HUBB,0.545871,0.545871,0.953026,False
IBKR,KKR,0.545870,0.545870,0.953027,True
AME,GRMN,0.545865,0.545865,0.953032,False
IBM,TXT,0.545859,0.545859,0.953039,False
DTE,PRU,0.545851,0.545851,0.953047,False
AVY,CTAS,0.545850,0.545850,0.953048,False
CMI,NUE,0.545850,0.545850,0.953048,False
MTB,PNR,0.545847,0.545847,0.953051,False
BRK-B,MPC,0.545845,0.545845,0.953053,False
HAL,USB,0.545844,0.545844,0.953054,False
FRT,RCL,0.545835,0.545835,0.953064,False
GD,REG,0.545825,0.545825,0.953074,False
CPRT,VRSK,0.545820,0.545820,0.953079,True
HWM,RCL,0.545818,0.545818,0.953081,False
V,VRSK,0.545805,0.545805,0.953095,False
HST,VTR,0.545801,0.545801,0.953099,True
CAT,COP,0.545800,0.545800,0.953100,False
CMI,FIX,0.545797,0.545797,0.953103,True
LYB,TROW,0.545793,0.545793,0.953107,False
CVX,WFC,0.545792,0.545792,0.953108,False
AIG,DE,0.545770,0.545770,0.953132,False
L,TDY,0.545760,0.545760,0.953142,False
BEN,OMC,0.545745,0.545745,0.953158,False
CRH,MA,0.545742,0.545742,0.953162,False
CDW,RF,0.545738,0.545738,0.953165,False
BRK-B,CSCO,0.545718,0.545718,0.953186,False
IRM,KIM,0.545699,0.545699,0.953206,True
LYB,MOS,0.545691,0.545691,0.953214,True
CSCO,MS,0.545678,0.545678,0.953229,False
BRK-B,SLB,0.545653,0.545653,0.953255,False
MCO,PRU,0.545652,0.545652,0.953256,True
ABT,PAYX,0.545641,0.545641,0.953267,False
IQV,TDY,0.545641,0.545641,0.953267,False
MCO,PHM,0.545637,0.545637,0.953272,False
BRK-B,PNW,0.545632,0.545632,0.953277,False
PPG,RJF,0.545623,0.545623,0.953286,False
FITB,J,0.545619,0.545619,0.953291,False
GPN,RF,0.545611,0.545611,0.953298,True
JNJ,SO,0.545601,0.545601,0.953309,False
DOV,F,0.545600,0.545600,0.953310,False
FTV,PHM,0.545597,0.545597,0.953313,False
GS,GWW,0.545566,0.545566,0.953346,False
CFG,NWSA,0.545555,0.545555,0.953357,False
HON,OKE,0.545545,0.545545,0.953368,False
AXP,COP,0.545523,0.545523,0.953391,False
AOS,PCAR,0.545510,0.545510,0.953405,True
DIS,DOV,0.545509,0.545509,0.953406,False
O,UHS,0.545500,0.545500,0.953414,False
GLW,TPR,0.545500,0.545500,0.953415,False
AVGO,GLW,0.545494,0.545494,0.953421,True
EMR,TXN,0.545494,0.545494,0.953421,False
APH,RL,0.545492,0.545492,0.953423,False
NWSA,TFC,0.545491,0.545491,0.953424,False
BXP,LYB,0.545489,0.545489,0.953427,False
AME,GM,0.545488,0.545488,0.953428,False
GWW,SWK,0.545478,0.545478,0.953438,True
PEP,PNW,0.545475,0.545475,0.953441,False
JPM,NWSA,0.545474,0.545474,0.953442,False
ADI,STT,0.545464,0.545464,0.953453,False
SWK,VICI,0.545461,0.545461,0.953456,False
BLK,NWSA,0.545453,0.545453,0.953464,False
AMT,NI,0.545451,0.545451,0.953466,False
IVZ,ROK,0.545437,0.545437,0.953481,False
HPQ,URI,0.545428,0.545428,0.953490,False
JPM,LUV,0.545425,0.545425,0.953494,False
BA,LYV,0.545420,0.545420,0.953499,False
EXPD,FAST,0.545414,0.545414,0.953505,True
MS,WYNN,0.545403,0.545403,0.953516,False
ADI,CRH,0.545381,0.545381,0.953540,False
DE,FCX,0.545361,0.545361,0.953561,False
EQIX,PSA,0.545359,0.545359,0.953563,True
DTE,PLD,0.545353,0.545353,0.953569,False
IBM,ITW,0.545348,0.545348,0.953574,False
COP,TFC,0.545348,0.545348,0.953574,False
DRI,WYNN,0.545331,0.545331,0.953592,True
ADP,MDT,0.545330,0.545330,0.953593,False
MAR,USB,0.545329,0.545329,0.953594,False
CTAS,VMC,0.545321,0.545321,0.953602,False
JBL,TT,0.545320,0.545320,0.953604,False
NSC,PKG,0.545314,0.545314,0.953610,False
GM,RJF,0.545312,0.545312,0.953612,False
OMC,WAB,0.545293,0.545293,0.953632,False
HBAN,XYL,0.545284,0.545284,0.953642,False
GPN,INTU,0.545247,0.545247,0.953680,False
MTB,SLB,0.545243,0.545243,0.953684,False
DOV,HAL,0.545234,0.545234,0.953694,False
CPAY,MGM,0.545232,0.545232,0.953696,False
COF,GD,0.545230,0.545230,0.953698,False
MA,NTRS,0.545217,0.545217,0.953712,True
DE,STLD,0.545216,0.545216,0.953713,False
EXPD,XYL,0.545215,0.545215,0.953714,True
BX,LRCX,0.545214,0.545214,0.953715,False
CSCO,MSFT,0.545206,0.545206,0.953723,True
IDXX,ISRG,0.545178,0.545178,0.953752,True
SYY,V,0.545169,0.545169,0.953762,False
MPC,URI,0.545169,0.545169,0.953762,False
HLT,PNR,0.545162,0.545162,0.953769,False
CINF,ITW,0.545161,0.545161,0.953770,False
HST,SNA,0.545158,0.545158,0.953774,False
AXP,EME,0.545146,0.545146,0.953786,False
SHW,XYL,0.545146,0.545146,0.953787,False
ITW,STLD,0.545128,0.545128,0.953805,False
CDW,TDY,0.545125,0.545125,0.953808,True
SBAC,SO,0.545084,0.545084,0.953851,False
MAS,PAYX,0.545076,0.545076,0.953859,True
NTRS,STLD,0.545068,0.545068,0.953867,False
BEN,MAS,0.545057,0.545057,0.953880,False
LDOS,LHX,0.545048,0.545048,0.953889,True
MCO,VICI,0.545031,0.545031,0.953907,False
KEY,TPR,0.545030,0.545030,0.953908,False
DOC,ES,0.545018,0.545018,0.953921,False
CMI,HWM,0.545016,0.545016,0.953923,True
F,HBAN,0.545006,0.545006,0.953933,False
BX,CTAS,0.544999,0.544999,0.953940,False
REG,RJF,0.544999,0.544999,0.953941,False
CRH,PHM,0.544995,0.544995,0.953944,False
MGM,RL,0.544984,0.544984,0.953956,True
NWS,PRU,0.544983,0.544983,0.953957,False
ACGL,CNP,0.544968,0.544968,0.953972,False
FTV,KIM,0.544965,0.544965,0.953976,False
CDW,JCI,0.544952,0.544952,0.953990,False
ADP,AVY,0.544941,0.544941,0.954001,False
BX,KLAC,0.544931,0.544931,0.954012,False
ADBE,PYPL,0.544930,0.544930,0.954013,False
HON,IQV,0.544922,0.544922,0.954021,False
ANET,MPWR,0.544918,0.544918,0.954025,True
FRT,IVZ,0.544916,0.544916,0.954028,False
IR,VMC,0.544914,0.544914,0.954030,False
GD,SYY,0.544878,0.544878,0.954067,False
A,MCHP,0.544877,0.544877,0.954068,False
CFG,WRB,0.544874,0.544874,0.954072,True
PPG,SYK,0.544863,0.544863,0.954083,False
MCO,YUM,0.544853,0.544853,0.954093,False
TEL,VICI,0.544840,0.544840,0.954107,False
CNP,KIM,0.544835,0.544835,0.954113,False
FITB,O,0.544834,0.544834,0.954113,False
FITB,WELL,0.544830,0.544830,0.954117,False
O,SO,0.544822,0.544822,0.954126,False
HUBB,LIN,0.544820,0.544820,0.954128,False
FIX,GS,0.544809,0.544809,0.954140,False
GOOGL,KLAC,0.544799,0.544799,0.954150,False
GOOGL,TROW,0.544790,0.544790,0.954160,False
CB,MS,0.544788,0.544788,0.954161,True
HD,LIN,0.544787,0.544787,0.954162,False
PSX,RJF,0.544746,0.544746,0.954206,False
IVZ,JBL,0.544737,0.544737,0.954215,False
APH,BKNG,0.544729,0.544729,0.954224,False
CDW,IQV,0.544701,0.544701,0.954253,False
DOW,OXY,0.544692,0.544692,0.954262,False
C,FANG,0.544689,0.544689,0.954265,False
GPC,PAYX,0.544688,0.544688,0.954267,False
BX,IEX,0.544683,0.544683,0.954271,False
SPGI,YUM,0.544676,0.544676,0.954279,False
JBL,JPM,0.544674,0.544674,0.954281,False
AIG,XYL,0.544666,0.544666,0.954290,False
CSX,PLD,0.544665,0.544665,0.954290,False
AEE,PLD,0.544659,0.544659,0.954296,False
KMI,STT,0.544657,0.544657,0.954299,False
AME,BRO,0.544648,0.544648,0.954308,False
COF,HPQ,0.544631,0.544631,0.954326,False
BSX,PFG,0.544630,0.544630,0.954327,False
CSCO,TXN,0.544625,0.544625,0.954332,True
BXP,GPN,0.544606,0.544606,0.954352,False
AMP,NTAP,0.544600,0.544600,0.954358,False
LYB,WYNN,0.544587,0.544587,0.954372,False
HON,NUE,0.544585,0.544585,0.954375,False
CCL,WAB,0.544581,0.544581,0.954378,False
MS,SYK,0.544581,0.544581,0.954378,False
MCO,PYPL,0.544574,0.544574,0.954386,True
KMI,PEG,0.544566,0.544566,0.954394,False
DD,STLD,0.544564,0.544564,0.954396,True
CRH,MCHP,0.544557,0.544557,0.954404,False
CPAY,DOW,0.544556,0.544556,0.954404,False
CDW,TFC,0.544504,0.544504,0.954459,False
FTV,LRCX,0.544490,0.544490,0.954473,False
PAYC,TRMB,0.544483,0.544483,0.954481,False
TRMB,V,0.544464,0.544464,0.954501,False
BX,HON,0.544457,0.544457,0.954508,False
BLK,MPWR,0.544450,0.544450,0.954515,False
CBRE,CTSH,0.544440,0.544440,0.954526,False
LIN,UNP,0.544428,0.544428,0.954538,False
CB,LIN,0.544426,0.544426,0.954541,False
CDW,NTAP,0.544418,0.544418,0.954549,True
EG,RJF,0.544418,0.544418,0.954549,True
MGM,ULTA,0.544418,0.544418,0.954549,True
LYB,MLM,0.544410,0.544410,0.954558,True
AIG,DVN,0.544398,0.544398,0.954570,False
TDY,VMC,0.544397,0.544397,0.954571,False
RSG,TRV,0.544394,0.544394,0.954575,False
ARES,CDNS,0.544388,0.544388,0.954581,False
MA,PNR,0.544385,0.544385,0.954584,False
HWM,STT,0.544381,0.544381,0.954588,False
CRH,LOW,0.544369,0.544369,0.954600,False
CDW,GPN,0.544362,0.544362,0.954608,False
BXP,DTE,0.544359,0.544359,0.954611,False
CFG,NCLH,0.544354,0.544354,0.954616,False
ITW,VMC,0.544328,0.544328,0.954644,False
MDLZ,WM,0.544311,0.544311,0.954662,False
MET,NCLH,0.544308,0.544308,0.954665,False
MMM,XYL,0.544285,0.544285,0.954688,True
ROK,TXN,0.544284,0.544284,0.954689,False
CMI,F,0.544273,0.544273,0.954701,False
A,SPGI,0.544272,0.544272,0.954702,False
AMCR,PNC,0.544270,0.544270,0.954704,False
APTV,CDW,0.544263,0.544263,0.954711,False
DOC,SYY,0.544261,0.544261,0.954714,False
ALLE,SYK,0.544257,0.544257,0.954718,False
L,MCD,0.544245,0.544245,0.954731,False
LH,SPGI,0.544240,0.544240,0.954736,False
GPN,RJF,0.544232,0.544232,0.954743,True
L,NUE,0.544215,0.544215,0.954762,False
CCL,WFC,0.544212,0.544212,0.954765,False
CB,TXT,0.544207,0.544207,0.954770,False
CTSH,MCHP,0.544206,0.544206,0.954771,True
CPAY,NSC,0.544205,0.544205,0.954772,False
AFL,SYK,0.544182,0.544182,0.954796,False
FTV,GD,0.544175,0.544175,0.954804,True
MAA,SYK,0.544164,0.544164,0.954816,False
IVZ,NXPI,0.544155,0.544155,0.954824,False
REG,ROST,0.544143,0.544143,0.954837,False
AEP,UDR,0.544140,0.544140,0.954841,False
COF,CTSH,0.544116,0.544116,0.954865,False
ACN,CRM,0.544104,0.544104,0.954878,True
AMCR,SHW,0.544093,0.544093,0.954889,True
CL,EXC,0.544054,0.544054,0.954930,False
HON,MAS,0.544051,0.544051,0.954933,True
BEN,PKG,0.544047,0.544047,0.954938,False
NWSA,USB,0.544043,0.544043,0.954942,False
JCI,TDY,0.544030,0.544030,0.954955,False
BA,WFC,0.544017,0.544017,0.954970,False
CTSH,IEX,0.544011,0.544011,0.954975,False
BKNG,URI,0.544005,0.544005,0.954981,False
AJG,MAA,0.544005,0.544005,0.954982,False
FITB,NWS,0.544001,0.544001,0.954986,False
APTV,BLK,0.543999,0.543999,0.954988,False
KKR,TT,0.543996,0.543996,0.954991,False
L,PNR,0.543988,0.543988,0.954999,False
BLDR,TXT,0.543977,0.543977,0.955011,True
APO,SYK,0.543966,0.543966,0.955023,False
EME,VST,0.543963,0.543963,0.955026,False
AXP,SBUX,0.543950,0.543950,0.955040,False
KO,PM,0.543949,0.543949,0.955040,True
COP,STLD,0.543945,0.543945,0.955044,False
WDAY,XYZ,0.543942,0.543942,0.955047,False
FOX,NWS,0.543937,0.543937,0.955053,True
AOS,AVY,0.543935,0.543935,0.955055,False
DELL,ETN,0.543928,0.543928,0.955062,False
DOC,PHM,0.543918,0.543918,0.955073,False
ARE,CBRE,0.543914,0.543914,0.955077,True
FCX,IR,0.543913,0.543913,0.955078,False
ETR,REG,0.543900,0.543900,0.955092,False
GL,L,0.543881,0.543881,0.955111,True
TDG,TFC,0.543874,0.543874,0.955119,False
DOC,USB,0.543865,0.543865,0.955128,False
PG,RSG,0.543862,0.543862,0.955131,False
ADP,EMR,0.543861,0.543861,0.955132,True
ALLE,V,0.543846,0.543846,0.955148,False
APH,TDG,0.543846,0.543846,0.955148,False
RL,WAB,0.543832,0.543832,0.955162,False
J,STT,0.543825,0.543825,0.955170,False
BXP,SNA,0.543825,0.543825,0.955170,False
STLD,WFC,0.543814,0.543814,0.955181,False
AJG,EXC,0.543804,0.543804,0.955192,False
MMM,SNA,0.543802,0.543802,0.955194,True
MCD,ROP,0.543791,0.543791,0.955205,False
ECL,UNP,0.543780,0.543780,0.955217,False
BSX,PRU,0.543779,0.543779,0.955218,False
WFC,XYL,0.543767,0.543767,0.955231,False
AMP,FDX,0.543759,0.543759,0.955240,False
PLD,SO,0.543757,0.543757,0.955241,False
SNA,VMC,0.543739,0.543739,0.955260,False
KIM,PNR,0.543735,0.543735,0.955264,False
JKHY,PAYX,0.543735,0.543735,0.955265,False
ADBE,ADI,0.543732,0.543732,0.955268,True
ACGL,SYY,0.543729,0.543729,0.955271,False
AME,EXPD,0.543701,0.543701,0.955300,True
AMAT,MS,0.543685,0.543685,0.955316,False
ARES,MA,0.543681,0.543681,0.955321,True
AAPL,AMP,0.543677,0.543677,0.955325,False
APH,IQV,0.543669,0.543669,0.955333,False
GS,TXN,0.543667,0.543667,0.955336,False
TRGP,VLO,0.543662,0.543662,0.955340,True
ACGL,TJX,0.543654,0.543654,0.955349,False
CB,V,0.543634,0.543634,0.955370,True
DRI,KEY,0.543632,0.543632,0.955373,False
TDG,TRGP,0.543616,0.543616,0.955388,False
GRMN,NDSN,0.543599,0.543599,0.955407,False
AMAT,GOOG,0.543595,0.543595,0.955411,False
GPC,LOW,0.543595,0.543595,0.955411,True
ARE,BX,0.543594,0.543594,0.955412,False
GWW,TXT,0.543576,0.543576,0.955430,True
HPQ,PNC,0.543573,0.543573,0.955434,False
DOV,WYNN,0.543547,0.543547,0.955461,False
ARE,HD,0.543519,0.543519,0.955491,False
GS,TJX,0.543502,0.543502,0.955508,False
BLDR,MGM,0.543498,0.543498,0.955512,False
ITW,JBL,0.543491,0.543491,0.955520,False
RL,TJX,0.543485,0.543485,0.955526,True
KMI,LYB,0.543466,0.543466,0.955546,False
KLAC,MS,0.543463,0.543463,0.955549,False
AXP,IBKR,0.543460,0.543460,0.955552,True
SBAC,XEL,0.543453,0.543453,0.955560,False
ADP,BSX,0.543443,0.543443,0.955570,False
IR,NUE,0.543431,0.543431,0.955583,False
HON,KO,0.543425,0.543425,0.955589,False
CTAS,ISRG,0.543417,0.543417,0.955597,False
GE,TPR,0.543416,0.543416,0.955599,False
AMAT,ARES,0.543413,0.543413,0.955601,False
CBRE,CMI,0.543398,0.543398,0.955617,False
CBRE,LIN,0.543395,0.543395,0.955620,False
ADP,DOC,0.543393,0.543393,0.955622,False
PRU,UHS,0.543393,0.543393,0.955623,False
APO,BRK-B,0.543377,0.543377,0.955639,True
FITB,ROST,0.543331,0.543331,0.955687,False
FIX,URI,0.543331,0.543331,0.955687,True
CVX,TXT,0.543326,0.543326,0.955693,False
ETN,TDY,0.543321,0.543321,0.955698,False
ALL,BAC,0.543314,0.543314,0.955705,True
DD,MAS,0.543311,0.543311,0.955708,False
EOG,MOS,0.543311,0.543311,0.955709,False
ADI,HUBB,0.543310,0.543310,0.955709,False
JPM,VMC,0.543298,0.543298,0.955722,False
TFC,TJX,0.543292,0.543292,0.955728,False
AMP,PPL,0.543267,0.543267,0.955754,False
MS,VICI,0.543263,0.543263,0.955759,False
KIM,WRB,0.543261,0.543261,0.955761,False
GE,UAL,0.543258,0.543258,0.955764,True
RL,WYNN,0.543244,0.543244,0.955779,True
CTSH,SPGI,0.543234,0.543234,0.955789,False
BRK-B,CPT,0.543228,0.543228,0.955795,False
ADP,BAC,0.543183,0.543183,0.955842,False
BRO,TRV,0.543165,0.543165,0.955861,True
INTU,KEYS,0.543165,0.543165,0.955861,True
BEN,NWSA,0.543162,0.543162,0.955864,False
MAS,MTD,0.543160,0.543160,0.955866,False
JPM,NWS,0.543149,0.543149,0.955878,False
HBAN,XOM,0.543133,0.543133,0.955895,False
ADP,RJF,0.543125,0.543125,0.955903,False
CVX,STLD,0.543123,0.543123,0.955905,False
GLW,HUBB,0.543123,0.543123,0.955905,False
ARES,CDW,0.543120,0.543120,0.955908,False
ADP,FITB,0.543111,0.543111,0.955917,False
ACN,PNR,0.543104,0.543104,0.955925,False
IEX,JBHT,0.543100,0.543100,0.955928,True
JBL,PWR,0.543097,0.543097,0.955932,False
AJG,TDY,0.543088,0.543088,0.955941,False
CME,O,0.543081,0.543081,0.955949,False
TJX,TXT,0.543081,0.543081,0.955949,False
BKR,FCX,0.543078,0.543078,0.955952,False
IVZ,MLM,0.543077,0.543077,0.955953,False
DRI,TDY,0.543072,0.543072,0.955958,False
LYB,PCAR,0.543067,0.543067,0.955963,False
STT,V,0.543065,0.543065,0.955965,True
GLW,V,0.543062,0.543062,0.955969,False
FTV,GE,0.543062,0.543062,0.955969,True
ACGL,ECL,0.543057,0.543057,0.955974,False
HON,O,0.543048,0.543048,0.955983,False
GS,TRV,0.543045,0.543045,0.955987,True
AFL,MCD,0.543040,0.543040,0.955992,False
KKR,TDY,0.543037,0.543037,0.955994,False
ETN,FAST,0.543037,0.543037,0.955995,True
IVZ,PCAR,0.543032,0.543032,0.956000,False
LUV,MTB,0.542992,0.542992,0.956042,False
PSX,WFC,0.542988,0.542988,0.956046,False
TXT,VMC,0.542987,0.542987,0.956047,False
AMP,MCD,0.542985,0.542985,0.956049,False
ADP,CPAY,0.542979,0.542979,0.956056,False
GRMN,MCO,0.542973,0.542973,0.956062,False
CVX,TEL,0.542969,0.542969,0.956066,False
PEP,WM,0.542969,0.542969,0.956066,False
DOV,NVR,0.542965,0.542965,0.956070,False
KIM,TPR,0.542961,0.542961,0.956074,False
ATO,PAYX,0.542951,0.542951,0.956085,False
BRK-B,PSX,0.542947,0.542947,0.956089,False
BLK,PYPL,0.542930,0.542930,0.956107,True
HD,LH,0.542924,0.542924,0.956112,False
UDR,WM,0.542918,0.542918,0.956119,False
ALLE,GLW,0.542905,0.542905,0.956133,False
RSG,SRE,0.542898,0.542898,0.956141,False
A,IEX,0.542858,0.542858,0.956182,False
MLM,PWR,0.542855,0.542855,0.956185,False
CBRE,J,0.542854,0.542854,0.956186,False
BA,DRI,0.542854,0.542854,0.956187,False
POOL,SWK,0.542847,0.542847,0.956193,False
BXP,DAL,0.542846,0.542846,0.956194,False
AAPL,CDW,0.542840,0.542840,0.956201,True
PNC,SYK,0.542837,0.542837,0.956204,False
GE,USB,0.542826,0.542826,0.956215,False
V,XYL,0.542823,0.542823,0.956219,False
CHD,PEP,0.542819,0.542819,0.956223,True
APH,RF,0.542817,0.542817,0.956225,False
APTV,MET,0.542814,0.542814,0.956228,False
INVH,XEL,0.542813,0.542813,0.956229,False
APH,SNPS,0.542808,0.542808,0.956235,True
APTV,IVZ,0.542803,0.542803,0.956239,False
ETN,SYK,0.542797,0.542797,0.956245,False
HIG,MCD,0.542794,0.542794,0.956249,False
CBRE,SHW,0.542778,0.542778,0.956266,False
DOV,O,0.542776,0.542776,0.956268,False
MTB,VLO,0.542776,0.542776,0.956268,False
JBL,MGM,0.542770,0.542770,0.956275,False
CRH,FIX,0.542766,0.542766,0.956278,False
AVY,SYK,0.542757,0.542757,0.956287,False
OKE,STT,0.542745,0.542745,0.956300,False
NWS,PPG,0.542736,0.542736,0.956310,False
KEY,XYL,0.542735,0.542735,0.956310,False
HON,MSI,0.542727,0.542727,0.956319,False
GD,URI,0.542703,0.542703,0.956345,True
J,MTB,0.542699,0.542699,0.956349,False
CDW,INTU,0.542695,0.542695,0.956352,True
KEY,RL,0.542694,0.542694,0.956353,False
MDT,SYY,0.542682,0.542682,0.956366,False
TJX,VICI,0.542660,0.542660,0.956389,False
APD,HON,0.542660,0.542660,0.956389,False
ROP,WY,0.542647,0.542647,0.956403,False
NDAQ,RSG,0.542632,0.542632,0.956418,False
AFL,APO,0.542628,0.542628,0.956422,True
AIG,CAT,0.542623,0.542623,0.956428,False
BRK-B,WMB,0.542618,0.542618,0.956433,False
DTE,SYK,0.542602,0.542602,0.956450,False
A,ACN,0.542598,0.542598,0.956454,False
INTU,ZTS,0.542564,0.542564,0.956490,False
HBAN,VMC,0.542559,0.542559,0.956495,False
APH,PNC,0.542553,0.542553,0.956501,False
HIG,VICI,0.542542,0.542542,0.956513,False
CCI,PPL,0.542534,0.542534,0.956521,False
ADSK,GOOGL,0.542514,0.542514,0.956542,False
EVRG,WRB,0.542484,0.542484,0.956573,False
BEN,PCAR,0.542480,0.542480,0.956577,False
DIS,EMR,0.542466,0.542466,0.956592,False
ESS,PRU,0.542453,0.542453,0.956605,False
ETN,MU,0.542449,0.542449,0.956610,False
CDNS,ON,0.542445,0.542445,0.956614,True
MPC,TEL,0.542445,0.542445,0.956614,False
ITW,KEYS,0.542445,0.542445,0.956614,False
DHR,PLD,0.542444,0.542444,0.956615,False
AMP,ICE,0.542441,0.542441,0.956618,True
HLT,RJF,0.542435,0.542435,0.956625,False
CDW,ROK,0.542404,0.542404,0.956656,False
MOS,STLD,0.542401,0.542401,0.956659,True
KKR,MAR,0.542390,0.542390,0.956671,False
CBRE,CPRT,0.542387,0.542387,0.956674,False
PPG,STLD,0.542383,0.542383,0.956678,True
AIZ,SYF,0.542383,0.542383,0.956679,True
BKNG,TDG,0.542378,0.542378,0.956683,False
RCL,REG,0.542375,0.542375,0.956687,False
NTAP,TEL,0.542367,0.542367,0.956695,True
CRH,NSC,0.542351,0.542351,0.956713,False
BX,KEY,0.542321,0.542321,0.956743,True
PG,WM,0.542320,0.542320,0.956744,False
KKR,NVDA,0.542318,0.542318,0.956747,False
STT,UAL,0.542309,0.542309,0.956756,False
COF,MCO,0.542304,0.542304,0.956762,True
AJG,NDAQ,0.542303,0.542303,0.956763,True
ADSK,GOOG,0.542286,0.542286,0.956780,False
FRT,GD,0.542283,0.542283,0.956783,False
ACN,VRSK,0.542268,0.542268,0.956799,False
MCHP,TXT,0.542266,0.542266,0.956801,False
AOS,GWW,0.542264,0.542264,0.956803,True
APH,SPGI,0.542255,0.542255,0.956812,False
MCD,WY,0.542246,0.542246,0.956822,False
PH,VLO,0.542227,0.542227,0.956842,False
APA,C,0.542183,0.542183,0.956888,False
HPQ,ON,0.542172,0.542172,0.956899,True
AAPL,META,0.542167,0.542167,0.956904,False
IP,URI,0.542157,0.542157,0.956915,False
HPQ,RF,0.542148,0.542148,0.956925,False
APH,FITB,0.542145,0.542145,0.956927,False
INTU,TRMB,0.542140,0.542140,0.956933,True
HD,KKR,0.542133,0.542133,0.956940,False
IVZ,REG,0.542124,0.542124,0.956950,False
CBRE,OMC,0.542122,0.542122,0.956952,False
PHM,SNA,0.542113,0.542113,0.956961,False
ARES,MAS,0.542101,0.542101,0.956974,False
STT,TRV,0.542092,0.542092,0.956982,True
DOV,NWSA,0.542084,0.542084,0.956991,False
AJG,CINF,0.542073,0.542073,0.957002,True
PNW,TRV,0.542058,0.542058,0.957018,False
AMT,MCO,0.542054,0.542054,0.957022,False
HBAN,NCLH,0.542025,0.542025,0.957053,False
COST,MSFT,0.542022,0.542022,0.957056,False
ALLE,SPG,0.542009,0.542009,0.957069,False
APTV,CBRE,0.542008,0.542008,0.957071,False
CB,CNP,0.542005,0.542005,0.957073,False
CSX,TRMB,0.542003,0.542003,0.957076,False
ADP,C,0.542001,0.542001,0.957078,False
HAL,RJF,0.541982,0.541982,0.957098,False
IR,J,0.541979,0.541979,0.957101,True
SPG,TPR,0.541978,0.541978,0.957101,False
CDNS,PTC,0.541948,0.541948,0.957133,True
BX,J,0.541933,0.541933,0.957149,False
CL,GIS,0.541923,0.541923,0.957160,True
DD,J,0.541910,0.541910,0.957172,False
HPE,SWK,0.541904,0.541904,0.957179,False
BLDR,TRMB,0.541900,0.541900,0.957183,False
CTSH,JPM,0.541894,0.541894,0.957189,False
ACN,MS,0.541890,0.541890,0.957194,False
GPN,NDSN,0.541875,0.541875,0.957209,False
OKE,RCL,0.541875,0.541875,0.957209,False
KIM,ROST,0.541872,0.541872,0.957213,False
MS,WMB,0.541860,0.541860,0.957226,False
NDSN,VICI,0.541857,0.541857,0.957228,False
GPN,IQV,0.541841,0.541841,0.957246,False
MAR,TJX,0.541831,0.541831,0.957256,True
GD,UDR,0.541817,0.541817,0.957270,False
RL,SPG,0.541810,0.541810,0.957277,False
CRH,J,0.541810,0.541810,0.957278,False
SYY,UDR,0.541798,0.541798,0.957290,False
HPQ,MET,0.541796,0.541796,0.957292,False
GPC,MTB,0.541791,0.541791,0.957297,False
ECL,JPM,0.541785,0.541785,0.957304,False
INVH,SBAC,0.541777,0.541777,0.957312,True
PNR,TDG,0.541773,0.541773,0.957316,True
NDSN,TPR,0.541773,0.541773,0.957317,False
UAL,USB,0.541767,0.541767,0.957323,False
CPRT,SYK,0.541762,0.541762,0.957327,False
DD,MCHP,0.541756,0.541756,0.957334,False
LIN,MSCI,0.541752,0.541752,0.957338,False
APA,DOW,0.541736,0.541736,0.957355,False
GM,KIM,0.541730,0.541730,0.957361,False
GD,GE,0.541729,0.541729,0.957362,True
CTAS,PPL,0.541720,0.541720,0.957371,False
TFC,V,0.541720,0.541720,0.957372,True
HBAN,NWS,0.541708,0.541708,0.957384,False
DE,TEL,0.541705,0.541705,0.957387,False
BG,MOS,0.541697,0.541697,0.957396,False
AME,ISRG,0.541694,0.541694,0.957399,False
AIZ,AJG,0.541694,0.541694,0.957399,True
BEN,ROK,0.541690,0.541690,0.957403,False
ETN,LYB,0.541684,0.541684,0.957409,False
O,TRV,0.541675,0.541675,0.957418,False
DE,IR,0.541672,0.541672,0.957422,True
HON,TRV,0.541670,0.541670,0.957424,False
HUBB,KEY,0.541653,0.541653,0.957441,False
AIZ,DOV,0.541646,0.541646,0.957448,False
APH,MLM,0.541637,0.541637,0.957458,False
COO,ISRG,0.541637,0.541637,0.957458,True
KLAC,NDSN,0.541602,0.541602,0.957494,False
DVN,HBAN,0.541597,0.541597,0.957500,False
AXP,ON,0.541590,0.541590,0.957507,False
O,RSG,0.541588,0.541588,0.957509,False
GM,WYNN,0.541581,0.541581,0.957516,True
MAA,SBAC,0.541578,0.541578,0.957520,True
BKR,CF,0.541577,0.541577,0.957521,False
MAR,NXPI,0.541555,0.541555,0.957543,False
UHS,WY,0.541544,0.541544,0.957556,False
FAST,HON,0.541530,0.541530,0.957570,True
DAL,PPG,0.541519,0.541519,0.957581,False
EXPD,TEL,0.541507,0.541507,0.957594,False
AME,MSFT,0.541504,0.541504,0.957597,False
BKR,BRK-B,0.541498,0.541498,0.957603,False
KIM,LUV,0.541497,0.541497,0.957604,False
ODFL,PH,0.541493,0.541493,0.957608,True
CPT,HD,0.541488,0.541488,0.957614,False
AJG,CME,0.541488,0.541488,0.957614,True
AFL,SWK,0.541487,0.541487,0.957615,False
DUK,PLD,0.541463,0.541463,0.957640,False
ACGL,TDG,0.541449,0.541449,0.957655,False
INTC,MU,0.541448,0.541448,0.957655,True
CBRE,HPE,0.541436,0.541436,0.957668,False
LUV,RJF,0.541427,0.541427,0.957678,False
AIG,CMI,0.541425,0.541425,0.957679,False
ARES,MSCI,0.541424,0.541424,0.957681,True
GD,KIM,0.541414,0.541414,0.957691,False
AMP,SWKS,0.541400,0.541400,0.957706,False
RF,TJX,0.541386,0.541386,0.957720,False
ACN,MTD,0.541383,0.541383,0.957723,False
HAL,RTX,0.541370,0.541370,0.957737,False
BF-B,STZ,0.541356,0.541356,0.957752,True
IDXX,IQV,0.541354,0.541354,0.957754,True
GS,LUV,0.541352,0.541352,0.957756,False
CAT,CRH,0.541351,0.541351,0.957757,False
HBAN,TRMB,0.541349,0.541349,0.957759,False
UDR,XEL,0.541330,0.541330,0.957779,False
CCI,NEE,0.541326,0.541326,0.957783,False
ECL,ISRG,0.541322,0.541322,0.957787,False
ACGL,PH,0.541289,0.541289,0.957821,False
AIG,CNP,0.541287,0.541287,0.957824,False
IEX,KKR,0.541277,0.541277,0.957834,False
FIX,WAB,0.541266,0.541266,0.957845,True
CINF,IVZ,0.541250,0.541250,0.957863,True
CMI,FCX,0.541239,0.541239,0.957874,False
DE,HBAN,0.541216,0.541216,0.957897,False
AAPL,BX,0.541209,0.541209,0.957905,False
APTV,IQV,0.541202,0.541202,0.957912,False
GS,SYY,0.541201,0.541201,0.957913,False
KKR,TDG,0.541200,0.541200,0.957914,False
AME,OMC,0.541191,0.541191,0.957924,False
BRK-B,SRE,0.541189,0.541189,0.957926,False
DRI,EMR,0.541186,0.541186,0.957929,False
SBAC,WEC,0.541184,0.541184,0.957931,False
BEN,BXP,0.541183,0.541183,0.957932,False
PWR,TXT,0.541182,0.541182,0.957933,True
BEN,NSC,0.541179,0.541179,0.957936,False
LYB,OMC,0.541162,0.541162,0.957954,False
NSC,TDY,0.541161,0.541161,0.957955,False
KO,WRB,0.541147,0.541147,0.957969,False
FCX,MGM,0.541133,0.541133,0.957984,False
DTE,PFG,0.541126,0.541126,0.957991,False
IBM,PAYX,0.541094,0.541094,0.958025,False
BAC,NCLH,0.541088,0.541088,0.958031,False
BSX,HON,0.541082,0.541082,0.958037,False
GD,ROP,0.541078,0.541078,0.958042,False
ADI,SPGI,0.541077,0.541077,0.958042,False
LYB,MCHP,0.541077,0.541077,0.958043,False
ADI,WY,0.541070,0.541070,0.958050,False
CFG,HPQ,0.541069,0.541069,0.958051,False
MCO,TYL,0.541060,0.541060,0.958061,False
BA,WAB,0.541057,0.541057,0.958064,True
OKE,REG,0.541041,0.541041,0.958080,False
APO,FTV,0.541033,0.541033,0.958088,False
IR,TDG,0.541024,0.541024,0.958098,True
APD,BLK,0.541017,0.541017,0.958106,False
LOW,ROK,0.541012,0.541012,0.958111,False
BA,BKNG,0.541010,0.541010,0.958113,False
BX,DD,0.541010,0.541010,0.958113,False
FCX,ON,0.541009,0.541009,0.958114,False
FAST,LIN,0.541004,0.541004,0.958118,False
NCLH,WFC,0.540991,0.540991,0.958133,False
FAST,FTV,0.540985,0.540985,0.958139,True
TYL,WDAY,0.540981,0.540981,0.958143,True
ADI,CPAY,0.540973,0.540973,0.958151,False
MOS,MPC,0.540967,0.540967,0.958157,False
COP,STT,0.540956,0.540956,0.958169,False
CPT,ICE,0.540950,0.540950,0.958175,False
DIS,HST,0.540949,0.540949,0.958176,False
NWS,WAB,0.540949,0.540949,0.958176,False
HST,TROW,0.540947,0.540947,0.958179,False
MCHP,NTRS,0.540943,0.540943,0.958183,False
BKNG,KKR,0.540931,0.540931,0.958195,False
AMCR,FITB,0.540911,0.540911,0.958216,False
DE,KEY,0.540901,0.540901,0.958227,False
ACGL,DOV,0.540900,0.540900,0.958227,False
COF,COP,0.540898,0.540898,0.958230,False
AVY,JPM,0.540884,0.540884,0.958244,False
SYK,XYL,0.540868,0.540868,0.958261,False
INTU,NXPI,0.540855,0.540855,0.958275,True
GS,HD,0.540852,0.540852,0.958277,False
GWW,NTRS,0.540852,0.540852,0.958278,False
BLK,VRSN,0.540848,0.540848,0.958282,False
RSG,V,0.540843,0.540843,0.958287,False
C,OXY,0.540842,0.540842,0.958289,False
GRMN,PNR,0.540831,0.540831,0.958299,False
APTV,HON,0.540818,0.540818,0.958313,False
BSX,LIN,0.540808,0.540808,0.958324,False
LYV,SYF,0.540796,0.540796,0.958337,False
GPC,MS,0.540794,0.540794,0.958338,False
BLK,MSI,0.540784,0.540784,0.958349,False
SPGI,TDG,0.540778,0.540778,0.958355,False
C,VMC,0.540775,0.540775,0.958358,False
DTE,SPGI,0.540767,0.540767,0.958367,False
NSC,STLD,0.540758,0.540758,0.958375,False
DRI,SBUX,0.540756,0.540756,0.958378,True
ACN,PNC,0.540752,0.540752,0.958382,False
MET,OXY,0.540737,0.540737,0.958397,False
DE,RJF,0.540735,0.540735,0.958400,False
ACGL,HWM,0.540731,0.540731,0.958404,False
DAL,RL,0.540722,0.540722,0.958413,False
PFG,PPL,0.540721,0.540721,0.958414,False
MS,XOM,0.540718,0.540718,0.958417,False
BR,SYK,0.540711,0.540711,0.958425,False
CBRE,RTX,0.540710,0.540710,0.958426,False
DOW,LIN,0.540694,0.540694,0.958443,True
CDNS,TYL,0.540685,0.540685,0.958451,True
FTV,MTB,0.540685,0.540685,0.958452,False
ACN,PLD,0.540680,0.540680,0.958457,False
CPB,KHC,0.540678,0.540678,0.958459,True
EMR,ZBRA,0.540659,0.540659,0.958479,False
PLD,REG,0.540646,0.540646,0.958492,True
GLW,WDC,0.540640,0.540640,0.958499,True
MSCI,ROP,0.540633,0.540633,0.958506,False
GLW,JCI,0.540632,0.540632,0.958507,False
JCI,TDG,0.540619,0.540619,0.958521,True
SPGI,TT,0.540614,0.540614,0.958526,False
TJX,UHS,0.540606,0.540606,0.958534,False
BSX,L,0.540595,0.540595,0.958546,False
BX,LOW,0.540590,0.540590,0.958551,False
CTSH,TRMB,0.540588,0.540588,0.958553,True
FTV,SHW,0.540582,0.540582,0.958559,False
ACN,BRO,0.540582,0.540582,0.958560,False
MSCI,TYL,0.540561,0.540561,0.958581,False
CRH,NUE,0.540545,0.540545,0.958597,True
BKR,RJF,0.540538,0.540538,0.958605,False
LII,TEL,0.540537,0.540537,0.958606,False
CTAS,IR,0.540532,0.540532,0.958611,True
ACGL,WTW,0.540520,0.540520,0.958624,True
MAS,SYF,0.540518,0.540518,0.958626,False
ADP,MDLZ,0.540517,0.540517,0.958627,False
CTAS,WRB,0.540517,0.540517,0.958627,False
SYY,UAL,0.540507,0.540507,0.958638,False
TDY,UNP,0.540504,0.540504,0.958641,False
MS,WRB,0.540479,0.540479,0.958667,True
RL,SWK,0.540477,0.540477,0.958669,False
MTB,TRV,0.540467,0.540467,0.958679,True
ETR,PEP,0.540464,0.540464,0.958683,False
HLT,TRMB,0.540450,0.540450,0.958697,False
ALL,DTE,0.540443,0.540443,0.958705,False
GPN,SWK,0.540429,0.540429,0.958719,False
AME,FCX,0.540428,0.540428,0.958720,False
ALLE,CFG,0.540424,0.540424,0.958724,False
ARE,EVRG,0.540420,0.540420,0.958729,False
APO,NDAQ,0.540409,0.540409,0.958740,True
EXPE,FRT,0.540395,0.540395,0.958754,False
MA,STT,0.540392,0.540392,0.958758,True
TER,TRMB,0.540391,0.540391,0.958759,True
KMB,KO,0.540391,0.540391,0.958759,True
PRU,VTR,0.540390,0.540390,0.958760,False
ISRG,TEL,0.540387,0.540387,0.958763,False
WM,WRB,0.540386,0.540386,0.958764,False
KMI,SYY,0.540382,0.540382,0.958768,False
BLDR,EMR,0.540375,0.540375,0.958775,True
FICO,INTU,0.540374,0.540374,0.958776,True
COO,IQV,0.540372,0.540372,0.958779,True
MTB,UNP,0.540366,0.540366,0.958785,False
ADI,MGM,0.540349,0.540349,0.958803,False
ADI,GOOGL,0.540342,0.540342,0.958809,False
CSX,TXN,0.540334,0.540334,0.958818,False
GLW,PAYX,0.540328,0.540328,0.958825,False
TDY,TRV,0.540309,0.540309,0.958844,False
INTU,SYK,0.540294,0.540294,0.958860,False
CTAS,KO,0.540288,0.540288,0.958866,False
TPR,URI,0.540286,0.540286,0.958868,False
DIS,MGM,0.540274,0.540274,0.958880,False
CFG,PKG,0.540260,0.540260,0.958895,False
CPRT,LIN,0.540215,0.540215,0.958942,False
BA,PNC,0.540210,0.540210,0.958947,False
A,INTU,0.540204,0.540204,0.958954,False
FIS,FISV,0.540197,0.540197,0.958961,True
BRO,GD,0.540197,0.540197,0.958961,False
HON,KMI,0.540188,0.540188,0.958970,False
HON,MPC,0.540181,0.540181,0.958978,False
BRK-B,IQV,0.540167,0.540167,0.958992,False
DRI,GM,0.540167,0.540167,0.958992,True
NWSA,WY,0.540166,0.540166,0.958993,False
KIM,UHS,0.540159,0.540159,0.959001,False
HIG,TJX,0.540151,0.540151,0.959009,False
MGM,USB,0.540146,0.540146,0.959014,False
INVH,LOW,0.540146,0.540146,0.959014,False
DOW,VLO,0.540145,0.540145,0.959015,False
MSFT,TEL,0.540137,0.540137,0.959023,True
CDW,CRH,0.540135,0.540135,0.959025,False
AWK,SRE,0.540133,0.540133,0.959027,True
CPAY,KIM,0.540120,0.540120,0.959041,False
AME,DIS,0.540114,0.540114,0.959047,False
ECL,MAA,0.540111,0.540111,0.959050,False
ARES,TXT,0.540108,0.540108,0.959053,False
ETN,TPR,0.540105,0.540105,0.959057,False
IEX,USB,0.540102,0.540102,0.959060,False
ALLE,BR,0.540102,0.540102,0.959060,True
BAC,DRI,0.540089,0.540089,0.959073,False
GOOG,KLAC,0.540086,0.540086,0.959076,False
IVZ,UNP,0.540079,0.540079,0.959084,False
HON,UAL,0.540078,0.540078,0.959085,True
F,JPM,0.540076,0.540076,0.959087,False
HON,NWS,0.540071,0.540071,0.959092,False
ETN,MCO,0.540070,0.540070,0.959093,False
EMR,HLT,0.540070,0.540070,0.959093,False
FCX,JPM,0.540069,0.540069,0.959094,False
CTAS,URI,0.540065,0.540065,0.959099,True
CPAY,UNP,0.540057,0.540057,0.959107,False
ISRG,KLAC,0.540051,0.540051,0.959113,False
ED,MDLZ,0.540047,0.540047,0.959117,False
J,ROP,0.540044,0.540044,0.959121,False
PLD,ROP,0.540042,0.540042,0.959122,False
MCD,NDSN,0.540034,0.540034,0.959131,False
FOX,NWSA,0.540032,0.540032,0.959133,True
MCO,UDR,0.540018,0.540018,0.959147,False
LYV,RF,0.540009,0.540009,0.959157,False
NWS,WY,0.539991,0.539991,0.959176,False
EMR,OMC,0.539978,0.539978,0.959189,False
CPAY,REG,0.539954,0.539954,0.959214,False
KO,PEG,0.539948,0.539948,0.959220,False
HAL,WFC,0.539929,0.539929,0.959241,False
CRH,CSX,0.539922,0.539922,0.959248,False
BKR,WFC,0.539905,0.539905,0.959265,False
ALLE,CAT,0.539899,0.539899,0.959272,True
PSX,SPG,0.539890,0.539890,0.959280,False
ADSK,V,0.539886,0.539886,0.959285,False
ES,INVH,0.539869,0.539869,0.959302,False
LRCX,MCO,0.539866,0.539866,0.959306,False
DAL,DIS,0.539859,0.539859,0.959314,False
BX,CSX,0.539858,0.539858,0.959315,False
EXC,REG,0.539854,0.539854,0.959318,False
OKE,VICI,0.539843,0.539843,0.959330,False
OMC,REG,0.539841,0.539841,0.959333,False
MMM,PPG,0.539838,0.539838,0.959335,False
PHM,SYF,0.539837,0.539837,0.959337,False
AIG,BKNG,0.539830,0.539830,0.959343,False
GS,MPC,0.539830,0.539830,0.959344,False
PLD,V,0.539820,0.539820,0.959354,False
CTAS,MSFT,0.539819,0.539819,0.959355,False
ALL,RF,0.539809,0.539809,0.959366,True
AME,SPG,0.539787,0.539787,0.959389,False
NWSA,URI,0.539786,0.539786,0.959390,False
CL,NI,0.539785,0.539785,0.959390,False
CFG,JBL,0.539785,0.539785,0.959391,False
NTRS,TT,0.539775,0.539775,0.959401,False
NUE,WFC,0.539771,0.539771,0.959405,False
ARE,MCO,0.539761,0.539761,0.959415,False
DAL,IR,0.539752,0.539752,0.959425,True
IQV,MS,0.539731,0.539731,0.959446,False
GE,SNA,0.539730,0.539730,0.959448,True
JBL,SWK,0.539726,0.539726,0.959452,False
BR,EFX,0.539721,0.539721,0.959457,True
ANET,ETN,0.539708,0.539708,0.959470,False
IQV,LOW,0.539707,0.539707,0.959472,False
CDNS,IDXX,0.539699,0.539699,0.959480,False
FAST,J,0.539690,0.539690,0.959489,True
PRU,TRGP,0.539678,0.539678,0.959502,False
COP,GS,0.539674,0.539674,0.959506,False
PEG,WM,0.539666,0.539666,0.959514,False
MTB,NUE,0.539654,0.539654,0.959527,False
GLW,NTAP,0.539650,0.539650,0.959531,True
BXP,MAR,0.539650,0.539650,0.959532,False
MTD,SWK,0.539641,0.539641,0.959541,False
AMD,AMZN,0.539628,0.539628,0.959555,False
FITB,NWSA,0.539625,0.539625,0.959557,False
AFL,GL,0.539620,0.539620,0.959562,True
BSX,STE,0.539618,0.539618,0.959565,True
FRT,MDT,0.539614,0.539614,0.959568,False
HD,ROST,0.539610,0.539610,0.959573,True
ESS,TFC,0.539603,0.539603,0.959580,False
FANG,PRU,0.539603,0.539603,0.959580,False
FTV,HST,0.539591,0.539591,0.959592,False
SPGI,TYL,0.539585,0.539585,0.959599,False
MAR,TPR,0.539582,0.539582,0.959602,True
HD,LII,0.539551,0.539551,0.959635,False
MGM,TJX,0.539544,0.539544,0.959642,True
DE,NUE,0.539512,0.539512,0.959674,False
CTSH,LIN,0.539476,0.539476,0.959713,False
AAPL,SNPS,0.539473,0.539473,0.959716,True
A,KKR,0.539472,0.539472,0.959716,False
F,ITW,0.539464,0.539464,0.959725,False
BX,KEYS,0.539462,0.539462,0.959727,False
IRM,REG,0.539460,0.539460,0.959729,True
HON,PKG,0.539441,0.539441,0.959749,False
NDSN,WFC,0.539437,0.539437,0.959753,False
HD,VICI,0.539437,0.539437,0.959753,False
ECL,ESS,0.539427,0.539427,0.959764,False
AMP,DOC,0.539420,0.539420,0.959771,False
LIN,NTRS,0.539413,0.539413,0.959778,False
KEY,RCL,0.539411,0.539411,0.959780,False
ADI,TDY,0.539405,0.539405,0.959786,True
GLW,MU,0.539403,0.539403,0.959788,True
MPC,SYY,0.539395,0.539395,0.959797,False
MSCI,NDSN,0.539391,0.539391,0.959801,False
CTAS,GS,0.539386,0.539386,0.959806,False
ACN,CSX,0.539381,0.539381,0.959812,False
IVZ,NWS,0.539371,0.539371,0.959822,False
REG,TEL,0.539369,0.539369,0.959824,False
HD,MSFT,0.539365,0.539365,0.959828,False
AES,CNP,0.539359,0.539359,0.959834,True
NCLH,TDG,0.539353,0.539353,0.959840,False
DTE,WMB,0.539352,0.539352,0.959841,False
HD,MCD,0.539346,0.539346,0.959847,True
KKR,MLM,0.539336,0.539336,0.959858,False
ECL,MCD,0.539332,0.539332,0.959863,False
ARE,DTE,0.539330,0.539330,0.959865,False
UDR,WRB,0.539329,0.539329,0.959866,False
IVZ,LUV,0.539324,0.539324,0.959871,False
SPGI,WTW,0.539316,0.539316,0.959879,True
FCX,PNR,0.539315,0.539315,0.959880,False
AIG,O,0.539315,0.539315,0.959880,False
L,PNW,0.539306,0.539306,0.959889,False
FCX,TXT,0.539303,0.539303,0.959892,False
DOV,OKE,0.539301,0.539301,0.959895,False
DOV,KMI,0.539299,0.539299,0.959897,False
EIX,FE,0.539281,0.539281,0.959916,True
HPQ,PNR,0.539274,0.539274,0.959922,False
DOV,HAS,0.539273,0.539273,0.959924,False
APH,CFG,0.539269,0.539269,0.959929,False
ALLE,CTSH,0.539260,0.539260,0.959938,False
RCL,TEL,0.539243,0.539243,0.959955,False
ACGL,KO,0.539239,0.539239,0.959960,False
ARES,ISRG,0.539238,0.539238,0.959960,False
ECL,MDT,0.539238,0.539238,0.959961,False
ATO,PSA,0.539229,0.539229,0.959970,False
BKNG,WAB,0.539228,0.539228,0.959971,False
ES,UDR,0.539225,0.539225,0.959974,False
IEX,PLD,0.539222,0.539222,0.959977,False
APH,MAR,0.539213,0.539213,0.959986,False
CINF,ECL,0.539210,0.539210,0.959989,False
BLK,MAA,0.539200,0.539200,0.960000,False
IEX,NXPI,0.539178,0.539178,0.960023,False
KEYS,NVDA,0.539174,0.539174,0.960027,True
ON,WAB,0.539166,0.539166,0.960035,False
HPQ,PRU,0.539162,0.539162,0.960039,False
CRH,GE,0.539161,0.539161,0.960040,False
CTAS,MAS,0.539150,0.539150,0.960052,True
MOS,RF,0.539144,0.539144,0.960058,False
DOC,PAYX,0.539142,0.539142,0.960060,False
LYB,RL,0.539130,0.539130,0.960073,False
NSC,ODFL,0.539130,0.539130,0.960073,True
CRH,GLW,0.539123,0.539123,0.960080,False
GM,LYB,0.539122,0.539122,0.960081,False
HON,NWSA,0.539113,0.539113,0.960090,False
EG,GD,0.539110,0.539110,0.960094,False
MCD,TRV,0.539107,0.539107,0.960097,False
EMR,TPR,0.539086,0.539086,0.960119,False
NI,PAYX,0.539083,0.539083,0.960122,False
HD,V,0.539055,0.539055,0.960151,False
ICE,INTU,0.539043,0.539043,0.960164,False
CSX,EXPD,0.539038,0.539038,0.960169,True
CTAS,MSCI,0.539036,0.539036,0.960170,False
BAC,UDR,0.539035,0.539035,0.960171,False
AVY,GWW,0.539032,0.539032,0.960175,False
FAST,HUBB,0.539031,0.539031,0.960176,True
AJG,GD,0.539031,0.539031,0.960176,False
PAYC,PAYX,0.539016,0.539016,0.960192,True
CPRT,FAST,0.538994,0.538994,0.960215,True
HWM,TT,0.538989,0.538989,0.960219,True
HD,IQV,0.538987,0.538987,0.960221,False
MGM,VTR,0.538986,0.538986,0.960223,False
C,LYV,0.538983,0.538983,0.960226,False
MDLZ,PPL,0.538976,0.538976,0.960233,False
SWK,TDY,0.538954,0.538954,0.960256,False
AMD,APH,0.538953,0.538953,0.960258,True
KLAC,NTAP,0.538951,0.538951,0.960259,True
SLB,WFC,0.538937,0.538937,0.960274,False
TXT,WYNN,0.538910,0.538910,0.960302,False
MSCI,ZTS,0.538905,0.538905,0.960307,False
HIG,NSC,0.538905,0.538905,0.960308,False
CCL,OKE,0.538903,0.538903,0.960310,False
AME,CB,0.538896,0.538896,0.960317,False
CINF,SYF,0.538889,0.538889,0.960324,True
JPM,TRMB,0.538885,0.538885,0.960328,False
ATO,MDLZ,0.538874,0.538874,0.960339,False
CAT,HST,0.538874,0.538874,0.960340,False
CTSH,RJF,0.538872,0.538872,0.960341,False
ECL,PPL,0.538869,0.538869,0.960345,False
AMP,LYV,0.538868,0.538868,0.960345,False
ACGL,MA,0.538864,0.538864,0.960350,True
NDSN,ON,0.538859,0.538859,0.960355,False
CDW,MSFT,0.538854,0.538854,0.960361,True
ADSK,CDW,0.538847,0.538847,0.960368,True
EXPE,PRU,0.538837,0.538837,0.960378,False
INVH,SRE,0.538804,0.538804,0.960412,False
AFL,KO,0.538803,0.538803,0.960414,False
MAS,ZBRA,0.538801,0.538801,0.960416,False
DHI,LII,0.538801,0.538801,0.960416,False
CSCO,MET,0.538800,0.538800,0.960416,False
BRK-B,DUK,0.538782,0.538782,0.960435,False
FFIV,TEL,0.538781,0.538781,0.960437,True
MTB,PPG,0.538774,0.538774,0.960443,False
AOS,TT,0.538770,0.538770,0.960448,True
WRB,WY,0.538770,0.538770,0.960448,False
MMM,MS,0.538768,0.538768,0.960450,False
CPRT,WY,0.538755,0.538755,0.960464,False
CSX,SYK,0.538746,0.538746,0.960473,False
ETN,VST,0.538741,0.538741,0.960478,False
CMI,GE,0.538737,0.538737,0.960482,True
HCA,SYY,0.538737,0.538737,0.960482,False
AMT,PPL,0.538723,0.538723,0.960497,False
HUBB,LRCX,0.538709,0.538709,0.960511,False
PPL,RTX,0.538705,0.538705,0.960516,False
BLDR,BLK,0.538695,0.538695,0.960526,False
CF,OKE,0.538694,0.538694,0.960527,False
ACN,L,0.538693,0.538693,0.960528,False
APO,GPN,0.538657,0.538657,0.960565,True
BRK-B,DRI,0.538652,0.538652,0.960571,False
PAYX,SWK,0.538652,0.538652,0.960571,True
BBY,WY,0.538640,0.538640,0.960583,False
CSCO,NTAP,0.538633,0.538633,0.960590,True
ESS,MET,0.538626,0.538626,0.960598,False
PNR,REG,0.538622,0.538622,0.960602,False
ARES,PAYX,0.538622,0.538622,0.960602,False
ISRG,TROW,0.538619,0.538619,0.960605,False
APH,BRK-B,0.538615,0.538615,0.960609,False
AXP,DOC,0.538610,0.538610,0.960614,False
AJG,ITW,0.538607,0.538607,0.960617,False
KO,MA,0.538605,0.538605,0.960619,False
GPC,OMC,0.538600,0.538600,0.960625,False
CDW,CPAY,0.538598,0.538598,0.960626,False
BAC,EOG,0.538596,0.538596,0.960629,False
DRI,RTX,0.538590,0.538590,0.960635,False
RTX,WFC,0.538588,0.538588,0.960637,False
CSX,NUE,0.538586,0.538586,0.960639,False
FOX,MET,0.538565,0.538565,0.960661,False
GPC,J,0.538551,0.538551,0.960676,False
CMS,PLD,0.538544,0.538544,0.960683,False
ALLE,GPN,0.538539,0.538539,0.960689,False
NTRS,OMC,0.538536,0.538536,0.960691,False
TFC,VICI,0.538535,0.538535,0.960693,False
AMCR,FTV,0.538534,0.538534,0.960693,False
J,SWK,0.538529,0.538529,0.960699,True
ALL,HON,0.538519,0.538519,0.960709,False
CSX,DTE,0.538510,0.538510,0.960718,False
MGM,RJF,0.538510,0.538510,0.960719,False
MTB,UAL,0.538506,0.538506,0.960723,False
KMI,USB,0.538502,0.538502,0.960727,False
EXPD,NSC,0.538495,0.538495,0.960734,True
TDY,TT,0.538486,0.538486,0.960744,False
FCX,XOM,0.538485,0.538485,0.960745,False
BRK-B,MSI,0.538478,0.538478,0.960752,False
ARES,ROK,0.538476,0.538476,0.960753,False
GRMN,IEX,0.538458,0.538458,0.960772,False
DELL,LRCX,0.538457,0.538457,0.960774,True
ICE,MCD,0.538453,0.538453,0.960778,False
GM,SNA,0.538447,0.538447,0.960784,False
HLT,RTX,0.538436,0.538436,0.960795,False
SYK,ZTS,0.538414,0.538414,0.960819,True
HUBB,KLAC,0.538408,0.538408,0.960825,False
CPB,MDLZ,0.538407,0.538407,0.960826,True
CDW,PPG,0.538406,0.538406,0.960826,False
ADP,SNA,0.538402,0.538402,0.960831,True
BR,FTV,0.538397,0.538397,0.960836,True
CSX,GPN,0.538389,0.538389,0.960844,False
KKR,XYL,0.538389,0.538389,0.960844,False
C,SYK,0.538382,0.538382,0.960852,False
OMC,WY,0.538375,0.538375,0.960859,False
BLDR,VMC,0.538371,0.538371,0.960863,False
JBL,MAR,0.538367,0.538367,0.960867,False
CDW,TER,0.538363,0.538363,0.960872,True
APA,MET,0.538354,0.538354,0.960881,False
QCOM,TROW,0.538349,0.538349,0.960886,False
CL,EVRG,0.538342,0.538342,0.960893,False
BKNG,BRK-B,0.538338,0.538338,0.960897,False
COF,DE,0.538327,0.538327,0.960909,False
CVX,FRT,0.538323,0.538323,0.960913,False
ADP,REG,0.538321,0.538321,0.960915,False
TXN,XYL,0.538300,0.538300,0.960938,False
AVY,STT,0.538283,0.538283,0.960954,False
HBAN,ROK,0.538264,0.538264,0.960975,False
CDW,CFG,0.538257,0.538257,0.960982,False
BAC,MCO,0.538245,0.538245,0.960995,True
FITB,HD,0.538234,0.538234,0.961006,False
L,RCL,0.538232,0.538232,0.961008,False
BEN,CPAY,0.538231,0.538231,0.961009,True
BR,RSG,0.538228,0.538228,0.961012,True
GLW,MPWR,0.538217,0.538217,0.961023,True
ITW,RSG,0.538213,0.538213,0.961027,True
DHR,LH,0.538170,0.538170,0.961072,True
MPWR,WDC,0.538165,0.538165,0.961078,True
CCI,NI,0.538161,0.538161,0.961081,False
MCHP,SNPS,0.538161,0.538161,0.961082,True
AIG,NDSN,0.538150,0.538150,0.961093,False
AXP,NUE,0.538143,0.538143,0.961100,False
HWM,KKR,0.538143,0.538143,0.961101,False
ETN,RTX,0.538134,0.538134,0.961109,True
DVN,PNC,0.538132,0.538132,0.961112,False
C,WRB,0.538128,0.538128,0.961116,True
FOXA,PSKY,0.538126,0.538126,0.961118,True
ODFL,UNP,0.538124,0.538124,0.961120,True
ACN,WDAY,0.538105,0.538105,0.961140,True
USB,V,0.538091,0.538091,0.961154,True
DVN,JPM,0.538089,0.538089,0.961156,False
BRK-B,MDLZ,0.538087,0.538087,0.961158,False
DIS,MAR,0.538052,0.538052,0.961195,False
DOV,YUM,0.538047,0.538047,0.961200,False
MAR,WFC,0.538044,0.538044,0.961203,False
GLW,RL,0.538033,0.538033,0.961214,False
BLDR,TT,0.538032,0.538032,0.961216,True
ECL,GS,0.538030,0.538030,0.961218,False
APO,SCHW,0.538029,0.538029,0.961219,True
DUK,L,0.538027,0.538027,0.961221,False
NTAP,TROW,0.538022,0.538022,0.961226,False
APH,CPAY,0.538014,0.538014,0.961234,False
STT,TPR,0.538009,0.538009,0.961240,False
DOC,PNC,0.538004,0.538004,0.961245,False
CB,CTAS,0.537997,0.537997,0.961252,False
PYPL,TROW,0.537994,0.537994,0.961255,True
ADP,PPL,0.537991,0.537991,0.961258,False
MCO,TRMB,0.537980,0.537980,0.961270,False
NTRS,PAYX,0.537976,0.537976,0.961274,False
DOW,PNR,0.537967,0.537967,0.961283,False
BKNG,EMR,0.537949,0.537949,0.961302,False
HPQ,SWKS,0.537927,0.537927,0.961325,True
EME,XYL,0.537907,0.537907,0.961346,True
BX,TT,0.537906,0.537906,0.961347,False
CTAS,SHW,0.537896,0.537896,0.961357,False
CPB,HRL,0.537890,0.537890,0.961364,True
EXPE,TDG,0.537880,0.537880,0.961374,False
KIM,OMC,0.537877,0.537877,0.961377,False
DLR,INVH,0.537872,0.537872,0.961382,True
APD,AVY,0.537864,0.537864,0.961391,True
FICO,NOW,0.537858,0.537858,0.961397,True
GPN,SBUX,0.537856,0.537856,0.961399,False
CRH,IQV,0.537854,0.537854,0.961401,False
CL,RSG,0.537852,0.537852,0.961403,False
ADI,BRK-B,0.537851,0.537851,0.961404,False
CINF,WY,0.537845,0.537845,0.961410,False
NI,PSA,0.537842,0.537842,0.961413,False
CPRT,ETN,0.537835,0.537835,0.961420,True
CDW,MAS,0.537832,0.537832,0.961424,False
BKNG,CRH,0.537819,0.537819,0.961437,False
FDX,SWK,0.537817,0.537817,0.961440,True
ITW,UDR,0.537812,0.537812,0.961445,False
IBM,MS,0.537801,0.537801,0.961457,False
ECL,JCI,0.537798,0.537798,0.961459,False
GLW,HPQ,0.537795,0.537795,0.961462,True
BSX,EW,0.537789,0.537789,0.961468,True
IR,SPG,0.537783,0.537783,0.961475,False
MSFT,TER,0.537773,0.537773,0.961485,True
JCI,MCO,0.537771,0.537771,0.961487,False
ETN,WDC,0.537771,0.537771,0.961487,False
AMP,GRMN,0.537763,0.537763,0.961495,False
PAYX,TFC,0.537759,0.537759,0.961500,False
DHR,IDXX,0.537752,0.537752,0.961507,True
EG,FITB,0.537751,0.537751,0.961508,True
BAC,WMB,0.537751,0.537751,0.961509,False
ALLE,STT,0.537749,0.537749,0.961511,False
CTAS,PLD,0.537746,0.537746,0.961514,False
HBAN,TDG,0.537732,0.537732,0.961528,False
AIG,KKR,0.537722,0.537722,0.961539,True
AFL,PNW,0.537714,0.537714,0.961546,False
LEN,TEL,0.537711,0.537711,0.961549,False
GE,KEY,0.537706,0.537706,0.961555,False
CTAS,FDS,0.537705,0.537705,0.961556,False
BLK,EXPD,0.537696,0.537696,0.961565,False
ITW,MDT,0.537690,0.537690,0.961572,False
IQV,MCHP,0.537685,0.537685,0.961576,False
PNW,WM,0.537658,0.537658,0.961605,False
FTV,TPR,0.537657,0.537657,0.961606,False
ARES,TT,0.537655,0.537655,0.961608,False
AXP,XOM,0.537652,0.537652,0.961611,False
GLW,MA,0.537650,0.537650,0.961613,False
FITB,LOW,0.537649,0.537649,0.961614,False
EVRG,WM,0.537649,0.537649,0.961615,False
ADP,AIG,0.537640,0.537640,0.961623,False
CAT,MMM,0.537634,0.537634,0.961630,True
BR,JKHY,0.537627,0.537627,0.961637,False
ADP,LOW,0.537621,0.537621,0.961643,False
DAL,ITW,0.537614,0.537614,0.961650,True
BEN,HST,0.537609,0.537609,0.961656,False
FAST,GPC,0.537598,0.537598,0.961667,False
ECL,J,0.537598,0.537598,0.961667,False
DOV,LEN,0.537594,0.537594,0.961672,False
MLM,TROW,0.537589,0.537589,0.961676,False
AAPL,NDSN,0.537582,0.537582,0.961684,False
CNP,WRB,0.537577,0.537577,0.961689,False
TFC,XOM,0.537577,0.537577,0.961690,False
CPAY,RCL,0.537568,0.537568,0.961698,False
PPL,TRV,0.537563,0.537563,0.961703,False
ARE,BLK,0.537561,0.537561,0.961706,False
BLDR,TROW,0.537543,0.537543,0.961724,False
ECL,REG,0.537536,0.537536,0.961732,False
ACGL,KEY,0.537529,0.537529,0.961739,True
CBRE,INVH,0.537528,0.537528,0.961740,True
ACN,ZTS,0.537522,0.537522,0.961747,False
IP,NUE,0.537512,0.537512,0.961756,True
MSCI,PYPL,0.537503,0.537503,0.961766,True
SYK,TROW,0.537502,0.537502,0.961767,False
CI,CVS,0.537476,0.537476,0.961794,True
ROK,TFC,0.537472,0.537472,0.961798,False
COF,J,0.537449,0.537449,0.961822,False
BKNG,DOV,0.537445,0.537445,0.961826,False
SPGI,STE,0.537441,0.537441,0.961830,False
MAR,ON,0.537439,0.537439,0.961832,False
ADM,PRU,0.537423,0.537423,0.961850,False
AFL,UAL,0.537414,0.537414,0.961859,False
QCOM,SNPS,0.537409,0.537409,0.961864,True
ALLE,ESS,0.537399,0.537399,0.961874,False
BX,JBL,0.537388,0.537388,0.961886,False
MCO,PAYC,0.537386,0.537386,0.961888,False
EMR,F,0.537378,0.537378,0.961896,False
ACN,KEYS,0.537376,0.537376,0.961898,True
HLT,JBL,0.537371,0.537371,0.961903,False
AJG,VICI,0.537356,0.537356,0.961919,False
FOX,PSKY,0.537352,0.537352,0.961923,True
ACN,PFG,0.537347,0.537347,0.961928,False
F,KEY,0.537343,0.537343,0.961933,False
SWKS,WDC,0.537332,0.537332,0.961944,True
HST,SLB,0.537320,0.537320,0.961956,False
PCAR,WY,0.537320,0.537320,0.961957,False
FAST,UNP,0.537314,0.537314,0.961963,True
DOC,MDT,0.537313,0.537313,0.961963,False
HON,UHS,0.537312,0.537312,0.961965,False
NXPI,TDY,0.537309,0.537309,0.961968,True
AVY,JCI,0.537299,0.537299,0.961978,False
ARE,NI,0.537298,0.537298,0.961979,False
IVZ,PAYX,0.537297,0.537297,0.961980,False
NXPI,TDG,0.537292,0.537292,0.961986,False
ITW,TRMB,0.537289,0.537289,0.961988,False
AVGO,KKR,0.537285,0.537285,0.961993,False
PPG,TDG,0.537274,0.537274,0.962005,False
EG,USB,0.537272,0.537272,0.962006,True
DELL,WDC,0.537253,0.537253,0.962026,True
MDLZ,PNW,0.537239,0.537239,0.962040,False
HON,RCL,0.537231,0.537231,0.962049,False
GPN,IVZ,0.537230,0.537230,0.962049,True
APTV,OKE,0.537226,0.537226,0.962054,False
MAS,MS,0.537202,0.537202,0.962079,False
COO,MCO,0.537174,0.537174,0.962108,False
FITB,LIN,0.537173,0.537173,0.962109,False
PWR,ROK,0.537161,0.537161,0.962122,True
APO,JBL,0.537155,0.537155,0.962128,False
DOV,SBUX,0.537152,0.537152,0.962131,False
GM,TPR,0.537151,0.537151,0.962132,True
IP,TEL,0.537144,0.537144,0.962139,False
DRI,V,0.537143,0.537143,0.962140,False
PNR,SYK,0.537123,0.537123,0.962161,False
DHI,NDSN,0.537110,0.537110,0.962174,False
ALL,BRO,0.537104,0.537104,0.962181,True
PLD,XYL,0.537104,0.537104,0.962181,False
CDW,NSC,0.537097,0.537097,0.962188,False
BSX,SPGI,0.537091,0.537091,0.962194,False
BLDR,CPRT,0.537080,0.537080,0.962206,True
APTV,VICI,0.537076,0.537076,0.962210,False
NXPI,RF,0.537069,0.537069,0.962217,False
RCL,TFC,0.537066,0.537066,0.962220,False
CPAY,XYL,0.537061,0.537061,0.962226,False
BLDR,PRU,0.537060,0.537060,0.962227,False
DRI,URI,0.537055,0.537055,0.962231,False
MAA,MDT,0.537053,0.537053,0.962234,False
FTV,MTD,0.537038,0.537038,0.962249,False
CDW,TT,0.537036,0.537036,0.962252,False
AME,APD,0.537023,0.537023,0.962265,False
MA,REG,0.537022,0.537022,0.962266,False
MSFT,PYPL,0.537021,0.537021,0.962267,False
AXP,HPQ,0.537020,0.537020,0.962268,False
BAC,IBKR,0.537010,0.537010,0.962278,True
LIN,MSFT,0.536997,0.536997,0.962292,False
BLK,MMM,0.536995,0.536995,0.962294,False
APH,CPRT,0.536974,0.536974,0.962315,False
CPAY,MDT,0.536971,0.536971,0.962319,False
AME,ODFL,0.536960,0.536960,0.962330,True
CMI,STLD,0.536955,0.536955,0.962336,False
AXP,BLDR,0.536954,0.536954,0.962336,False
CDW,SYK,0.536954,0.536954,0.962337,False
EXR,O,0.536945,0.536945,0.962346,True
CTAS,GPN,0.536945,0.536945,0.962346,False
MTD,ZTS,0.536939,0.536939,0.962352,True
AAPL,AMD,0.536928,0.536928,0.962363,True
CB,KO,0.536927,0.536927,0.962365,False
DAL,EMR,0.536925,0.536925,0.962367,True
LIN,SNA,0.536917,0.536917,0.962376,False
ECL,SNA,0.536915,0.536915,0.962377,False
HD,MS,0.536909,0.536909,0.962384,False
FRT,LYV,0.536908,0.536908,0.962384,False
BRK-B,DAL,0.536894,0.536894,0.962399,False
TXT,V,0.536892,0.536892,0.962401,False
LYV,PH,0.536885,0.536885,0.962408,False
RTX,TRV,0.536879,0.536879,0.962414,False
ICE,INVH,0.536873,0.536873,0.962421,False
SO,WRB,0.536867,0.536867,0.962427,False
BLK,NWS,0.536865,0.536865,0.962429,False
PAYX,USB,0.536864,0.536864,0.962430,False
CTAS,SWK,0.536863,0.536863,0.962431,True
CAT,PPG,0.536854,0.536854,0.962441,False
BLK,PHM,0.536822,0.536822,0.962474,False
CAT,CDW,0.536820,0.536820,0.962476,False
GWW,J,0.536818,0.536818,0.962478,True
A,ZBRA,0.536814,0.536814,0.962482,False
AIG,PCAR,0.536809,0.536809,0.962487,False
J,NUE,0.536801,0.536801,0.962495,False
ISRG,LRCX,0.536782,0.536782,0.962515,False
DUK,JNJ,0.536782,0.536782,0.962515,False
KEY,XOM,0.536777,0.536777,0.962520,False
FITB,NXPI,0.536775,0.536775,0.962523,False
MSCI,TEL,0.536767,0.536767,0.962531,False
GE,ITW,0.536765,0.536765,0.962533,True
CSX,STLD,0.536764,0.536764,0.962534,False
BXP,TEL,0.536763,0.536763,0.962535,False
HST,MLM,0.536748,0.536748,0.962551,False
AXP,O,0.536745,0.536745,0.962554,False
ALLE,HBAN,0.536742,0.536742,0.962557,False
FRT,GPN,0.536734,0.536734,0.962565,False
D,INVH,0.536732,0.536732,0.962567,False
DOV,LH,0.536732,0.536732,0.962568,False
AVY,FRT,0.536710,0.536710,0.962590,False
O,PHM,0.536706,0.536706,0.962594,False
NTRS,V,0.536698,0.536698,0.962603,True
LIN,NDAQ,0.536692,0.536692,0.962609,False
NI,WRB,0.536692,0.536692,0.962609,False
L,TT,0.536689,0.536689,0.962612,False
ECL,TXT,0.536684,0.536684,0.962617,False
C,FOX,0.536657,0.536657,0.962645,False
BLK,QCOM,0.536652,0.536652,0.962650,False
FITB,FOX,0.536643,0.536643,0.962660,False
NXPI,WY,0.536640,0.536640,0.962663,False
HPQ,PPG,0.536637,0.536637,0.962667,False
GS,LRCX,0.536634,0.536634,0.962669,False
AFL,DOW,0.536622,0.536622,0.962681,False
FTV,IP,0.536620,0.536620,0.962684,False
DVN,STLD,0.536616,0.536616,0.962688,False
AXP,CPRT,0.536606,0.536606,0.962698,False
AJG,AME,0.536590,0.536590,0.962714,False
KKR,PWR,0.536589,0.536589,0.962716,False
CPT,LH,0.536569,0.536569,0.962736,False
CTSH,GS,0.536565,0.536565,0.962740,False
CPRT,PH,0.536564,0.536564,0.962742,True
ALLE,DD,0.536557,0.536557,0.962750,False
AMP,CPT,0.536547,0.536547,0.962760,False
HUBB,WFC,0.536545,0.536545,0.962762,False
A,PLD,0.536534,0.536534,0.962773,False
ACN,WY,0.536528,0.536528,0.962779,False
HIG,HST,0.536524,0.536524,0.962783,False
AMCR,XYL,0.536523,0.536523,0.962784,False
CPT,WM,0.536515,0.536515,0.962793,False
ACGL,CBRE,0.536490,0.536490,0.962819,False
MSI,V,0.536485,0.536485,0.962824,False
GS,NCLH,0.536465,0.536465,0.962845,False
DD,HAL,0.536463,0.536463,0.962847,False
CTAS,MAR,0.536461,0.536461,0.962849,False
BX,POOL,0.536456,0.536456,0.962854,False
DAL,JBL,0.536454,0.536454,0.962856,False
HWM,TJX,0.536454,0.536454,0.962857,False
ADBE,SPGI,0.536450,0.536450,0.962861,False
AJG,CNP,0.536443,0.536443,0.962867,False
MA,MGM,0.536439,0.536439,0.962871,False
EXPD,IEX,0.536439,0.536439,0.962872,True
CPAY,DAL,0.536437,0.536437,0.962874,False
TJX,UDR,0.536434,0.536434,0.962877,False
DE,TFC,0.536429,0.536429,0.962883,False
GM,JCI,0.536428,0.536428,0.962883,False
AWK,EIX,0.536423,0.536423,0.962888,True
HIG,MGM,0.536421,0.536421,0.962891,False
FTV,KLAC,0.536413,0.536413,0.962899,False
COP,SYF,0.536408,0.536408,0.962904,False
AAPL,NOW,0.536406,0.536406,0.962906,True
SWK,WFC,0.536404,0.536404,0.962908,False
GPN,KEY,0.536404,0.536404,0.962909,True
AFL,ROST,0.536400,0.536400,0.962913,False
ALL,AXP,0.536398,0.536398,0.962914,True
MTB,RTX,0.536379,0.536379,0.962935,False
BX,ODFL,0.536374,0.536374,0.962939,False
IVZ,TRMB,0.536371,0.536371,0.962942,False
FITB,MDT,0.536370,0.536370,0.962943,False
CVX,WY,0.536370,0.536370,0.962943,False
HPQ,MS,0.536344,0.536344,0.962970,False
ARES,V,0.536341,0.536341,0.962973,True
CBRE,ROK,0.536340,0.536340,0.962974,False
CRH,ECL,0.536339,0.536339,0.962976,True
GE,RCL,0.536339,0.536339,0.962976,False
APH,PAYX,0.536336,0.536336,0.962978,False
AME,ICE,0.536329,0.536329,0.962986,False
HIG,URI,0.536328,0.536328,0.962987,False
ED,RSG,0.536320,0.536320,0.962995,False
BSX,UHS,0.536309,0.536309,0.963006,True
MAA,VRSK,0.536306,0.536306,0.963009,False
SCHW,TROW,0.536301,0.536301,0.963015,True
CPRT,FTV,0.536291,0.536291,0.963025,True
PNC,RCL,0.536290,0.536290,0.963026,False
NUE,PCAR,0.536271,0.536271,0.963047,False
HLT,TPR,0.536267,0.536267,0.963051,True
PLD,SRE,0.536256,0.536256,0.963062,False
HWM,VMC,0.536246,0.536246,0.963072,False
MLM,WFC,0.536245,0.536245,0.963073,False
APTV,CMI,0.536244,0.536244,0.963074,False
ITW,YUM,0.536243,0.536243,0.963076,False
IEX,MCHP,0.536225,0.536225,0.963094,False
APTV,HIG,0.536221,0.536221,0.963098,False
MSCI,PLD,0.536212,0.536212,0.963107,False
SPG,SYK,0.536212,0.536212,0.963107,False
MCHP,MCO,0.536211,0.536211,0.963109,False
ITW,NVR,0.536209,0.536209,0.963111,False
EVRG,PG,0.536200,0.536200,0.963120,False
EXC,PG,0.536192,0.536192,0.963129,False
CTAS,GPC,0.536187,0.536187,0.963133,False
AXP,GPC,0.536186,0.536186,0.963134,False
ARES,CMI,0.536176,0.536176,0.963145,False
ACN,IBM,0.536174,0.536174,0.963147,True
PRU,ROST,0.536171,0.536171,0.963150,False
HWM,LYB,0.536164,0.536164,0.963157,False
ADSK,BR,0.536164,0.536164,0.963157,False
MSI,SPGI,0.536162,0.536162,0.963160,False
CTAS,HLT,0.536155,0.536155,0.963167,False
MTD,SWKS,0.536152,0.536152,0.963170,False
MCHP,PPG,0.536152,0.536152,0.963170,False
RTX,VICI,0.536150,0.536150,0.963171,False
SRE,WELL,0.536146,0.536146,0.963176,False
HUBB,TDG,0.536145,0.536145,0.963177,True
DD,TPR,0.536143,0.536143,0.963179,False
AME,IP,0.536142,0.536142,0.963180,False
ADBE,MPWR,0.536137,0.536137,0.963185,True
L,VTR,0.536129,0.536129,0.963194,False
CTAS,STT,0.536127,0.536127,0.963195,False
GD,KO,0.536109,0.536109,0.963215,False
EME,GLW,0.536108,0.536108,0.963216,False
SHW,V,0.536096,0.536096,0.963228,False
JCI,SPG,0.536095,0.536095,0.963228,False
BKR,CAT,0.536085,0.536085,0.963240,False
KEY,WRB,0.536084,0.536084,0.963241,True
DTE,PNC,0.536081,0.536081,0.963243,False
LII,POOL,0.536079,0.536079,0.963246,False
GS,PWR,0.536074,0.536074,0.963251,False
EFX,PLD,0.536068,0.536068,0.963257,False
L,TAP,0.536059,0.536059,0.963266,False
CTAS,VTR,0.536055,0.536055,0.963271,False
NVDA,TEL,0.536052,0.536052,0.963273,True
L,VICI,0.536051,0.536051,0.963274,False
ISRG,NDAQ,0.536049,0.536049,0.963277,False
ABT,ZTS,0.536037,0.536037,0.963289,True
CL,D,0.536033,0.536033,0.963293,False
JCI,NXPI,0.536031,0.536031,0.963295,False
LYB,SYY,0.536028,0.536028,0.963298,False
IDXX,MTD,0.536021,0.536021,0.963306,True
KO,MDT,0.536017,0.536017,0.963310,False
MAR,MLM,0.536014,0.536014,0.963313,False
EFX,VRSK,0.536013,0.536013,0.963314,True
CTSH,PPG,0.536013,0.536013,0.963314,False
HWM,LUV,0.536002,0.536002,0.963326,True
BKR,TXT,0.535989,0.535989,0.963339,False
CB,CME,0.535988,0.535988,0.963340,True
FCX,IVZ,0.535977,0.535977,0.963352,False
MDT,WY,0.535974,0.535974,0.963354,False
AJG,PPL,0.535973,0.535973,0.963356,False
DRI,WAB,0.535965,0.535965,0.963364,False
ADI,GOOG,0.535960,0.535960,0.963369,False
GPN,MGM,0.535957,0.535957,0.963372,False
HIG,UNP,0.535957,0.535957,0.963373,False
TXT,VICI,0.535956,0.535956,0.963373,False
ALLE,CPRT,0.535953,0.535953,0.963376,True
BKNG,BLK,0.535950,0.535950,0.963380,False
DIS,HLT,0.535946,0.535946,0.963384,False
DVN,PH,0.535945,0.535945,0.963385,False
LII,NVR,0.535942,0.535942,0.963387,False
AME,SWKS,0.535930,0.535930,0.963400,False
CSCO,HON,0.535918,0.535918,0.963412,False
FANG,MOS,0.535916,0.535916,0.963415,False
ADP,APH,0.535913,0.535913,0.963418,False
CPRT,ISRG,0.535910,0.535910,0.963421,False
CPRT,MSCI,0.535890,0.535890,0.963442,False
HAL,HWM,0.535886,0.535886,0.963446,False
APH,MSI,0.535876,0.535876,0.963456,True
ADI,NSC,0.535874,0.535874,0.963458,False
MSCI,SHW,0.535874,0.535874,0.963459,False
CVX,SPG,0.535869,0.535869,0.963464,False
MTD,TXN,0.535868,0.535868,0.963464,False
COF,GPC,0.535866,0.535866,0.963467,False
J,TFC,0.535854,0.535854,0.963479,False
CPT,FITB,0.535851,0.535851,0.963482,False
BX,SWKS,0.535833,0.535833,0.963501,False
AME,SYY,0.535828,0.535828,0.963506,False
AMD,SNPS,0.535828,0.535828,0.963506,True
SPG,VLO,0.535826,0.535826,0.963508,False
MGM,NTRS,0.535818,0.535818,0.963517,False
FANG,LYB,0.535797,0.535797,0.963538,False
DIS,URI,0.535795,0.535795,0.963541,False
MA,TXN,0.535789,0.535789,0.963547,False
PKG,STT,0.535787,0.535787,0.963549,False
MAS,PFG,0.535785,0.535785,0.963550,False
ECL,GPC,0.535784,0.535784,0.963551,False
MAR,WY,0.535784,0.535784,0.963552,False
ALLE,KKR,0.535784,0.535784,0.963552,False
UHS,WAB,0.535780,0.535780,0.963556,False
CL,MKC,0.535776,0.535776,0.963560,True
FFIV,MCHP,0.535768,0.535768,0.963569,True
HBAN,TJX,0.535764,0.535764,0.963573,False
JBL,NVDA,0.535756,0.535756,0.963581,True
FIX,GLW,0.535750,0.535750,0.963587,False
HD,VRSK,0.535733,0.535733,0.963605,False
AJG,VRSN,0.535732,0.535732,0.963606,False
BLK,GM,0.535720,0.535720,0.963618,False
AME,JBHT,0.535719,0.535719,0.963619,True
AMP,MMM,0.535711,0.535711,0.963627,False
EXPE,FITB,0.535710,0.535710,0.963629,False
BX,NOW,0.535693,0.535693,0.963646,False
AFL,VMC,0.535692,0.535692,0.963648,False
AMP,NCLH,0.535683,0.535683,0.963657,False
AMP,RSG,0.535670,0.535670,0.963670,False
BLDR,ETN,0.535658,0.535658,0.963682,True
RSG,WEC,0.535657,0.535657,0.963683,False
BX,GRMN,0.535652,0.535652,0.963688,False
WY,YUM,0.535652,0.535652,0.963689,False
ACN,MET,0.535646,0.535646,0.963695,False
EFX,PAYX,0.535636,0.535636,0.963705,True
DTE,RTX,0.535634,0.535634,0.963708,False
CPAY,HWM,0.535630,0.535630,0.963711,False
PAYX,ZTS,0.535622,0.535622,0.963720,False
F,WAB,0.535616,0.535616,0.963726,False
NDAQ,WY,0.535614,0.535614,0.963729,False
RJF,TRV,0.535609,0.535609,0.963734,True
CI,HUM,0.535602,0.535602,0.963741,True
IBKR,MET,0.535597,0.535597,0.963746,True
BRO,MSI,0.535592,0.535592,0.963751,False
TDY,UHS,0.535588,0.535588,0.963755,False
NI,WM,0.535582,0.535582,0.963761,False
FTV,NWS,0.535553,0.535553,0.963791,False
PPG,TPR,0.535547,0.535547,0.963797,False
EG,TFC,0.535543,0.535543,0.963802,True
CTSH,NTRS,0.535528,0.535528,0.963817,False
AMP,ISRG,0.535495,0.535495,0.963852,False
MTB,STLD,0.535494,0.535494,0.963852,False
HWM,PNR,0.535490,0.535490,0.963857,True
LH,LOW,0.535481,0.535481,0.963866,False
ECL,IEX,0.535479,0.535479,0.963868,False
DVN,GS,0.535475,0.535475,0.963873,False
MCO,MLM,0.535466,0.535466,0.963882,False
AMP,INVH,0.535455,0.535455,0.963893,False
ECL,FITB,0.535455,0.535455,0.963893,False
TEL,TJX,0.535447,0.535447,0.963901,False
J,WFC,0.535433,0.535433,0.963916,False
NDAQ,PNR,0.535432,0.535432,0.963917,False
AMAT,URI,0.535431,0.535431,0.963919,False
APTV,MPWR,0.535424,0.535424,0.963926,False
DD,TXN,0.535422,0.535422,0.963927,False
APH,MTD,0.535422,0.535422,0.963928,False
PLD,PPL,0.535421,0.535421,0.963928,False
BLK,NKE,0.535415,0.535415,0.963934,False
EXC,TRV,0.535404,0.535404,0.963946,False
GWW,RJF,0.535401,0.535401,0.963949,False
MTB,UDR,0.535380,0.535380,0.963971,False
BKNG,BX,0.535362,0.535362,0.963989,False
TRV,WELL,0.535361,0.535361,0.963991,False
ADI,HON,0.535350,0.535350,0.964002,False
C,VTR,0.535327,0.535327,0.964026,False
ON,ROK,0.535303,0.535303,0.964050,False
CFG,VICI,0.535301,0.535301,0.964053,False
CSGP,MCO,0.535297,0.535297,0.964057,False
MAS,TXT,0.535294,0.535294,0.964060,True
CTSH,ECL,0.535284,0.535284,0.964071,False
RTX,TJX,0.535278,0.535278,0.964076,False
KEYS,ROK,0.535274,0.535274,0.964081,False
DOC,PNR,0.535271,0.535271,0.964085,False
ICE,SYK,0.535265,0.535265,0.964090,False
JPM,SYK,0.535258,0.535258,0.964098,False
BLK,GE,0.535246,0.535246,0.964110,False
AIZ,USB,0.535237,0.535237,0.964119,True
BBY,PHM,0.535235,0.535235,0.964121,True
AES,PEG,0.535231,0.535231,0.964126,True
PAYX,PPG,0.535229,0.535229,0.964128,False
ACN,EFX,0.535218,0.535218,0.964139,False
IEX,ODFL,0.535206,0.535206,0.964152,True
HWM,NCLH,0.535195,0.535195,0.964163,False
IEX,PKG,0.535186,0.535186,0.964172,False
RTX,XOM,0.535182,0.535182,0.964176,False
URI,WYNN,0.535176,0.535176,0.964183,False
BLK,TPR,0.535175,0.535175,0.964184,False
CPRT,XYL,0.535174,0.535174,0.964185,True
GM,NDSN,0.535169,0.535169,0.964190,False
MGM,NDSN,0.535165,0.535165,0.964194,False
MA,RTX,0.535160,0.535160,0.964199,False
BA,IVZ,0.535147,0.535147,0.964212,False
DOV,MPC,0.535142,0.535142,0.964218,False
DOV,UAL,0.535133,0.535133,0.964227,True
CSX,SHW,0.535126,0.535126,0.964235,False
AMP,WMB,0.535119,0.535119,0.964242,False
APD,PRU,0.535118,0.535118,0.964243,False
CCL,IVZ,0.535104,0.535104,0.964257,False
ESS,HON,0.535091,0.535091,0.964271,False
BAC,GWW,0.535083,0.535083,0.964279,False
NWS,PNR,0.535072,0.535072,0.964290,False
ADP,EFX,0.535066,0.535066,0.964297,True
ROP,TEL,0.535054,0.535054,0.964310,True
CTAS,ROST,0.535052,0.535052,0.964311,False
BRK-B,VMC,0.535029,0.535029,0.964335,False
AMCR,IP,0.535021,0.535021,0.964343,True
CTAS,TRV,0.535020,0.535020,0.964344,False
MCD,PPL,0.535008,0.535008,0.964357,False
LIN,TJX,0.535007,0.535007,0.964357,False
AMCR,CSX,0.535007,0.535007,0.964358,False
HD,MA,0.535002,0.535002,0.964363,False
BKNG,PNC,0.535000,0.535000,0.964366,False
COF,VTR,0.534993,0.534993,0.964372,False
CBRE,IQV,0.534988,0.534988,0.964378,False
CNP,DOV,0.534979,0.534979,0.964386,False
DD,SLB,0.534976,0.534976,0.964390,False
INTU,ZBRA,0.534972,0.534972,0.964394,True
AVY,GS,0.534968,0.534968,0.964398,False
CB,WTW,0.534958,0.534958,0.964409,True
FTV,HPQ,0.534956,0.534956,0.964411,False
CPAY,CRH,0.534953,0.534953,0.964414,False
CNP,MCD,0.534952,0.534952,0.964415,False
DOV,IBM,0.534935,0.534935,0.964432,False
ABT,MDT,0.534925,0.534925,0.964443,True
MCO,O,0.534922,0.534922,0.964446,False
CSX,HWM,0.534920,0.534920,0.964448,True
AFL,EXC,0.534919,0.534919,0.964449,False
EMR,RL,0.534914,0.534914,0.964455,False
HD,PNC,0.534906,0.534906,0.964462,False
AOS,TEL,0.534906,0.534906,0.964462,False
HD,TT,0.534906,0.534906,0.964462,False
MCD,SBUX,0.534890,0.534890,0.964479,True
CCI,PNW,0.534880,0.534880,0.964489,False
TXN,URI,0.534869,0.534869,0.964501,False
LIN,WAB,0.534862,0.534862,0.964508,False
MA,PYPL,0.534847,0.534847,0.964524,True
AJG,MET,0.534837,0.534837,0.964534,True
GS,MMM,0.534826,0.534826,0.964545,False
IVZ,UAL,0.534816,0.534816,0.964556,False
ESS,SYY,0.534810,0.534810,0.964562,False
STT,WRB,0.534809,0.534809,0.964563,True
FRT,URI,0.534803,0.534803,0.964569,False
LII,MLM,0.534798,0.534798,0.964574,False
AME,HPQ,0.534797,0.534797,0.964575,False
HPQ,NDSN,0.534795,0.534795,0.964577,False
KLAC,NOW,0.534783,0.534783,0.964590,True
NDSN,PKG,0.534772,0.534772,0.964601,False
CB,DOV,0.534751,0.534751,0.964623,False
SNA,TDY,0.534751,0.534751,0.964623,False
AIG,WYNN,0.534745,0.534745,0.964630,False
EME,HPE,0.534744,0.534744,0.964631,False
LEN,POOL,0.534736,0.534736,0.964639,True
CFG,TJX,0.534734,0.534734,0.964641,False
AFL,MCO,0.534733,0.534733,0.964642,True
AIG,CPAY,0.534725,0.534725,0.964650,True
ALLE,PLD,0.534724,0.534724,0.964652,False
SYY,WFC,0.534719,0.534719,0.964656,False
FIX,TEL,0.534716,0.534716,0.964659,False
PNC,UHS,0.534713,0.534713,0.964663,False
AIZ,C,0.534708,0.534708,0.964668,True
HLT,WFC,0.534705,0.534705,0.964671,False
TDG,TT,0.534689,0.534689,0.964687,True
AAPL,KEYS,0.534685,0.534685,0.964691,True
JBHT,PNR,0.534683,0.534683,0.964694,True
NWS,TFC,0.534682,0.534682,0.964695,False
TJX,VMC,0.534681,0.534681,0.964696,False
CRL,WAT,0.534673,0.534673,0.964704,True
ISRG,PAYX,0.534668,0.534668,0.964709,False
HIG,SNA,0.534661,0.534661,0.964717,False
APTV,VMC,0.534657,0.534657,0.964721,False
LUV,PNC,0.534649,0.534649,0.964729,False
AMAT,NTAP,0.534648,0.534648,0.964730,True
AME,MGM,0.534635,0.534635,0.964744,False
AEP,WM,0.534633,0.534633,0.964745,False
MCHP,WAB,0.534630,0.534630,0.964748,False
DD,JBL,0.534623,0.534623,0.964756,False
FTV,REG,0.534615,0.534615,0.964764,False
PLD,SWK,0.534612,0.534612,0.964768,False
HBAN,NDSN,0.534607,0.534607,0.964773,False
BA,HBAN,0.534599,0.534599,0.964781,False
BKNG,WFC,0.534593,0.534593,0.964787,False
DTE,MET,0.534578,0.534578,0.964803,False
MS,ON,0.534560,0.534560,0.964821,False
F,PPG,0.534545,0.534545,0.964837,False
AMT,PNW,0.534542,0.534542,0.964840,False
DIS,STT,0.534537,0.534537,0.964845,False
AJG,DOV,0.534533,0.534533,0.964849,False
AFL,DD,0.534532,0.534532,0.964850,False
GPC,MLM,0.534527,0.534527,0.964856,False
MCO,MDT,0.534525,0.534525,0.964857,False
UNP,WFC,0.534507,0.534507,0.964877,False
ADP,FRT,0.534505,0.534505,0.964879,False
LIN,WRB,0.534500,0.534500,0.964883,False
MCO,NTRS,0.534489,0.534489,0.964895,True
APA,RF,0.534485,0.534485,0.964899,False
CPAY,ECL,0.534484,0.534484,0.964900,False
BR,IQV,0.534470,0.534470,0.964914,False
DIS,USB,0.534466,0.534466,0.964919,False
NTRS,TRMB,0.534458,0.534458,0.964927,False
CTSH,USB,0.534458,0.534458,0.964927,False
CBRE,GM,0.534456,0.534456,0.964929,False
AAPL,CSCO,0.534454,0.534454,0.964931,True
JPM,WYNN,0.534448,0.534448,0.964937,False
MLM,STLD,0.534437,0.534437,0.964949,True
AFL,HLT,0.534434,0.534434,0.964952,False
AFL,RCL,0.534433,0.534433,0.964953,False
NWSA,STT,0.534432,0.534432,0.964954,False
CPRT,NDAQ,0.534417,0.534417,0.964969,False
CSCO,NDSN,0.534415,0.534415,0.964971,False
ARES,WAB,0.534409,0.534409,0.964978,False
DAL,OMC,0.534404,0.534404,0.964983,False
CPAY,ETN,0.534400,0.534400,0.964987,False
CTAS,MDT,0.534392,0.534392,0.964995,False
GPN,WFC,0.534392,0.534392,0.964995,True
ADI,CPRT,0.534364,0.534364,0.965024,False
MLM,REG,0.534364,0.534364,0.965025,False
CSX,TJX,0.534352,0.534352,0.965037,False
CMI,JBL,0.534325,0.534325,0.965064,False
CCL,GE,0.534321,0.534321,0.965069,False
ICE,LIN,0.534319,0.534319,0.965071,False
DTE,ICE,0.534314,0.534314,0.965076,False
AMCR,DTE,0.534306,0.534306,0.965084,False
NDSN,VMC,0.534289,0.534289,0.965102,False
HON,IBM,0.534280,0.534280,0.965111,False
HCA,TDG,0.534277,0.534277,0.965115,False
EME,FITB,0.534276,0.534276,0.965115,False
LRCX,URI,0.534271,0.534271,0.965121,False
AVGO,PH,0.534270,0.534270,0.965121,False
V,VICI,0.534270,0.534270,0.965122,False
BBY,PH,0.534263,0.534263,0.965129,False
MDT,VICI,0.534260,0.534260,0.965132,False
HON,PSX,0.534246,0.534246,0.965147,False
CTSH,IQV,0.534240,0.534240,0.965153,False
C,CTSH,0.534239,0.534239,0.965154,False
APTV,BX,0.534222,0.534222,0.965172,False
NXPI,PTC,0.534216,0.534216,0.965178,True
KEY,LUV,0.534207,0.534207,0.965187,False
KEYS,PH,0.534188,0.534188,0.965206,False
GE,HUBB,0.534186,0.534186,0.965209,True
HD,HON,0.534186,0.534186,0.965209,False
ITW,LH,0.534180,0.534180,0.965215,False
FANG,KEY,0.534176,0.534176,0.965219,False
ON,PNR,0.534167,0.534167,0.965229,False
NOW,PANW,0.534160,0.534160,0.965236,True
GM,L,0.534153,0.534153,0.965243,False
ETN,TER,0.534142,0.534142,0.965254,False
APO,DD,0.534141,0.534141,0.965255,False
DAL,FTV,0.534128,0.534128,0.965269,True
LIN,YUM,0.534119,0.534119,0.965278,False
CINF,UDR,0.534117,0.534117,0.965280,False
CBRE,DIS,0.534112,0.534112,0.965286,False
BSX,COO,0.534101,0.534101,0.965296,True
MLM,TRMB,0.534093,0.534093,0.965305,False
PLD,SYK,0.534070,0.534070,0.965329,False
MGM,V,0.534065,0.534065,0.965334,False
ADP,MLM,0.534053,0.534053,0.965347,False
AFL,GPC,0.534046,0.534046,0.965353,False
MLM,MTB,0.534042,0.534042,0.965358,False
LOW,PAYX,0.534037,0.534037,0.965363,False
APTV,BLDR,0.534033,0.534033,0.965367,False
NXPI,TXT,0.534012,0.534012,0.965389,False
CB,TJX,0.534012,0.534012,0.965389,False
CDW,SPGI,0.533978,0.533978,0.965424,False
FRT,V,0.533975,0.533975,0.965427,False
CNP,MET,0.533971,0.533971,0.965432,False
MAS,UNP,0.533969,0.533969,0.965434,True
HCA,ZBH,0.533965,0.533965,0.965438,True
EOG,MET,0.533957,0.533957,0.965446,False
OKE,USB,0.533947,0.533947,0.965456,False
ADM,MET,0.533944,0.533944,0.965459,False
APH,TFC,0.533935,0.533935,0.965469,False
CFG,UDR,0.533934,0.533934,0.965470,False
TPR,TROW,0.533931,0.533931,0.965472,False
AES,NEE,0.533925,0.533925,0.965479,True
AMT,ETR,0.533910,0.533910,0.965495,False
CSCO,PRU,0.533906,0.533906,0.965499,False
PSA,VICI,0.533902,0.533902,0.965503,True
FRT,UNP,0.533901,0.533901,0.965504,False
FCX,PPG,0.533890,0.533890,0.965516,True
MAS,NTRS,0.533888,0.533888,0.965517,False
MAS,NXPI,0.533888,0.533888,0.965517,False
ODFL,URI,0.533884,0.533884,0.965522,True
CDNS,TRMB,0.533875,0.533875,0.965531,True
BRK-B,F,0.533868,0.533868,0.965538,False
TXT,XOM,0.533867,0.533867,0.965539,False
ARES,CFG,0.533865,0.533865,0.965541,True
BLK,HWM,0.533855,0.533855,0.965551,False
APTV,UNP,0.533843,0.533843,0.965564,False
BXP,LUV,0.533842,0.533842,0.965565,False
ARE,TROW,0.533839,0.533839,0.965568,False
TRV,VICI,0.533837,0.533837,0.965571,False
AIG,LUV,0.533833,0.533833,0.965575,False
BA,WY,0.533823,0.533823,0.965585,False
IQV,STE,0.533815,0.533815,0.965593,True
GLW,IR,0.533815,0.533815,0.965593,False
MTB,TJX,0.533809,0.533809,0.965599,False
FITB,MAS,0.533806,0.533806,0.965602,False
CMI,CPAY,0.533802,0.533802,0.965607,False
AMAT,APTV,0.533799,0.533799,0.965610,False
VICI,WMB,0.533790,0.533790,0.965619,False
GE,HST,0.533785,0.533785,0.965624,False
RJF,TT,0.533781,0.533781,0.965628,False
HON,STLD,0.533780,0.533780,0.965629,False
ROK,WY,0.533777,0.533777,0.965632,False
ED,UDR,0.533774,0.533774,0.965635,False
A,BX,0.533771,0.533771,0.965639,False
A,XYL,0.533766,0.533766,0.965643,False
IEX,SPGI,0.533747,0.533747,0.965663,False
GPN,NTRS,0.533746,0.533746,0.965665,True
CPT,PRU,0.533741,0.533741,0.965670,False
HST,TPR,0.533726,0.533726,0.965685,False
CRH,SPGI,0.533721,0.533721,0.965690,False
INVH,LH,0.533718,0.533718,0.965693,False
LULU,NKE,0.533714,0.533714,0.965697,True
ALL,TXT,0.533709,0.533709,0.965702,False
SYF,UDR,0.533692,0.533692,0.965720,False
IQV,MDT,0.533692,0.533692,0.965721,True
LH,SWK,0.533680,0.533680,0.965733,False
IBM,JPM,0.533677,0.533677,0.965736,False
INTU,PTC,0.533666,0.533666,0.965747,True
STLD,WY,0.533663,0.533663,0.965750,False
APO,BEN,0.533659,0.533659,0.965754,True
NDSN,TDG,0.533655,0.533655,0.965759,True
FCX,SWK,0.533654,0.533654,0.965759,False
WFC,XOM,0.533649,0.533649,0.965765,False
INVH,V,0.533638,0.533638,0.965776,False
ADP,SHW,0.533638,0.533638,0.965777,False
ARES,CTAS,0.533636,0.533636,0.965778,False
ACN,UNP,0.533636,0.533636,0.965778,False
CB,PAYX,0.533625,0.533625,0.965790,False
ES,PSA,0.533623,0.533623,0.965792,False
PEG,PLD,0.533620,0.533620,0.965795,False
AFL,ECL,0.533613,0.533613,0.965802,False
GE,MTB,0.533606,0.533606,0.965810,False
BR,CPRT,0.533600,0.533600,0.965816,True
AFL,SLB,0.533592,0.533592,0.965824,False
GE,XYL,0.533592,0.533592,0.965824,True
CRM,PYPL,0.533583,0.533583,0.965833,False
IP,NSC,0.533579,0.533579,0.965838,False
CDW,SNA,0.533562,0.533562,0.965855,False
AFL,CPT,0.533559,0.533559,0.965858,False
APO,HWM,0.533552,0.533552,0.965865,False
CAT,MLM,0.533549,0.533549,0.965869,False
GD,KEY,0.533546,0.533546,0.965871,False
CFG,DOC,0.533529,0.533529,0.965889,False
LYV,VICI,0.533527,0.533527,0.965892,False
CRH,TROW,0.533516,0.533516,0.965902,False
CSX,HIG,0.533513,0.533513,0.965906,False
GRMN,MAS,0.533511,0.533511,0.965908,False
PKG,PNR,0.533504,0.533504,0.965916,False
BLK,FCX,0.533502,0.533502,0.965917,False
CTAS,RF,0.533501,0.533501,0.965918,False
BAC,TDY,0.533500,0.533500,0.965919,False
AAPL,AME,0.533499,0.533499,0.965920,False
DD,MMM,0.533490,0.533490,0.965930,False
CCI,MCO,0.533471,0.533471,0.965949,False
AVY,TJX,0.533468,0.533468,0.965952,False
LIN,TDY,0.533462,0.533462,0.965959,False
ECL,PLD,0.533457,0.533457,0.965964,False
J,KKR,0.533431,0.533431,0.965991,False
APH,TDY,0.533428,0.533428,0.965993,True
MET,UHS,0.533424,0.533424,0.965998,False
CPRT,TRMB,0.533421,0.533421,0.966001,False
ADSK,QCOM,0.533412,0.533412,0.966010,True
SNPS,TER,0.533412,0.533412,0.966010,True
MMM,PFG,0.533401,0.533401,0.966022,False
CMI,TPR,0.533386,0.533386,0.966037,False
NKE,SBUX,0.533385,0.533385,0.966038,True
CAT,KKR,0.533382,0.533382,0.966041,False
NOC,RTX,0.533380,0.533380,0.966043,True
A,TXN,0.533380,0.533380,0.966044,False
PPG,ROST,0.533378,0.533378,0.966046,False
IP,SNA,0.533375,0.533375,0.966049,False
MA,RSG,0.533356,0.533356,0.966068,False
FRT,PEG,0.533354,0.533354,0.966071,False
HON,JBL,0.533350,0.533350,0.966074,False
NDAQ,RJF,0.533338,0.533338,0.966087,True
RJF,SLB,0.533329,0.533329,0.966097,False
SYF,WMB,0.533328,0.533328,0.966097,False
HIG,LYB,0.533322,0.533322,0.966104,False
FTV,RTX,0.533321,0.533321,0.966105,True
PKG,URI,0.533320,0.533320,0.966105,False
A,FTV,0.533296,0.533296,0.966131,False
JPM,UDR,0.533293,0.533293,0.966133,False
CPT,ITW,0.533289,0.533289,0.966138,False
ES,MDLZ,0.533288,0.533288,0.966139,False
BKNG,JBL,0.533286,0.533286,0.966140,False
LII,PH,0.533280,0.533280,0.966147,True
PPG,ROP,0.533274,0.533274,0.966153,False
GWW,IVZ,0.533272,0.533272,0.966155,False
KKR,SCHW,0.533268,0.533268,0.966159,True
MS,VLO,0.533261,0.533261,0.966166,False
MGM,WFC,0.533257,0.533257,0.966171,False
LOW,XYL,0.533241,0.533241,0.966187,False
IQV,PAYX,0.533241,0.533241,0.966188,False
INVH,SPG,0.533237,0.533237,0.966192,True
COF,LIN,0.533235,0.533235,0.966193,False
PKG,WAB,0.533226,0.533226,0.966203,False
BXP,URI,0.533216,0.533216,0.966213,False
APH,WY,0.533214,0.533214,0.966215,False
HD,O,0.533211,0.533211,0.966218,False
MPWR,NDSN,0.533211,0.533211,0.966219,False
DTE,MCO,0.533201,0.533201,0.966229,False
NOW,PTC,0.533197,0.533197,0.966233,True
J,UNP,0.533176,0.533176,0.966254,True
FRT,NSC,0.533176,0.533176,0.966254,False
LIN,MDT,0.533168,0.533168,0.966262,False
L,WM,0.533168,0.533168,0.966263,False
OKE,TXT,0.533160,0.533160,0.966271,False
KIM,SRE,0.533156,0.533156,0.966275,False
FCX,ROK,0.533153,0.533153,0.966279,False
BXP,IRM,0.533142,0.533142,0.966289,True
HWM,NSC,0.533138,0.533138,0.966294,True
AVY,CFG,0.533131,0.533131,0.966302,False
APTV,MLM,0.533115,0.533115,0.966318,False
CINF,FRT,0.533111,0.533111,0.966322,False
CFG,ESS,0.533107,0.533107,0.966326,False
LOW,URI,0.533103,0.533103,0.966330,False
ETN,MAR,0.533103,0.533103,0.966330,False
SYF,UHS,0.533100,0.533100,0.966333,False
APA,FITB,0.533097,0.533097,0.966337,False
BSX,JPM,0.533096,0.533096,0.966338,False
C,IBKR,0.533063,0.533063,0.966372,True
IEX,SHW,0.533060,0.533060,0.966375,False
AIG,AVY,0.533052,0.533052,0.966383,False
APH,TPR,0.533050,0.533050,0.966385,False
HD,URI,0.533047,0.533047,0.966388,False
ED,WM,0.533042,0.533042,0.966393,False
SNPS,SWKS,0.533039,0.533039,0.966396,True
AIG,ALLE,0.533010,0.533010,0.966426,False
APO,CSX,0.533010,0.533010,0.966427,False
BXP,FTV,0.533008,0.533008,0.966429,False
ARES,PLD,0.533007,0.533007,0.966429,False
CCL,MTB,0.533005,0.533005,0.966431,False
IEX,MMM,0.533000,0.533000,0.966437,True
TRMB,WY,0.532996,0.532996,0.966441,False
KKR,PLD,0.532977,0.532977,0.966461,False
CFG,LYV,0.532973,0.532973,0.966465,False
KO,MNST,0.532971,0.532971,0.966467,True
DOW,OKE,0.532968,0.532968,0.966470,False
HPQ,IVZ,0.532967,0.532967,0.966471,False
DOC,SYF,0.532948,0.532948,0.966490,False
PCAR,WFC,0.532947,0.532947,0.966492,False
LII,TROW,0.532945,0.532945,0.966494,False
FTV,GPN,0.532941,0.532941,0.966498,False
MTB,XYL,0.532934,0.532934,0.966505,False
VRSK,ZTS,0.532921,0.532921,0.966518,False
FDX,PH,0.532909,0.532909,0.966531,True
CSCO,MA,0.532904,0.532904,0.966537,False
ADI,DD,0.532889,0.532889,0.966552,False
ADI,BAC,0.532883,0.532883,0.966557,False
TJX,ULTA,0.532880,0.532880,0.966561,True
APTV,BA,0.532870,0.532870,0.966571,False
MTB,XOM,0.532868,0.532868,0.966573,False
CSX,IQV,0.532857,0.532857,0.966584,False
CMI,MGM,0.532848,0.532848,0.966594,False
HD,INTU,0.532838,0.532838,0.966605,False
CNP,PLD,0.532835,0.532835,0.966607,False
SPGI,SWK,0.532835,0.532835,0.966608,False
BLK,FICO,0.532833,0.532833,0.966610,False
MGM,OKE,0.532831,0.532831,0.966611,False
BLK,DE,0.532821,0.532821,0.966622,False
TPR,WYNN,0.532820,0.532820,0.966623,True
JCI,NSC,0.532808,0.532808,0.966635,True
KLAC,MCO,0.532803,0.532803,0.966641,False
CDNS,XYZ,0.532794,0.532794,0.966649,False
EXR,SBAC,0.532792,0.532792,0.966652,True
NVR,PPG,0.532789,0.532789,0.966655,False
MS,ROP,0.532775,0.532775,0.966669,False
AXP,FIS,0.532764,0.532764,0.966681,True
KLAC,STX,0.532761,0.532761,0.966684,True
EME,PNR,0.532758,0.532758,0.966687,True
AMAT,HUBB,0.532758,0.532758,0.966687,False
HIG,TRGP,0.532744,0.532744,0.966702,False
ACGL,ITW,0.532735,0.532735,0.966711,False
MA,MLM,0.532734,0.532734,0.966712,False
PRU,PWR,0.532724,0.532724,0.966723,False
ARES,KEYS,0.532712,0.532712,0.966734,False
PPG,TJX,0.532705,0.532705,0.966742,False
ADSK,ARES,0.532705,0.532705,0.966742,False
PLD,PPG,0.532700,0.532700,0.966747,False
AJG,KO,0.532690,0.532690,0.966758,False
A,CDNS,0.532679,0.532679,0.966769,False
CPRT,KLAC,0.532642,0.532642,0.966807,False
HUBB,MTB,0.532641,0.532641,0.966808,False
AFL,HUBB,0.532631,0.532631,0.966819,False
MS,TRV,0.532628,0.532628,0.966821,True
NWSA,PPG,0.532628,0.532628,0.966822,False
BXP,UAL,0.532627,0.532627,0.966823,False
BG,CVX,0.532618,0.532618,0.966832,False
CPAY,JCI,0.532617,0.532617,0.966833,False
ESS,USB,0.532611,0.532611,0.966839,False
APO,GLW,0.532584,0.532584,0.966867,False
IEX,PAYX,0.532579,0.532579,0.966872,True
AAPL,AVGO,0.532578,0.532578,0.966873,True
ADSK,IQV,0.532577,0.532577,0.966875,False
L,WTW,0.532565,0.532565,0.966886,True
FDS,V,0.532561,0.532561,0.966891,True
CAT,SCHW,0.532561,0.532561,0.966891,False
CTSH,XYL,0.532560,0.532560,0.966892,False
MCO,SBUX,0.532556,0.532556,0.966896,False
COF,WDC,0.532540,0.532540,0.966913,False
AMP,DTE,0.532533,0.532533,0.966920,False
CBRE,NDAQ,0.532529,0.532529,0.966924,False
MGM,SBUX,0.532514,0.532514,0.966939,True
CDW,PCAR,0.532501,0.532501,0.966953,False
ADP,TRMB,0.532493,0.532493,0.966961,False
BLK,LH,0.532479,0.532479,0.966975,False
V,WAB,0.532478,0.532478,0.966976,False
CTSH,PLD,0.532472,0.532472,0.966983,False
FCX,PNC,0.532452,0.532452,0.967004,False
CPRT,NXPI,0.532451,0.532451,0.967005,False
BX,ON,0.532443,0.532443,0.967013,False
ADP,SYY,0.532437,0.532437,0.967019,False
CRH,DOW,0.532418,0.532418,0.967039,True
AIG,GPC,0.532415,0.532415,0.967042,False
BEN,HUBB,0.532397,0.532397,0.967061,False
CDW,TDG,0.532377,0.532377,0.967082,False
BR,CPAY,0.532374,0.532374,0.967084,False
CPT,ECL,0.532368,0.532368,0.967091,False
AIG,HPE,0.532361,0.532361,0.967098,False
GLW,ROK,0.532359,0.532359,0.967099,False
CL,WM,0.532357,0.532357,0.967102,False
AMD,KEYS,0.532352,0.532352,0.967107,True
GS,MAS,0.532351,0.532351,0.967108,False
LYV,VTR,0.532349,0.532349,0.967110,False
CBRE,LEN,0.532335,0.532335,0.967125,False
MSCI,PAYX,0.532328,0.532328,0.967132,False
ETN,MMM,0.532323,0.532323,0.967137,True
OKE,UNP,0.532317,0.532317,0.967143,False
ARES,WY,0.532311,0.532311,0.967150,False
CTAS,HWM,0.532297,0.532297,0.967164,True
MET,TRMB,0.532297,0.532297,0.967164,False
ROK,USB,0.532280,0.532280,0.967181,False
IEX,V,0.532277,0.532277,0.967185,False
PNC,VICI,0.532272,0.532272,0.967190,False
AMAT,DELL,0.532264,0.532264,0.967198,True
A,ADSK,0.532247,0.532247,0.967216,False
UDR,V,0.532245,0.532245,0.967218,False
APTV,FRT,0.532245,0.532245,0.967218,False
PRU,VMC,0.532245,0.532245,0.967218,False
BLDR,C,0.532233,0.532233,0.967231,False
PWR,RJF,0.532227,0.532227,0.967236,False
FRT,GM,0.532225,0.532225,0.967238,False
APH,STX,0.532222,0.532222,0.967241,True
NDSN,TJX,0.532214,0.532214,0.967250,False
INTC,NXPI,0.532210,0.532210,0.967253,True
CCI,ETR,0.532210,0.532210,0.967254,False
BR,NDSN,0.532208,0.532208,0.967255,True
PFG,VMC,0.532207,0.532207,0.967257,False
AIG,GPN,0.532194,0.532194,0.967271,True
GPN,STT,0.532193,0.532193,0.967272,True
FCX,KEY,0.532192,0.532192,0.967272,False
AME,VRSK,0.532191,0.532191,0.967273,True
ICE,VRSN,0.532189,0.532189,0.967276,False
GPN,PNR,0.532183,0.532183,0.967281,False
MGM,O,0.532162,0.532162,0.967304,False
DD,MLM,0.532151,0.532151,0.967314,True
CSX,JCI,0.532150,0.532150,0.967316,True
ADSK,ZBRA,0.532150,0.532150,0.967316,True
IVZ,ZBRA,0.532149,0.532149,0.967317,False
ESS,PFG,0.532146,0.532146,0.967320,False
GD,HUBB,0.532142,0.532142,0.967324,True
GD,XOM,0.532133,0.532133,0.967334,False
JNJ,KO,0.532130,0.532130,0.967336,False
CRH,L,0.532125,0.532125,0.967342,False
ETN,GPC,0.532123,0.532123,0.967344,False
PCAR,TT,0.532118,0.532118,0.967349,True
HLT,STT,0.532115,0.532115,0.967352,False
CVX,MGM,0.532109,0.532109,0.967358,False
BLK,FFIV,0.532098,0.532098,0.967370,False
CCL,STT,0.532092,0.532092,0.967376,False
HPE,NXPI,0.532066,0.532066,0.967403,True
ODFL,TROW,0.532056,0.532056,0.967413,False
DD,MGM,0.532056,0.532056,0.967413,False
MA,WAB,0.532041,0.532041,0.967429,False
AME,FRT,0.532032,0.532032,0.967438,False
DAL,SWK,0.532029,0.532029,0.967441,True
GD,V,0.532022,0.532022,0.967448,False
GS,ZBRA,0.532011,0.532011,0.967460,False
BLDR,RF,0.532006,0.532006,0.967464,False
SPGI,TRMB,0.532002,0.532002,0.967469,False
ECL,FAST,0.531998,0.531998,0.967473,False
ALL,ITW,0.531996,0.531996,0.967475,False
NUE,WY,0.531996,0.531996,0.967475,False
LMT,RTX,0.531986,0.531986,0.967485,True
ARES,WFC,0.531976,0.531976,0.967496,True
DTE,PSA,0.531969,0.531969,0.967503,False
FTV,RL,0.531967,0.531967,0.967505,False
ECL,O,0.531963,0.531963,0.967509,False
FOX,RF,0.531954,0.531954,0.967518,False
CVX,HWM,0.531947,0.531947,0.967526,False
D,WM,0.531942,0.531942,0.967531,False
ITW,LEN,0.531940,0.531940,0.967533,False
PSA,WEC,0.531935,0.531935,0.967538,False
GD,NTRS,0.531929,0.531929,0.967544,False
ABT,PLD,0.531925,0.531925,0.967549,False
BX,HBAN,0.531918,0.531918,0.967555,True
ADBE,KLAC,0.531918,0.531918,0.967556,True
BLK,HPE,0.531911,0.531911,0.967563,False
AOS,JCI,0.531909,0.531909,0.967565,True
BKNG,HON,0.531909,0.531909,0.967565,False
DOC,EIX,0.531904,0.531904,0.967570,False
EOG,FITB,0.531903,0.531903,0.967571,False
MCO,XYZ,0.531899,0.531899,0.967576,True
LYV,SYY,0.531891,0.531891,0.967583,False
EVRG,WY,0.531881,0.531881,0.967594,False
PH,PLD,0.531875,0.531875,0.967600,False
LH,MAA,0.531868,0.531868,0.967607,False
CVX,RJF,0.531868,0.531868,0.967607,False
BAC,OXY,0.531850,0.531850,0.967626,False
ON,PPG,0.531848,0.531848,0.967628,False
BRK-B,NI,0.531834,0.531834,0.967643,False
CBRE,GPC,0.531814,0.531814,0.967663,False
AFL,CMI,0.531809,0.531809,0.967669,False
CSCO,ETN,0.531789,0.531789,0.967689,False
APH,MGM,0.531779,0.531779,0.967699,False
F,USB,0.531778,0.531778,0.967700,False
CMI,EME,0.531760,0.531760,0.967719,True
AFL,BKR,0.531759,0.531759,0.967720,False
ESS,MCO,0.531756,0.531756,0.967723,False
ADSK,TER,0.531756,0.531756,0.967723,True
ARE,DOV,0.531750,0.531750,0.967729,False
LIN,TRMB,0.531744,0.531744,0.967736,False
TRV,WY,0.531742,0.531742,0.967738,False
AIG,MDT,0.531730,0.531730,0.967750,False
CPRT,TT,0.531725,0.531725,0.967756,True
HBAN,J,0.531724,0.531724,0.967756,False
DELL,MU,0.531721,0.531721,0.967759,True
KKR,LOW,0.531715,0.531715,0.967766,False
PPG,SPG,0.531706,0.531706,0.967774,False
AMP,DVN,0.531705,0.531705,0.967776,False
ACN,MAS,0.531703,0.531703,0.967778,False
CPAY,OMC,0.531699,0.531699,0.967782,False
AEP,DOC,0.531697,0.531697,0.967784,False
EME,JPM,0.531696,0.531696,0.967785,False
APO,WY,0.531693,0.531693,0.967788,False
ALLE,KEY,0.531690,0.531690,0.967791,False
BLK,GOOGL,0.531679,0.531679,0.967802,False
IBKR,STT,0.531673,0.531673,0.967809,True
BLDR,MAR,0.531672,0.531672,0.967810,False
CRH,UAL,0.531672,0.531672,0.967810,False
AJG,PFG,0.531660,0.531660,0.967823,True
BRO,VRSN,0.531654,0.531654,0.967828,False
HD,ROK,0.531644,0.531644,0.967839,False
MLM,V,0.531630,0.531630,0.967853,False
CB,SYF,0.531625,0.531625,0.967859,True
AIZ,NTRS,0.531624,0.531624,0.967860,True
APTV,ETN,0.531622,0.531622,0.967861,False
DOC,XEL,0.531620,0.531620,0.967864,False
IR,ZBRA,0.531609,0.531609,0.967875,False
AMCR,SYY,0.531598,0.531598,0.967887,False
ATO,WRB,0.531592,0.531592,0.967893,False
ADSK,AVGO,0.531580,0.531580,0.967904,True
CBRE,HPQ,0.531564,0.531564,0.967921,False
KKR,MTD,0.531549,0.531549,0.967937,False
BLK,ROST,0.531544,0.531544,0.967942,False
ADP,WTW,0.531528,0.531528,0.967959,False
JBL,QCOM,0.531528,0.531528,0.967959,True
ITW,REG,0.531523,0.531523,0.967964,False
MTB,RCL,0.531517,0.531517,0.967970,False
BLK,GPC,0.531515,0.531515,0.967972,False
FITB,MOS,0.531509,0.531509,0.967978,False
COF,DVN,0.531496,0.531496,0.967992,False
BSX,CPAY,0.531490,0.531490,0.967998,False
JBL,ZBRA,0.531485,0.531485,0.968003,True
IVZ,TJX,0.531471,0.531471,0.968018,False
BX,MTD,0.531465,0.531465,0.968024,False
ATO,PLD,0.531455,0.531455,0.968034,False
GDDY,MCO,0.531439,0.531439,0.968050,False
GOOGL,MPWR,0.531438,0.531438,0.968051,False
SYF,XOM,0.531426,0.531426,0.968064,False
AME,UHS,0.531422,0.531422,0.968068,False
CB,PH,0.531384,0.531384,0.968107,False
ITW,MGM,0.531380,0.531380,0.968111,False
MPWR,XYZ,0.531373,0.531373,0.968119,False
IVZ,MGM,0.531361,0.531361,0.968132,False
BXP,GPC,0.531357,0.531357,0.968135,False
FRT,IR,0.531357,0.531357,0.968135,False
DD,HST,0.531354,0.531354,0.968138,False
CTSH,LYB,0.531347,0.531347,0.968146,False
AVY,BX,0.531345,0.531345,0.968148,False
PLD,WELL,0.531341,0.531341,0.968152,True
HPE,KKR,0.531338,0.531338,0.968155,False
ROST,V,0.531332,0.531332,0.968162,False
CSX,IP,0.531329,0.531329,0.968165,False
INVH,NDSN,0.531323,0.531323,0.968171,False
DD,NXPI,0.531319,0.531319,0.968174,False
SYY,TRV,0.531319,0.531319,0.968174,False
FDS,VRSN,0.531318,0.531318,0.968176,False
ISRG,NVDA,0.531312,0.531312,0.968182,False
HD,ORLY,0.531308,0.531308,0.968186,True
PLD,UNP,0.531302,0.531302,0.968192,False
HUBB,SPGI,0.531300,0.531300,0.968194,False
BAC,IBM,0.531298,0.531298,0.968196,False
AVY,HBAN,0.531294,0.531294,0.968200,False
CSGP,INTU,0.531275,0.531275,0.968220,False
BAC,EME,0.531271,0.531271,0.968224,False
A,MAS,0.531263,0.531263,0.968232,False
CB,NTRS,0.531247,0.531247,0.968249,True
GD,MLM,0.531240,0.531240,0.968257,False
JCI,MTB,0.531233,0.531233,0.968263,False
AEE,SBAC,0.531232,0.531232,0.968265,False
BLK,MDT,0.531215,0.531215,0.968282,False
APTV,LRCX,0.531212,0.531212,0.968285,False
SYY,VMC,0.531208,0.531208,0.968290,False
BRK-B,INVH,0.531194,0.531194,0.968304,False
BXP,KMI,0.531174,0.531174,0.968325,False
AVY,MCO,0.531174,0.531174,0.968325,False
FIX,HWM,0.531168,0.531168,0.968331,True
FCX,WY,0.531153,0.531153,0.968346,False
AMAT,CRH,0.531151,0.531151,0.968349,False
IEX,TXN,0.531139,0.531139,0.968360,False
BRK-B,MMM,0.531138,0.531138,0.968362,False
O,OKE,0.531128,0.531128,0.968372,False
COP,HBAN,0.531128,0.531128,0.968372,False
CBRE,ROST,0.531126,0.531126,0.968374,False
ACN,ARES,0.531122,0.531122,0.968379,False
ETR,FRT,0.531119,0.531119,0.968381,False
PNC,SPGI,0.531118,0.531118,0.968383,True
HLT,NXPI,0.531117,0.531117,0.968384,False
EME,NTRS,0.531110,0.531110,0.968390,False
ADI,APO,0.531110,0.531110,0.968391,False
ARES,GLW,0.531109,0.531109,0.968392,False
GPN,REG,0.531108,0.531108,0.968393,False
CSCO,CSX,0.531093,0.531093,0.968408,False
GPN,NSC,0.531088,0.531088,0.968413,False
ABT,MCO,0.531072,0.531072,0.968430,False
LOW,ROP,0.531043,0.531043,0.968460,False
AIG,J,0.531041,0.531041,0.968461,False
APTV,LOW,0.531033,0.531033,0.968470,True
PNC,PPL,0.531031,0.531031,0.968472,False
CVX,DD,0.531025,0.531025,0.968478,False
V,ZTS,0.531021,0.531021,0.968483,False
EFX,INTU,0.531020,0.531020,0.968484,False
ECL,WTW,0.531014,0.531014,0.968490,False
JBHT,MAS,0.531011,0.531011,0.968492,True
TDG,WYNN,0.531007,0.531007,0.968497,False
PH,SHW,0.531001,0.531001,0.968503,False
DAL,L,0.530989,0.530989,0.968516,False
APD,BRK-B,0.530983,0.530983,0.968521,False
PSX,TPL,0.530972,0.530972,0.968533,True
CRH,PWR,0.530965,0.530965,0.968541,False
SCHW,WAB,0.530961,0.530961,0.968544,False
BX,CTSH,0.530959,0.530959,0.968546,False
ARE,DLR,0.530955,0.530955,0.968550,True
KEYS,MCO,0.530941,0.530941,0.968565,False
BRK-B,O,0.530941,0.530941,0.968565,False
DLR,PSA,0.530941,0.530941,0.968565,True
ESS,SYF,0.530939,0.530939,0.968567,False
BEN,ECL,0.530932,0.530932,0.968574,False
C,TT,0.530930,0.530930,0.968576,False
DOV,FDX,0.530929,0.530929,0.968577,True
CME,DTE,0.530928,0.530928,0.968578,False
NWSA,PNR,0.530912,0.530912,0.968595,False
BX,ROP,0.530910,0.530910,0.968597,False
AMCR,CBRE,0.530905,0.530905,0.968602,False
BKR,DOV,0.530899,0.530899,0.968608,False
FRT,VMC,0.530893,0.530893,0.968615,False
DAL,KKR,0.530886,0.530886,0.968621,False
CTAS,UHS,0.530886,0.530886,0.968622,False
ADP,NTRS,0.530885,0.530885,0.968622,False
AVY,BR,0.530877,0.530877,0.968631,False
ACN,AVY,0.530870,0.530870,0.968639,False
ITW,SCHW,0.530866,0.530866,0.968643,False
PAYX,VICI,0.530860,0.530860,0.968649,False
EOG,L,0.530846,0.530846,0.968663,False
KKR,LIN,0.530842,0.530842,0.968667,False
CINF,REG,0.530832,0.530832,0.968677,False
RTX,STT,0.530832,0.530832,0.968678,False
NI,REG,0.530831,0.530831,0.968679,False
BR,CTSH,0.530829,0.530829,0.968680,False
PTC,SWKS,0.530817,0.530817,0.968693,True
ADP,ORLY,0.530813,0.530813,0.968697,False
AVY,CPRT,0.530803,0.530803,0.968708,False
ACN,PRU,0.530799,0.530799,0.968712,False
PNR,VICI,0.530798,0.530798,0.968712,False
DOW,PCAR,0.530797,0.530797,0.968713,False
BEN,ZBRA,0.530795,0.530795,0.968715,False
ETN,ZBRA,0.530777,0.530777,0.968734,False
ADP,TDG,0.530771,0.530771,0.968741,True
ADP,TXT,0.530763,0.530763,0.968748,True
ACN,NSC,0.530756,0.530756,0.968756,False
ADP,RTX,0.530753,0.530753,0.968759,True
IQV,IR,0.530750,0.530750,0.968762,False
CDNS,ZBRA,0.530750,0.530750,0.968762,True
GPC,IVZ,0.530717,0.530717,0.968796,False
BBY,NDSN,0.530715,0.530715,0.968798,False
L,WMB,0.530715,0.530715,0.968798,False
MA,VRSK,0.530714,0.530714,0.968799,False
V,WTW,0.530706,0.530706,0.968807,True
MMM,TROW,0.530702,0.530702,0.968812,False
KLAC,TRMB,0.530690,0.530690,0.968824,True
TT,WY,0.530679,0.530679,0.968835,False
FTNT,INTU,0.530679,0.530679,0.968836,True
ANET,KLAC,0.530673,0.530673,0.968842,True
MDT,PAYX,0.530669,0.530669,0.968845,False
FCX,GLW,0.530653,0.530653,0.968863,False
AEP,RSG,0.530650,0.530650,0.968865,False
AMAT,ISRG,0.530649,0.530649,0.968866,False
APH,AVY,0.530640,0.530640,0.968876,False
APO,TRMB,0.530638,0.530638,0.968878,False
AVY,FAST,0.530623,0.530623,0.968893,False
F,UAL,0.530613,0.530613,0.968904,False
LOW,MAA,0.530612,0.530612,0.968904,False
ISRG,LIN,0.530607,0.530607,0.968909,False
APH,GM,0.530596,0.530596,0.968921,False
BX,NSC,0.530594,0.530594,0.968923,False
L,O,0.530571,0.530571,0.968947,False
IQV,NDAQ,0.530569,0.530569,0.968949,False
MDT,PH,0.530566,0.530566,0.968952,False
EMR,SYY,0.530557,0.530557,0.968962,False
CFG,DIS,0.530556,0.530556,0.968962,False
KEYS,SNPS,0.530553,0.530553,0.968965,True
CRH,ON,0.530549,0.530549,0.968969,False
ARES,NXPI,0.530544,0.530544,0.968974,False
GPN,HBAN,0.530507,0.530507,0.969013,True
IVZ,TXN,0.530503,0.530503,0.969017,False
ARES,NVDA,0.530502,0.530502,0.969018,False
GD,MPC,0.530496,0.530496,0.969024,False
JBL,LYB,0.530490,0.530490,0.969030,False
APO,CAT,0.530487,0.530487,0.969034,False
APD,XYL,0.530473,0.530473,0.969048,False
LIN,PLD,0.530461,0.530461,0.969060,False
APH,MAS,0.530456,0.530456,0.969065,False
F,SNA,0.530454,0.530454,0.969067,False
KIM,SYK,0.530451,0.530451,0.969071,False
DIS,NTRS,0.530437,0.530437,0.969085,False
AFL,FTV,0.530428,0.530428,0.969095,False
HPQ,LRCX,0.530420,0.530420,0.969102,True
NDSN,NUE,0.530410,0.530410,0.969113,False
ARES,PWR,0.530407,0.530407,0.969116,False
AVGO,HUBB,0.530407,0.530407,0.969117,False
DAL,NTRS,0.530390,0.530390,0.969134,False
INTU,LIN,0.530388,0.530388,0.969135,False
AME,INTU,0.530387,0.530387,0.969136,False
ACGL,WELL,0.530385,0.530385,0.969139,False
GS,PKG,0.530383,0.530383,0.969141,False
FAST,URI,0.530381,0.530381,0.969143,True
BKNG,STT,0.530377,0.530377,0.969147,False
A,MSCI,0.530376,0.530376,0.969148,False
C,IBM,0.530375,0.530375,0.969149,False
HON,MAA,0.530375,0.530375,0.969149,False
GRMN,KKR,0.530375,0.530375,0.969149,False
PLD,XEL,0.530373,0.530373,0.969151,False
ARES,FITB,0.530370,0.530370,0.969154,True
ALLE,CPT,0.530369,0.530369,0.969155,False
ADP,COF,0.530363,0.530363,0.969162,False
CTSH,L,0.530353,0.530353,0.969172,False
ADI,MSCI,0.530339,0.530339,0.969186,False
BLK,GOOG,0.530338,0.530338,0.969187,False
BLK,TER,0.530335,0.530335,0.969190,False
GM,NXPI,0.530334,0.530334,0.969191,False
FRT,WYNN,0.530322,0.530322,0.969204,False
AMZN,SNPS,0.530314,0.530314,0.969212,False
MDLZ,NI,0.530313,0.530313,0.969213,False
PLD,TEL,0.530307,0.530307,0.969219,False
REG,V,0.530306,0.530306,0.969221,False
AEE,O,0.530299,0.530299,0.969228,False
D,PSA,0.530296,0.530296,0.969231,False
DIS,TRMB,0.530290,0.530290,0.969237,False
CPAY,UDR,0.530286,0.530286,0.969241,False
JNJ,LNT,0.530285,0.530285,0.969242,False
HD,ICE,0.530281,0.530281,0.969246,False
ALLE,LEN,0.530281,0.530281,0.969246,False
ADSK,AMP,0.530280,0.530280,0.969247,False
NTRS,TXN,0.530279,0.530279,0.969248,False
ADBE,TXN,0.530278,0.530278,0.969249,True
ATO,BRK-B,0.530269,0.530269,0.969258,False
ADP,SYF,0.530263,0.530263,0.969265,False
CPAY,LIN,0.530260,0.530260,0.969268,False
MA,URI,0.530254,0.530254,0.969273,False
ECL,NVR,0.530247,0.530247,0.969281,False
ETN,SCHW,0.530239,0.530239,0.969289,False
WAB,WYNN,0.530225,0.530225,0.969304,False
NOW,VRSN,0.530216,0.530216,0.969313,True
BR,ICE,0.530211,0.530211,0.969318,False
FRT,MA,0.530210,0.530210,0.969319,False
PAYX,TXN,0.530188,0.530188,0.969342,False
AAPL,HD,0.530186,0.530186,0.969344,False
ALL,RJF,0.530183,0.530183,0.969348,True
APH,ROP,0.530174,0.530174,0.969356,True
ATO,DOC,0.530174,0.530174,0.969356,False
AMAT,HPQ,0.530158,0.530158,0.969373,True
BKNG,HBAN,0.530158,0.530158,0.969373,False
COF,ECL,0.530146,0.530146,0.969386,False
ADBE,V,0.530141,0.530141,0.969391,False
AMCR,TFC,0.530135,0.530135,0.969397,False
INVH,NDAQ,0.530133,0.530133,0.969398,False
BAC,GPC,0.530122,0.530122,0.969410,False
SNA,UNP,0.530116,0.530116,0.969416,True
FOXA,NWS,0.530111,0.530111,0.969421,True
EXPE,KIM,0.530110,0.530110,0.969422,False
TDY,WY,0.530109,0.530109,0.969423,False
BA,FRT,0.530106,0.530106,0.969427,False
FAST,TEL,0.530101,0.530101,0.969432,False
CRH,VICI,0.530097,0.530097,0.969436,False
BLDR,TFC,0.530095,0.530095,0.969438,False
GS,ON,0.530090,0.530090,0.969444,False
KLAC,URI,0.530087,0.530087,0.969446,False
COF,TRGP,0.530077,0.530077,0.969456,False
CINF,LIN,0.530072,0.530072,0.969462,False
LIN,SWK,0.530071,0.530071,0.969463,False
MAS,NDAQ,0.530065,0.530065,0.969469,False
CSCO,V,0.530049,0.530049,0.969486,False
F,SWK,0.530049,0.530049,0.969486,False
HCA,L,0.530046,0.530046,0.969489,False
KEYS,MTD,0.530043,0.530043,0.969491,False
AIG,ROST,0.530040,0.530040,0.969495,False
ADI,PTC,0.530036,0.530036,0.969498,True
BRK-B,FIS,0.530036,0.530036,0.969499,True
HBAN,WYNN,0.530022,0.530022,0.969513,False
CAT,WY,0.530022,0.530022,0.969513,False
HPE,WDC,0.530022,0.530022,0.969514,True
BLK,LII,0.530021,0.530021,0.969514,False
GPC,LYB,0.530020,0.530020,0.969515,False
PAYX,SYF,0.530010,0.530010,0.969525,False
DVN,SYF,0.530008,0.530008,0.969528,False
HWM,TDY,0.530007,0.530007,0.969529,False
CTAS,DRI,0.530003,0.530003,0.969533,False
APO,TT,0.529996,0.529996,0.969540,False
ALLE,ARE,0.529993,0.529993,0.969543,False
BLK,ESS,0.529988,0.529988,0.969549,False
STT,TDY,0.529984,0.529984,0.969553,False
APO,WAB,0.529976,0.529976,0.969561,False
ON,WYNN,0.529971,0.529971,0.969566,False
CB,UDR,0.529969,0.529969,0.969567,False
AMP,WDC,0.529967,0.529967,0.969570,False
PNR,UAL,0.529965,0.529965,0.969573,True
PSX,URI,0.529963,0.529963,0.969574,False
ICE,MSFT,0.529950,0.529950,0.969588,False
CINF,V,0.529949,0.529949,0.969589,True
RSG,XYL,0.529945,0.529945,0.969593,True
TYL,VRSN,0.529939,0.529939,0.969599,True
DIS,NCLH,0.529937,0.529937,0.969601,False
TDG,WMB,0.529928,0.529928,0.969610,False
CAT,GWW,0.529928,0.529928,0.969611,True
ALLE,SPGI,0.529923,0.529923,0.969615,False
ON,TROW,0.529921,0.529921,0.969617,False
APO,CRH,0.529917,0.529917,0.969621,False
APO,BKNG,0.529914,0.529914,0.969624,False
IR,MA,0.529912,0.529912,0.969627,False
JPM,NCLH,0.529909,0.529909,0.969629,False
F,MTB,0.529906,0.529906,0.969633,False
NWS,STT,0.529899,0.529899,0.969640,False
SPGI,VICI,0.529888,0.529888,0.969652,False
J,V,0.529878,0.529878,0.969662,False
CAT,FIX,0.529870,0.529870,0.969670,True
APO,L,0.529857,0.529857,0.969683,True
HPE,L,0.529847,0.529847,0.969694,False
CTSH,DD,0.529829,0.529829,0.969713,False
APD,PH,0.529827,0.529827,0.969715,False
AMP,MAA,0.529824,0.529824,0.969718,False
BAC,TT,0.529823,0.529823,0.969718,False
ADI,CRL,0.529821,0.529821,0.969721,False
MGM,MPC,0.529814,0.529814,0.969728,False
BRO,FDS,0.529809,0.529809,0.969732,True
ETN,NRG,0.529790,0.529790,0.969752,False
RF,UDR,0.529780,0.529780,0.969763,False
DD,NWSA,0.529772,0.529772,0.969771,False
GLW,HWM,0.529753,0.529753,0.969791,False
BA,GM,0.529752,0.529752,0.969791,False
J,RF,0.529745,0.529745,0.969798,False
ICE,UDR,0.529727,0.529727,0.969818,False
EMR,RCL,0.529711,0.529711,0.969834,False
ESS,PNR,0.529711,0.529711,0.969834,False
ACN,EMR,0.529710,0.529710,0.969835,False
TDG,WY,0.529703,0.529703,0.969842,False
ECL,GWW,0.529688,0.529688,0.969858,False
FFIV,NXPI,0.529681,0.529681,0.969865,True
BSX,MET,0.529653,0.529653,0.969893,False
BBY,HPQ,0.529648,0.529648,0.969899,False
TDG,UNP,0.529639,0.529639,0.969908,True
AME,HST,0.529634,0.529634,0.969914,False
BAC,SYK,0.529615,0.529615,0.969933,False
V,WFC,0.529572,0.529572,0.969978,True
HST,MA,0.529569,0.529569,0.969980,False
MLM,NUE,0.529557,0.529557,0.969992,True
DOV,WDC,0.529550,0.529550,0.969999,False
GS,WDC,0.529545,0.529545,0.970005,False
ADP,LH,0.529520,0.529520,0.970031,False
DE,GD,0.529494,0.529494,0.970057,True
RJF,UAL,0.529492,0.529492,0.970059,False
MSI,NDAQ,0.529480,0.529480,0.970072,False
AMAT,FTV,0.529480,0.529480,0.970072,False
ETN,GM,0.529474,0.529474,0.970079,False
MPC,WY,0.529467,0.529467,0.970085,False
BX,HLT,0.529464,0.529464,0.970089,False
EMR,NWS,0.529457,0.529457,0.970096,False
DIS,RF,0.529445,0.529445,0.970108,False
AIG,TPR,0.529432,0.529432,0.970122,False
FRT,NI,0.529429,0.529429,0.970124,False
INTC,SWKS,0.529429,0.529429,0.970125,True
NWS,SNA,0.529416,0.529416,0.970138,False
BX,ECL,0.529410,0.529410,0.970144,False
CAT,GD,0.529399,0.529399,0.970155,True
GS,WYNN,0.529398,0.529398,0.970156,False
IQV,UNP,0.529389,0.529389,0.970166,False
KO,SYY,0.529369,0.529369,0.970187,True
AIG,TROW,0.529363,0.529363,0.970193,True
CPRT,PHM,0.529350,0.529350,0.970207,False
PSA,XEL,0.529347,0.529347,0.970210,False
FOX,PNC,0.529344,0.529344,0.970212,False
FTV,SWKS,0.529341,0.529341,0.970216,False
URI,ZBRA,0.529331,0.529331,0.970225,False
GS,NDAQ,0.529317,0.529317,0.970240,True
BX,GM,0.529312,0.529312,0.970245,False
HLT,ON,0.529309,0.529309,0.970248,False
IVZ,NUE,0.529305,0.529305,0.970252,False
GS,LYV,0.529293,0.529293,0.970264,False
AFL,DOC,0.529290,0.529290,0.970268,False
KKR,SYK,0.529283,0.529283,0.970276,False
ALLE,DHI,0.529282,0.529282,0.970276,False
MS,VMC,0.529280,0.529280,0.970278,False
AMCR,C,0.529269,0.529269,0.970290,False
EXPD,GWW,0.529263,0.529263,0.970295,True
AME,MAA,0.529260,0.529260,0.970299,False
URI,XOM,0.529256,0.529256,0.970303,False
MCO,MET,0.529255,0.529255,0.970304,True
JBHT,PH,0.529253,0.529253,0.970306,True
MCD,PNW,0.529247,0.529247,0.970312,False
CVX,TRV,0.529239,0.529239,0.970320,False
COF,WELL,0.529237,0.529237,0.970322,False
ADSK,MTD,0.529237,0.529237,0.970323,False
AFL,PAYX,0.529234,0.529234,0.970326,False
IDXX,TMO,0.529231,0.529231,0.970329,True
CBRE,LII,0.529229,0.529229,0.970330,False
ADSK,PH,0.529214,0.529214,0.970346,False
PNR,V,0.529198,0.529198,0.970362,False
EIX,L,0.529192,0.529192,0.970369,False
AFL,RSG,0.529187,0.529187,0.970374,False
APH,HD,0.529176,0.529176,0.970385,False
TXT,UDR,0.529169,0.529169,0.970393,False
EMR,OXY,0.529159,0.529159,0.970403,False
KMI,UNP,0.529147,0.529147,0.970415,False
BLK,BSX,0.529139,0.529139,0.970423,False
TJX,URI,0.529137,0.529137,0.970425,False
GM,TDG,0.529121,0.529121,0.970442,False
MCHP,PFG,0.529120,0.529120,0.970443,False
AIG,F,0.529109,0.529109,0.970454,False
CBRE,VTR,0.529106,0.529106,0.970457,True
HBAN,IEX,0.529106,0.529106,0.970458,False
SYY,WAB,0.529081,0.529081,0.970483,False
BX,ICE,0.529080,0.529080,0.970485,True
UHS,VMC,0.529076,0.529076,0.970489,False
JBL,PNC,0.529068,0.529068,0.970497,False
KKR,NWSA,0.529068,0.529068,0.970497,False
C,ECL,0.529068,0.529068,0.970497,False
ADBE,META,0.529065,0.529065,0.970500,False
TDG,WFC,0.529039,0.529039,0.970527,False
ES,SBAC,0.529030,0.529030,0.970536,False
BRK-B,PLD,0.529029,0.529029,0.970537,False
CDW,HST,0.529025,0.529025,0.970541,False
ALLE,VMC,0.529016,0.529016,0.970550,False
BLK,CPT,0.529012,0.529012,0.970554,False
USB,XOM,0.529007,0.529007,0.970560,False
BKNG,FTV,0.529004,0.529004,0.970563,False
GD,STT,0.529002,0.529002,0.970565,False
CSCO,TEL,0.528986,0.528986,0.970581,True
ECL,KIM,0.528985,0.528985,0.970582,False
CFG,UHS,0.528978,0.528978,0.970590,False
NWS,USB,0.528965,0.528965,0.970603,False
IQV,TXN,0.528964,0.528964,0.970604,False
KIM,NSC,0.528961,0.528961,0.970607,False
IDXX,MSCI,0.528960,0.528960,0.970608,False
QCOM,WDC,0.528959,0.528959,0.970609,True
BAC,HPQ,0.528957,0.528957,0.970612,False
CVX,DE,0.528955,0.528955,0.970613,False
SYK,TXT,0.528955,0.528955,0.970613,False
BSX,PH,0.528955,0.528955,0.970613,False
CF,FANG,0.528948,0.528948,0.970621,False
HD,TXN,0.528948,0.528948,0.970621,False
BR,ZTS,0.528947,0.528947,0.970621,False
FIX,JBL,0.528947,0.528947,0.970622,False
ADP,TFC,0.528944,0.528944,0.970624,False
BLDR,SNA,0.528940,0.528940,0.970629,True
AIG,FANG,0.528940,0.528940,0.970629,False
HUBB,MAR,0.528923,0.528923,0.970646,False
WM,XEL,0.528922,0.528922,0.970648,False
CSX,DRI,0.528913,0.528913,0.970656,False
BRO,HON,0.528908,0.528908,0.970661,False
LNT,PAYX,0.528893,0.528893,0.970677,False
MA,USB,0.528885,0.528885,0.970685,True
MAS,MMM,0.528880,0.528880,0.970690,True
MCO,STT,0.528870,0.528870,0.970701,True
BKNG,FITB,0.528862,0.528862,0.970709,False
HD,NXPI,0.528860,0.528860,0.970711,False
CTSH,NXPI,0.528858,0.528858,0.970713,True
AWK,EXR,0.528846,0.528846,0.970725,False
COP,URI,0.528844,0.528844,0.970727,False
GE,HLT,0.528841,0.528841,0.970731,False
BLK,COO,0.528818,0.528818,0.970754,False
ESS,TJX,0.528818,0.528818,0.970754,False
LVS,PH,0.528810,0.528810,0.970763,False
AMZN,XYZ,0.528801,0.528801,0.970772,False
INVH,SHW,0.528798,0.528798,0.970775,False
GPC,REG,0.528784,0.528784,0.970789,False
CSX,PKG,0.528782,0.528782,0.970791,False
COP,RTX,0.528777,0.528777,0.970797,False
CVX,MTB,0.528774,0.528774,0.970800,False
KEYS,KKR,0.528770,0.528770,0.970804,False
CSX,TT,0.528769,0.528769,0.970805,True
ADP,TXN,0.528767,0.528767,0.970807,False
NTRS,TDY,0.528759,0.528759,0.970815,False
AME,DTE,0.528754,0.528754,0.970820,False
AVY,COF,0.528751,0.528751,0.970823,False
GLW,LIN,0.528748,0.528748,0.970827,False
CSX,FRT,0.528731,0.528731,0.970844,False
KIM,URI,0.528727,0.528727,0.970848,False
CFG,CTAS,0.528717,0.528717,0.970859,False
LVS,TEL,0.528706,0.528706,0.970870,False
MCO,TDG,0.528704,0.528704,0.970872,False
GE,J,0.528702,0.528702,0.970874,True
CPRT,TJX,0.528696,0.528696,0.970880,False
ADP,ZTS,0.528694,0.528694,0.970882,False
IR,TDY,0.528692,0.528692,0.970884,False
ABT,ADP,0.528691,0.528691,0.970885,False
BKNG,GE,0.528686,0.528686,0.970891,False
FRT,SYK,0.528664,0.528664,0.970913,False
AOS,ROK,0.528659,0.528659,0.970919,True
CINF,KIM,0.528637,0.528637,0.970940,False
NKE,SWK,0.528630,0.528630,0.970948,False
AMP,ESS,0.528630,0.528630,0.970948,False
CPT,WEC,0.528630,0.528630,0.970948,False
GPN,PPG,0.528628,0.528628,0.970950,False
RL,STT,0.528627,0.528627,0.970951,False
EMR,LRCX,0.528624,0.528624,0.970954,False
DIS,ITW,0.528621,0.528621,0.970957,False
OXY,RF,0.528616,0.528616,0.970962,False
MCHP,STT,0.528601,0.528601,0.970978,False
BEN,IP,0.528584,0.528584,0.970995,False
CPRT,EFX,0.528575,0.528575,0.971005,True
HPE,MCHP,0.528573,0.528573,0.971007,True
NXPI,SNPS,0.528570,0.528570,0.971010,True
KKR,PCAR,0.528564,0.528564,0.971016,False
IR,ON,0.528549,0.528549,0.971032,False
BRK-B,TRMB,0.528541,0.528541,0.971040,False
MTD,SYK,0.528539,0.528539,0.971042,True
CVX,FTV,0.528533,0.528533,0.971048,False
CRM,XYZ,0.528525,0.528525,0.971056,False
PNR,UDR,0.528523,0.528523,0.971059,False
AME,MDT,0.528510,0.528510,0.971072,False
AFL,URI,0.528503,0.528503,0.971079,False
FAST,MCO,0.528500,0.528500,0.971082,False
FOXA,NWSA,0.528498,0.528498,0.971084,True
DVN,WAB,0.528496,0.528496,0.971086,False
IEX,STLD,0.528496,0.528496,0.971086,False
AMP,JBHT,0.528495,0.528495,0.971087,False
AAPL,KKR,0.528492,0.528492,0.971090,False
GPC,UNP,0.528491,0.528491,0.971091,False
HPQ,LYB,0.528482,0.528482,0.971100,False
AME,CPT,0.528481,0.528481,0.971102,False
MA,ZTS,0.528481,0.528481,0.971102,False
AMP,GL,0.528462,0.528462,0.971121,True
MCO,ZBRA,0.528461,0.528461,0.971122,False
UHS,URI,0.528447,0.528447,0.971137,False
MDLZ,MNST,0.528442,0.528442,0.971141,True
C,WELL,0.528439,0.528439,0.971145,False
ADI,JPM,0.528428,0.528428,0.971156,False
AMCR,LIN,0.528417,0.528417,0.971167,True
EME,MLM,0.528411,0.528411,0.971173,False
IVZ,MA,0.528406,0.528406,0.971179,True
F,MGM,0.528395,0.528395,0.971190,True
IDXX,SPGI,0.528392,0.528392,0.971193,False
ADI,LIN,0.528391,0.528391,0.971195,False
MAS,PRU,0.528378,0.528378,0.971207,False
PFG,PWR,0.528367,0.528367,0.971219,False
PRU,WELL,0.528367,0.528367,0.971219,False
GS,SYK,0.528363,0.528363,0.971223,False
ETN,ON,0.528359,0.528359,0.971227,False
PHM,PLD,0.528352,0.528352,0.971234,False
MA,SWK,0.528352,0.528352,0.971234,False
CPT,SYK,0.528352,0.528352,0.971235,False
BLK,ON,0.528351,0.528351,0.971236,False
AME,SCHW,0.528340,0.528340,0.971247,False
ECL,IVZ,0.528316,0.528316,0.971272,False
TJX,TROW,0.528316,0.528316,0.971272,False
AME,IBM,0.528308,0.528308,0.971280,False
KLAC,MA,0.528305,0.528305,0.971282,False
ADI,SBUX,0.528296,0.528296,0.971292,False
ACN,SWKS,0.528295,0.528295,0.971293,True
L,MCO,0.528288,0.528288,0.971300,True
AVGO,TRMB,0.528283,0.528283,0.971306,True
PSA,SO,0.528277,0.528277,0.971311,False
CTAS,TRMB,0.528277,0.528277,0.971312,False
AIZ,BAC,0.528276,0.528276,0.971313,True
DIS,TEL,0.528272,0.528272,0.971316,False
KO,SYK,0.528268,0.528268,0.971321,False
DRI,FTV,0.528265,0.528265,0.971324,False
PSX,RTX,0.528255,0.528255,0.971334,False
META,NVDA,0.528252,0.528252,0.971338,False
HON,IP,0.528238,0.528238,0.971352,False
NWSA,SNA,0.528221,0.528221,0.971369,False
A,PNR,0.528210,0.528210,0.971381,False
L,MMM,0.528207,0.528207,0.971384,False
GPN,SNA,0.528203,0.528203,0.971388,False
RF,UHS,0.528179,0.528179,0.971413,False
GE,PWR,0.528178,0.528178,0.971413,True
HWM,SYY,0.528169,0.528169,0.971423,False
AVY,WFC,0.528163,0.528163,0.971429,False
KEY,NWS,0.528147,0.528147,0.971445,False
ACN,TYL,0.528146,0.528146,0.971446,True
ARES,IQV,0.528141,0.528141,0.971452,False
ETN,RL,0.528132,0.528132,0.971460,False
PLD,VRSK,0.528132,0.528132,0.971460,False
EXC,FRT,0.528132,0.528132,0.971461,False
SYK,WELL,0.528125,0.528125,0.971468,False
GM,PCAR,0.528124,0.528124,0.971469,False
SPGI,WM,0.528104,0.528104,0.971489,False
DECK,TEL,0.528103,0.528103,0.971490,False
CRM,MCO,0.528100,0.528100,0.971494,False
BKR,STT,0.528095,0.528095,0.971499,False
LH,O,0.528094,0.528094,0.971500,False
F,SPG,0.528093,0.528093,0.971501,False
SYF,WDC,0.528088,0.528088,0.971507,False
MU,PH,0.528077,0.528077,0.971517,False
ALL,GS,0.528066,0.528066,0.971529,True
HPQ,ITW,0.528046,0.528046,0.971549,False
APA,CFG,0.528042,0.528042,0.971553,False
FTV,NWSA,0.528041,0.528041,0.971554,False
CF,LYB,0.528034,0.528034,0.971562,True
DD,DE,0.528020,0.528020,0.971576,False
BR,HON,0.528017,0.528017,0.971579,True
BA,LYB,0.528011,0.528011,0.971585,False
DOC,LEN,0.527993,0.527993,0.971604,False
CRM,SNPS,0.527989,0.527989,0.971608,True
NSC,SYK,0.527987,0.527987,0.971610,False
LIN,ROK,0.527986,0.527986,0.971611,False
J,PKG,0.527986,0.527986,0.971611,False
NTRS,TRV,0.527979,0.527979,0.971618,True
BAC,MMM,0.527964,0.527964,0.971633,False
COF,UDR,0.527964,0.527964,0.971633,False
CL,ES,0.527962,0.527962,0.971636,False
AMCR,MET,0.527961,0.527961,0.971636,False
AOS,ETN,0.527960,0.527960,0.971638,True
DIS,TFC,0.527952,0.527952,0.971646,False
LOW,TT,0.527943,0.527943,0.971655,False
CPT,MET,0.527940,0.527940,0.971658,False
RJF,VLO,0.527931,0.527931,0.971668,False
GWW,PNC,0.527923,0.527923,0.971676,False
VICI,WRB,0.527916,0.527916,0.971683,False
RCL,RL,0.527911,0.527911,0.971688,True
NUE,PNR,0.527906,0.527906,0.971693,False
BR,STE,0.527891,0.527891,0.971709,False
UNP,VMC,0.527886,0.527886,0.971714,False
PLD,VTR,0.527877,0.527877,0.971723,True
ADI,HD,0.527876,0.527876,0.971724,False
GOOG,NOW,0.527870,0.527870,0.971730,False
PGR,TRV,0.527868,0.527868,0.971733,True
DTE,FITB,0.527862,0.527862,0.971738,False
FANG,MET,0.527853,0.527853,0.971748,False
ROP,SWK,0.527852,0.527852,0.971749,False
KMI,URI,0.527850,0.527850,0.971751,False
AME,SBUX,0.527849,0.527849,0.971752,False
RSG,WY,0.527838,0.527838,0.971763,False
CPRT,LOW,0.527827,0.527827,0.971775,False
CPRT,MLM,0.527823,0.527823,0.971779,False
ADP,EVRG,0.527814,0.527814,0.971788,False
AVY,CAT,0.527812,0.527812,0.971790,False
BAC,FANG,0.527732,0.527732,0.971872,False
MCHP,NTAP,0.527730,0.527730,0.971874,True
AJG,UDR,0.527728,0.527728,0.971877,False
PFG,WELL,0.527724,0.527724,0.971881,False
CB,WM,0.527716,0.527716,0.971888,False
ARES,TRMB,0.527713,0.527713,0.971892,False
DTE,UNP,0.527701,0.527701,0.971904,False
F,KIM,0.527690,0.527690,0.971915,False
BR,MSI,0.527687,0.527687,0.971918,False
L,MAR,0.527685,0.527685,0.971920,False
BAC,MDT,0.527679,0.527679,0.971927,False
CDW,EME,0.527673,0.527673,0.971933,False
TDG,TJX,0.527664,0.527664,0.971942,False
BA,BRK-B,0.527651,0.527651,0.971956,False
CPT,KO,0.527649,0.527649,0.971958,False
BKNG,LVS,0.527649,0.527649,0.971958,True
DE,USB,0.527643,0.527643,0.971964,False
APH,UNP,0.527629,0.527629,0.971978,False
CSX,VICI,0.527629,0.527629,0.971979,False
COF,DOC,0.527625,0.527625,0.971983,False
IRM,SPG,0.527624,0.527624,0.971984,True
INTU,META,0.527623,0.527623,0.971985,False
BRK-B,FCX,0.527621,0.527621,0.971987,False
FICO,MSFT,0.527617,0.527617,0.971990,True
ROP,STE,0.527591,0.527591,0.972017,False
AIG,ECL,0.527589,0.527589,0.972019,False
APO,CDW,0.527583,0.527583,0.972026,False
CRH,SPG,0.527582,0.527582,0.972026,False
MCHP,MET,0.527569,0.527569,0.972040,False
C,ON,0.527563,0.527563,0.972046,False
EQIX,NDAQ,0.527560,0.527560,0.972049,False
APTV,SYY,0.527547,0.527547,0.972063,False
AMP,BBY,0.527544,0.527544,0.972066,False
PAYX,YUM,0.527525,0.527525,0.972086,False
HD,SNA,0.527521,0.527521,0.972089,False
AME,PHM,0.527515,0.527515,0.972095,False
IBKR,WFC,0.527513,0.527513,0.972098,True
ALLE,UNP,0.527501,0.527501,0.972110,True
SWK,V,0.527492,0.527492,0.972119,False
ISRG,SNPS,0.527486,0.527486,0.972125,False
DHI,PPG,0.527484,0.527484,0.972127,False
KMI,WFC,0.527484,0.527484,0.972128,False
BEN,RL,0.527480,0.527480,0.972132,False
MPC,NTRS,0.527477,0.527477,0.972134,False
JBL,SNA,0.527476,0.527476,0.972136,False
TJX,YUM,0.527467,0.527467,0.972145,True
CDW,SPG,0.527462,0.527462,0.972150,False
JBL,STT,0.527459,0.527459,0.972153,False
BKNG,TROW,0.527458,0.527458,0.972154,False
CPT,NDAQ,0.527457,0.527457,0.972155,False
NCLH,TFC,0.527457,0.527457,0.972155,False
HON,PWR,0.527438,0.527438,0.972175,True
HII,MET,0.527434,0.527434,0.972179,False
AVY,KIM,0.527426,0.527426,0.972187,False
BEN,JCI,0.527420,0.527420,0.972194,False
JBL,MLM,0.527413,0.527413,0.972200,False
ARE,AWK,0.527407,0.527407,0.972206,False
F,PNR,0.527407,0.527407,0.972207,False
APTV,HPQ,0.527396,0.527396,0.972218,False
TXN,V,0.527395,0.527395,0.972219,False
DIS,NWS,0.527391,0.527391,0.972223,True
APA,BAC,0.527384,0.527384,0.972231,False
A,IDXX,0.527369,0.527369,0.972246,True
BKNG,MCHP,0.527360,0.527360,0.972255,False
JBL,XYL,0.527349,0.527349,0.972266,False
COF,XOM,0.527343,0.527343,0.972272,False
AME,ROST,0.527341,0.527341,0.972275,False
MA,WFC,0.527340,0.527340,0.972276,True
DE,J,0.527335,0.527335,0.972281,True
DIS,NWSA,0.527332,0.527332,0.972284,True
HD,TRMB,0.527331,0.527331,0.972285,False
AWK,ESS,0.527324,0.527324,0.972292,False
GOOGL,NOW,0.527323,0.527323,0.972293,False
LOW,MLM,0.527322,0.527322,0.972294,False
AAPL,CPRT,0.527316,0.527316,0.972300,False
DUK,PAYX,0.527310,0.527310,0.972307,False
AVY,C,0.527302,0.527302,0.972315,False
FIX,RJF,0.527297,0.527297,0.972319,False
TRMB,VMC,0.527297,0.527297,0.972320,False
AVY,IQV,0.527292,0.527292,0.972325,False
CPAY,ROK,0.527292,0.527292,0.972325,False
MTD,PPG,0.527291,0.527291,0.972326,False
ALLE,NDAQ,0.527288,0.527288,0.972329,False
DRI,HWM,0.527285,0.527285,0.972333,False
ECL,ROK,0.527273,0.527273,0.972344,False
CFG,NXPI,0.527269,0.527269,0.972349,False
TPL,WMB,0.527256,0.527256,0.972362,True
DIS,HBAN,0.527255,0.527255,0.972363,False
ARE,SWK,0.527247,0.527247,0.972371,False
CDW,MSI,0.527245,0.527245,0.972374,True
JCI,TPR,0.527239,0.527239,0.972380,False
BXP,GM,0.527236,0.527236,0.972383,False
DD,OMC,0.527233,0.527233,0.972385,False
GLW,IEX,0.527231,0.527231,0.972388,False
CDW,USB,0.527229,0.527229,0.972390,False
JPM,MDT,0.527222,0.527222,0.972397,False
NDSN,SBUX,0.527212,0.527212,0.972407,False
MS,SBUX,0.527209,0.527209,0.972411,False
PH,TRV,0.527208,0.527208,0.972411,False
IQV,PFG,0.527198,0.527198,0.972421,False
CDW,GWW,0.527198,0.527198,0.972422,False
BX,CDNS,0.527188,0.527188,0.972432,False
CNP,GD,0.527185,0.527185,0.972435,False
MPC,WAB,0.527175,0.527175,0.972445,False
ADP,BX,0.527172,0.527172,0.972449,False
TJX,WFC,0.527161,0.527161,0.972460,False
APO,HPE,0.527161,0.527161,0.972460,False
EXPE,PH,0.527160,0.527160,0.972460,False
EME,RJF,0.527144,0.527144,0.972477,False
PNC,TT,0.527139,0.527139,0.972482,False
CBRE,TDY,0.527135,0.527135,0.972487,False
BKR,DOW,0.527133,0.527133,0.972488,False
BXP,OMC,0.527130,0.527130,0.972492,False
AIZ,HBAN,0.527127,0.527127,0.972494,True
DIS,RJF,0.527122,0.527122,0.972500,False
ETN,MGM,0.527116,0.527116,0.972506,False
MTD,XYL,0.527109,0.527109,0.972513,False
ACN,ETN,0.527109,0.527109,0.972513,False
ARE,IQV,0.527103,0.527103,0.972519,False
ECL,STE,0.527079,0.527079,0.972544,False
ARES,RF,0.527077,0.527077,0.972546,True
BEN,NWS,0.527074,0.527074,0.972549,False
CCI,SPGI,0.527064,0.527064,0.972560,False
DD,GE,0.527049,0.527049,0.972575,False
PAYC,XYZ,0.527046,0.527046,0.972578,False
ARE,PPL,0.527038,0.527038,0.972586,False
KKR,NSC,0.527034,0.527034,0.972591,False
ADBE,MA,0.527023,0.527023,0.972602,False
MGM,PHM,0.527021,0.527021,0.972604,True
MTB,SYY,0.527016,0.527016,0.972609,False
CTSH,UNP,0.527008,0.527008,0.972617,False
MLM,VICI,0.526998,0.526998,0.972627,False
APO,MTB,0.526988,0.526988,0.972637,True
EMR,FAST,0.526983,0.526983,0.972643,True
CFG,EOG,0.526976,0.526976,0.972650,False
F,PCAR,0.526974,0.526974,0.972652,False
IVZ,LIN,0.526960,0.526960,0.972666,False
GLW,KEYS,0.526958,0.526958,0.972669,True
TJX,WAB,0.526952,0.526952,0.972675,False
GS,XOM,0.526942,0.526942,0.972685,False
FOX,PH,0.526937,0.526937,0.972690,False
IP,WAB,0.526934,0.526934,0.972693,False
ESS,V,0.526930,0.526930,0.972698,False
EMR,UHS,0.526918,0.526918,0.972710,False
DUK,WRB,0.526913,0.526913,0.972715,False
BRK-B,VRSK,0.526913,0.526913,0.972715,False
ETN,NTAP,0.526909,0.526909,0.972719,False
ARE,IRM,0.526907,0.526907,0.972721,True
AFL,HCA,0.526886,0.526886,0.972742,False
IBKR,PFG,0.526884,0.526884,0.972745,True
LUV,SPG,0.526880,0.526880,0.972749,False
ADSK,VRSN,0.526856,0.526856,0.972773,True
EQIX,IRM,0.526855,0.526855,0.972774,True
D,PLD,0.526848,0.526848,0.972781,False
SNPS,TXN,0.526841,0.526841,0.972789,True
CME,TRV,0.526838,0.526838,0.972791,True
GD,JCI,0.526834,0.526834,0.972796,True
ACN,SWK,0.526833,0.526833,0.972797,False
BSX,DOV,0.526831,0.526831,0.972799,False
IVZ,MMM,0.526830,0.526830,0.972800,False
BSX,PAYX,0.526830,0.526830,0.972801,False
ACN,SHW,0.526829,0.526829,0.972801,False
NTRS,WRB,0.526826,0.526826,0.972804,True
BAC,WYNN,0.526824,0.526824,0.972806,False
GPN,UDR,0.526820,0.526820,0.972810,False
HPE,NDSN,0.526819,0.526819,0.972811,False
FITB,MCO,0.526814,0.526814,0.972817,True
GOOG,MPWR,0.526811,0.526811,0.972820,False
ADI,CSCO,0.526806,0.526806,0.972825,True
CTAS,TFC,0.526803,0.526803,0.972828,False
GWW,PPG,0.526791,0.526791,0.972840,False
BKNG,LIN,0.526780,0.526780,0.972851,False
SYY,TEL,0.526777,0.526777,0.972855,False
ANET,MSFT,0.526757,0.526757,0.972875,True
ROP,TT,0.526753,0.526753,0.972880,False
FIX,XYL,0.526737,0.526737,0.972896,True
CF,PSX,0.526723,0.526723,0.972910,False
J,VMC,0.526716,0.526716,0.972917,False
MSCI,PAYC,0.526711,0.526711,0.972923,False
O,PFG,0.526706,0.526706,0.972928,False
CFG,EME,0.526704,0.526704,0.972930,False
AMAT,GS,0.526701,0.526701,0.972933,False
DRI,NVR,0.526700,0.526700,0.972934,True
CPAY,NDSN,0.526696,0.526696,0.972938,False
ROST,TDG,0.526689,0.526689,0.972945,False
KIM,TRV,0.526687,0.526687,0.972947,False
AFL,COP,0.526686,0.526686,0.972948,False
ADP,HIG,0.526673,0.526673,0.972961,False
OKE,STLD,0.526672,0.526672,0.972963,False
JBL,PPG,0.526664,0.526664,0.972970,False
AOS,NTRS,0.526654,0.526654,0.972981,False
CPT,USB,0.526647,0.526647,0.972988,False
J,TJX,0.526635,0.526635,0.973000,False
MDT,PPG,0.526624,0.526624,0.973011,False
KIM,VLO,0.526614,0.526614,0.973022,False
DE,PPG,0.526604,0.526604,0.973033,False
CDNS,IQV,0.526603,0.526603,0.973033,False
PNC,WMB,0.526603,0.526603,0.973034,False
HLT,MTB,0.526600,0.526600,0.973036,False
EME,HON,0.526570,0.526570,0.973067,True
GPN,HLT,0.526562,0.526562,0.973075,False
AIG,BEN,0.526551,0.526551,0.973087,True
BAC,EG,0.526548,0.526548,0.973090,True
CAG,SJM,0.526537,0.526537,0.973101,True
CF,VLO,0.526527,0.526527,0.973111,False
MDT,SPGI,0.526523,0.526523,0.973115,False
LIN,USB,0.526523,0.526523,0.973116,False
AFL,BSX,0.526523,0.526523,0.973116,False
CBRE,ROP,0.526520,0.526520,0.973119,False
EXPD,FTV,0.526519,0.526519,0.973119,True
MSFT,TRMB,0.526513,0.526513,0.973126,True
RTX,UNP,0.526468,0.526468,0.973172,True
HUBB,ON,0.526461,0.526461,0.973179,False
FDX,IVZ,0.526454,0.526454,0.973186,False
DIS,GPN,0.526451,0.526451,0.973189,False
IEX,WFC,0.526434,0.526434,0.973207,False
IQV,SYF,0.526431,0.526431,0.973210,False
AVGO,PWR,0.526422,0.526422,0.973219,False
APTV,HUBB,0.526401,0.526401,0.973241,False
HD,NDAQ,0.526398,0.526398,0.973244,False
ARE,ITW,0.526385,0.526385,0.973257,False
MA,TFC,0.526385,0.526385,0.973258,True
BA,L,0.526372,0.526372,0.973271,False
AMCR,NSC,0.526368,0.526368,0.973275,False
HUBB,UNP,0.526361,0.526361,0.973282,True
AME,BKNG,0.526360,0.526360,0.973283,False
APO,IBKR,0.526360,0.526360,0.973283,True
L,ROK,0.526358,0.526358,0.973285,False
IR,UAL,0.526355,0.526355,0.973288,True
MAS,MCHP,0.526350,0.526350,0.973293,False
ADP,SWK,0.526325,0.526325,0.973319,True
PNW,WY,0.526325,0.526325,0.973319,False
NI,VICI,0.526299,0.526299,0.973346,False
LRCX,PNR,0.526295,0.526295,0.973350,False
PNR,TJX,0.526291,0.526291,0.973354,False
CB,PNW,0.526282,0.526282,0.973364,False
BR,FDS,0.526269,0.526269,0.973377,False
HSY,MCD,0.526268,0.526268,0.973378,False
HAL,WY,0.526264,0.526264,0.973382,False
CDW,UNP,0.526258,0.526258,0.973388,False
MET,ROST,0.526231,0.526231,0.973416,False
CFG,MOS,0.526227,0.526227,0.973420,False
PPG,VICI,0.526227,0.526227,0.973420,False
BXP,NSC,0.526193,0.526193,0.973455,False
COP,USB,0.526190,0.526190,0.973458,False
DE,NTRS,0.526181,0.526181,0.973467,False
TROW,XYZ,0.526175,0.526175,0.973473,True
MAR,SYK,0.526170,0.526170,0.973479,False
CFG,J,0.526167,0.526167,0.973481,False
HCA,WELL,0.526166,0.526166,0.973482,False
MCD,MDT,0.526164,0.526164,0.973485,False
CDW,HWM,0.526143,0.526143,0.973506,False
JCI,MA,0.526135,0.526135,0.973514,False
TROW,UDR,0.526125,0.526125,0.973525,False
AVY,CB,0.526123,0.526123,0.973527,False
TRMB,XYZ,0.526116,0.526116,0.973533,False
KKR,MU,0.526112,0.526112,0.973538,False
HLT,JCI,0.526105,0.526105,0.973545,False
AON,ECL,0.526104,0.526104,0.973546,False
CDNS,JBL,0.526092,0.526092,0.973559,True
BRK-B,EIX,0.526087,0.526087,0.973563,False
GD,LIN,0.526083,0.526083,0.973568,False
PFG,ZBH,0.526071,0.526071,0.973580,False
AXP,DTE,0.526067,0.526067,0.973584,False
AAPL,ZBRA,0.526047,0.526047,0.973605,True
MET,ROP,0.526021,0.526021,0.973631,False
ECL,HUBB,0.526019,0.526019,0.973633,False
CSX,VMC,0.526015,0.526015,0.973638,False
BLDR,IR,0.526014,0.526014,0.973639,True
CAT,GM,0.526013,0.526013,0.973640,False
AXP,EG,0.526007,0.526007,0.973646,True
BA,VICI,0.526001,0.526001,0.973652,False
LEN,PH,0.525999,0.525999,0.973654,False
ADI,DOW,0.525983,0.525983,0.973671,False
BA,KEY,0.525981,0.525981,0.973672,False
KO,MKC,0.525978,0.525978,0.973675,True
BX,PHM,0.525977,0.525977,0.973677,False
RF,WELL,0.525970,0.525970,0.973683,False
TROW,UPS,0.525940,0.525940,0.973715,False
SYY,TDY,0.525937,0.525937,0.973718,False
APD,MET,0.525932,0.525932,0.973723,False
DVN,MS,0.525927,0.525927,0.973727,False
MDT,PPL,0.525917,0.525917,0.973738,False
MSFT,NDSN,0.525903,0.525903,0.973752,False
AME,KIM,0.525888,0.525888,0.973768,False
APH,USB,0.525882,0.525882,0.973774,False
AFL,NSC,0.525878,0.525878,0.973778,False
AME,FDS,0.525877,0.525877,0.973779,False
MLM,SPGI,0.525875,0.525875,0.973781,False
MA,UDR,0.525866,0.525866,0.973791,False
PFG,SRE,0.525860,0.525860,0.973796,False
BLK,XYZ,0.525841,0.525841,0.973817,True
AON,SPGI,0.525840,0.525840,0.973817,True
GS,PAYX,0.525838,0.525838,0.973820,False
COO,DOV,0.525837,0.525837,0.973820,False
FDS,ITW,0.525837,0.525837,0.973821,False
AEE,L,0.525835,0.525835,0.973822,False
COP,WFC,0.525814,0.525814,0.973844,False
GRMN,XYL,0.525814,0.525814,0.973844,False
ITW,RL,0.525806,0.525806,0.973852,False
MET,NDAQ,0.525779,0.525779,0.973880,True
JPM,TRGP,0.525777,0.525777,0.973882,False
JBL,TDG,0.525773,0.525773,0.973886,False
FITB,OXY,0.525765,0.525765,0.973894,False
CPT,TFC,0.525763,0.525763,0.973896,False
AJG,ETR,0.525758,0.525758,0.973901,False
LYB,RTX,0.525751,0.525751,0.973908,False
CDW,STT,0.525750,0.525750,0.973909,False
GPN,LIN,0.525741,0.525741,0.973919,False
BLK,DHR,0.525734,0.525734,0.973926,False
RJF,TDY,0.525732,0.525732,0.973928,False
GD,MA,0.525732,0.525732,0.973929,False
DTE,TDY,0.525723,0.525723,0.973938,False
ADBE,XYZ,0.525721,0.525721,0.973940,False
AMD,GOOGL,0.525718,0.525718,0.973942,False
AFL,TT,0.525715,0.525715,0.973945,False
CVX,REG,0.525713,0.525713,0.973948,False
BRK-B,PGR,0.525712,0.525712,0.973949,True
CB,O,0.525710,0.525710,0.973950,False
DTE,NSC,0.525710,0.525710,0.973951,False
AVY,F,0.525710,0.525710,0.973951,False
MCO,SBAC,0.525700,0.525700,0.973961,False
MCO,RJF,0.525698,0.525698,0.973963,True
AME,INVH,0.525698,0.525698,0.973963,False
COF,FOX,0.525693,0.525693,0.973968,False
BX,UNP,0.525692,0.525692,0.973969,False
DOC,L,0.525672,0.525672,0.973990,False
NTRS,PSX,0.525667,0.525667,0.973994,False
APH,HBAN,0.525666,0.525666,0.973996,False
CDNS,ROP,0.525664,0.525664,0.973998,True
PPG,REG,0.525653,0.525653,0.974010,False
AVY,MMM,0.525650,0.525650,0.974012,False
SBUX,WY,0.525645,0.525645,0.974018,False
GNRC,MAS,0.525644,0.525644,0.974018,True
ETN,NVDA,0.525640,0.525640,0.974022,False
ADI,MAS,0.525638,0.525638,0.974025,False
BLDR,CDW,0.525625,0.525625,0.974038,False
CSCO,DOV,0.525619,0.525619,0.974044,False
KIM,RL,0.525605,0.525605,0.974058,False
DTE,HSY,0.525600,0.525600,0.974063,False
ADSK,ON,0.525598,0.525598,0.974065,True
LIN,TXN,0.525590,0.525590,0.974074,False
ADI,FFIV,0.525579,0.525579,0.974086,True
PTC,TEL,0.525576,0.525576,0.974088,True
IEX,ZBRA,0.525568,0.525568,0.974096,False
ESS,KO,0.525562,0.525562,0.974103,False
PGR,WRB,0.525561,0.525561,0.974104,True
BX,NWSA,0.525557,0.525557,0.974108,False
ARES,IBKR,0.525545,0.525545,0.974120,True
ITW,MAR,0.525544,0.525544,0.974121,False
AMT,ICE,0.525539,0.525539,0.974126,False
MCHP,PRU,0.525535,0.525535,0.974130,False
PRU,ROP,0.525518,0.525518,0.974148,False
FIX,FTV,0.525513,0.525513,0.974153,True
CTSH,FIS,0.525511,0.525511,0.974155,False
IQV,PNC,0.525509,0.525509,0.974157,False
CAT,MPC,0.525495,0.525495,0.974171,False
AJG,PH,0.525493,0.525493,0.974174,False
DE,HUBB,0.525483,0.525483,0.974184,True
INTU,VRSK,0.525479,0.525479,0.974188,False
DRI,SWK,0.525460,0.525460,0.974207,False
BR,XYL,0.525447,0.525447,0.974220,True
SRE,VTR,0.525445,0.525445,0.974223,False
AIG,PAYX,0.525441,0.525441,0.974227,False
CRH,CTAS,0.525429,0.525429,0.974239,False
EXPE,TEL,0.525427,0.525427,0.974241,False
FOX,PRU,0.525426,0.525426,0.974243,False
DTE,ITW,0.525413,0.525413,0.974256,False
ALL,C,0.525396,0.525396,0.974273,True
BSX,IQV,0.525386,0.525386,0.974283,True
LYV,MS,0.525386,0.525386,0.974284,False
PAYX,STE,0.525379,0.525379,0.974291,False
AMP,YUM,0.525370,0.525370,0.974299,False
KEY,TJX,0.525367,0.525367,0.974302,False
VMC,WY,0.525359,0.525359,0.974311,False
CTAS,NTRS,0.525358,0.525358,0.974312,False
AVY,MTD,0.525334,0.525334,0.974337,False
BKNG,CBRE,0.525324,0.525324,0.974346,False
FITB,TT,0.525324,0.525324,0.974347,False
CB,MDT,0.525322,0.525322,0.974349,False
LOW,MCD,0.525314,0.525314,0.974358,True
CAT,VLO,0.525305,0.525305,0.974366,False
C,PAYX,0.525296,0.525296,0.974376,False
ARES,DD,0.525295,0.525295,0.974376,False
ARE,LNT,0.525295,0.525295,0.974377,False
ARE,ES,0.525275,0.525275,0.974397,False
FTV,ROST,0.525274,0.525274,0.974398,False
ITW,WRB,0.525260,0.525260,0.974412,False
KKR,TER,0.525245,0.525245,0.974428,False
FCX,KKR,0.525243,0.525243,0.974430,False
CBRE,MTD,0.525226,0.525226,0.974447,False
BLDR,VICI,0.525223,0.525223,0.974450,False
CVX,NSC,0.525222,0.525222,0.974452,False
AIG,CDW,0.525215,0.525215,0.974459,False
F,RCL,0.525214,0.525214,0.974460,True
RTX,VLO,0.525201,0.525201,0.974473,False
ADP,ADSK,0.525185,0.525185,0.974490,False
CSCO,ROP,0.525184,0.525184,0.974490,True
CRH,PCAR,0.525173,0.525173,0.974502,False
C,WDC,0.525167,0.525167,0.974508,False
EIX,MAA,0.525164,0.525164,0.974511,False
ACGL,SYK,0.525159,0.525159,0.974516,False
LEN,MCO,0.525147,0.525147,0.974529,False
AOS,HUBB,0.525146,0.525146,0.974529,True
J,LYB,0.525141,0.525141,0.974535,False
HWM,KMI,0.525137,0.525137,0.974539,False
BX,SHW,0.525120,0.525120,0.974556,False
ITW,PWR,0.525117,0.525117,0.974559,True
BLK,INVH,0.525113,0.525113,0.974564,False
BBY,CMI,0.525111,0.525111,0.974566,False
PCAR,STLD,0.525109,0.525109,0.974568,False
SRE,WRB,0.525099,0.525099,0.974578,False
PYPL,V,0.525082,0.525082,0.974595,True
NTRS,TJX,0.525056,0.525056,0.974622,False
MGM,SNA,0.525047,0.525047,0.974631,False
GPC,ROST,0.525047,0.525047,0.974631,True
CDW,DRI,0.525033,0.525033,0.974645,False
JBL,STLD,0.525028,0.525028,0.974651,False
APO,CMI,0.525016,0.525016,0.974663,False
CPAY,FISV,0.525009,0.525009,0.974670,True
MA,MCHP,0.524990,0.524990,0.974690,False
LUV,WYNN,0.524974,0.524974,0.974706,False
ITW,MSI,0.524963,0.524963,0.974717,False
COF,EME,0.524954,0.524954,0.974727,False
AFL,BRO,0.524954,0.524954,0.974727,True
GPC,GS,0.524949,0.524949,0.974732,False
KO,V,0.524943,0.524943,0.974738,False
DOV,ISRG,0.524936,0.524936,0.974746,False
CDW,MLM,0.524935,0.524935,0.974746,False
APTV,DOW,0.524929,0.524929,0.974752,False
BBY,FTV,0.524920,0.524920,0.974762,False
LUV,RL,0.524919,0.524919,0.974762,False
LYV,REG,0.524911,0.524911,0.974771,False
ISRG,NOW,0.524908,0.524908,0.974774,False
SYK,UNP,0.524904,0.524904,0.974778,False
A,AMP,0.524898,0.524898,0.974784,False
AMZN,PYPL,0.524896,0.524896,0.974787,False
COST,HD,0.524895,0.524895,0.974787,False
MLM,ROST,0.524887,0.524887,0.974795,False
AMAT,EMR,0.524885,0.524885,0.974798,False
MDT,REG,0.524866,0.524866,0.974817,False
O,SYF,0.524865,0.524865,0.974818,False
SYF,TRGP,0.524865,0.524865,0.974818,False
CB,GS,0.524856,0.524856,0.974827,True
CDW,HBAN,0.524856,0.524856,0.974828,False
BRO,SYK,0.524852,0.524852,0.974831,False
CTAS,NXPI,0.524850,0.524850,0.974833,False
BKNG,KIM,0.524850,0.524850,0.974833,False
HLT,USB,0.524849,0.524849,0.974834,False
BKNG,PPG,0.524827,0.524827,0.974857,False
ADP,GPC,0.524824,0.524824,0.974860,False
ETN,TXN,0.524823,0.524823,0.974861,False
ACGL,SRE,0.524814,0.524814,0.974870,False
COF,PAYX,0.524808,0.524808,0.974877,False
J,PPG,0.524807,0.524807,0.974877,False
AON,PAYX,0.524806,0.524806,0.974879,False
STT,TJX,0.524803,0.524803,0.974881,False
HD,MLM,0.524800,0.524800,0.974885,False
KIM,TDY,0.524798,0.524798,0.974886,False
L,ZBH,0.524790,0.524790,0.974895,False
LVS,RCL,0.524789,0.524789,0.974896,True
MAA,ROP,0.524788,0.524788,0.974897,False
PKG,SWK,0.524786,0.524786,0.974899,False
HWM,SLB,0.524786,0.524786,0.974899,False
GRMN,SWK,0.524773,0.524773,0.974912,False
HUBB,MCHP,0.524767,0.524767,0.974918,False
AMT,FE,0.524762,0.524762,0.974923,False
HIG,MAR,0.524758,0.524758,0.974928,False
SYF,SYK,0.524747,0.524747,0.974939,False
PEG,REG,0.524744,0.524744,0.974942,False
BLK,VICI,0.524738,0.524738,0.974948,False
CFG,EG,0.524732,0.524732,0.974954,True
MCHP,PTC,0.524731,0.524731,0.974955,True
BX,HST,0.524730,0.524730,0.974956,False
AVY,ROK,0.524725,0.524725,0.974962,False
STT,XOM,0.524722,0.524722,0.974964,False
MSFT,XYZ,0.524717,0.524717,0.974969,False
ARES,TFC,0.524713,0.524713,0.974973,True
NSC,TT,0.524702,0.524702,0.974985,True
DOC,MCO,0.524683,0.524683,0.975005,False
BKNG,L,0.524681,0.524681,0.975007,False
KO,VRSK,0.524679,0.524679,0.975009,False
IQV,NSC,0.524667,0.524667,0.975021,False
HST,KKR,0.524660,0.524660,0.975028,False
AAPL,PYPL,0.524654,0.524654,0.975034,False
TRMB,USB,0.524649,0.524649,0.975040,False
DVN,TXT,0.524643,0.524643,0.975045,False
CDW,QCOM,0.524630,0.524630,0.975059,True
DOW,KIM,0.524625,0.524625,0.975064,False
O,WMB,0.524624,0.524624,0.975065,False
CRH,HIG,0.524624,0.524624,0.975065,False
HST,OKE,0.524619,0.524619,0.975070,False
AFL,ALLE,0.524618,0.524618,0.975072,False
FTV,PKG,0.524601,0.524601,0.975088,False
HST,TRMB,0.524599,0.524599,0.975091,False
GE,TROW,0.524592,0.524592,0.975098,False
MCD,WRB,0.524591,0.524591,0.975099,False
RTX,WELL,0.524578,0.524578,0.975112,False
CAT,TRMB,0.524578,0.524578,0.975113,False
KIM,MDT,0.524570,0.524570,0.975120,False
HWM,V,0.524564,0.524564,0.975127,False
BBY,BLK,0.524555,0.524555,0.975136,False
ETR,L,0.524541,0.524541,0.975150,False
EL,SBUX,0.524541,0.524541,0.975151,False
EVRG,PSA,0.524539,0.524539,0.975153,False
JCI,TJX,0.524530,0.524530,0.975161,False
ADI,LYB,0.524526,0.524526,0.975166,False
EFX,ROP,0.524517,0.524517,0.975175,False
COF,IQV,0.524516,0.524516,0.975176,False
AZO,HD,0.524508,0.524508,0.975184,True
AEE,ARE,0.524507,0.524507,0.975185,False
FOX,HBAN,0.524502,0.524502,0.975191,False
BLDR,IVZ,0.524500,0.524500,0.975192,False
DRI,TFC,0.524496,0.524496,0.975197,False
TRGP,VTR,0.524489,0.524489,0.975203,False
DVN,SPG,0.524482,0.524482,0.975211,False
ACN,GOOGL,0.524479,0.524479,0.975214,False
BX,MLM,0.524475,0.524475,0.975218,False
APD,NDSN,0.524467,0.524467,0.975227,False
GD,MAA,0.524466,0.524466,0.975227,False
IQV,VICI,0.524461,0.524461,0.975232,False
MCO,TMO,0.524458,0.524458,0.975236,False
IQV,PHM,0.524456,0.524456,0.975238,False
BLK,UDR,0.524453,0.524453,0.975240,False
DOC,HON,0.524447,0.524447,0.975246,False
FAST,TXN,0.524441,0.524441,0.975253,False
GRMN,WY,0.524440,0.524440,0.975253,False
IR,RL,0.524439,0.524439,0.975255,False
CSX,TPR,0.524428,0.524428,0.975266,False
ADP,ISRG,0.524421,0.524421,0.975273,False
ETR,TRV,0.524419,0.524419,0.975276,False
JPM,SPGI,0.524414,0.524414,0.975281,True
CTAS,WTW,0.524413,0.524413,0.975282,False
NWSA,WAB,0.524407,0.524407,0.975288,False
SBUX,SPGI,0.524402,0.524402,0.975293,False
ACGL,XYL,0.524399,0.524399,0.975296,False
DOW,TPR,0.524388,0.524388,0.975307,False
APO,ISRG,0.524386,0.524386,0.975309,False
CPT,ED,0.524382,0.524382,0.975314,False
SHW,TT,0.524376,0.524376,0.975320,False
AVY,TPR,0.524372,0.524372,0.975324,False
DOC,HD,0.524370,0.524370,0.975326,False
DOW,ETN,0.524361,0.524361,0.975335,False
MLM,UHS,0.524359,0.524359,0.975337,False
CTAS,IVZ,0.524354,0.524354,0.975342,False
HBAN,JBL,0.524347,0.524347,0.975349,False
APO,CTAS,0.524341,0.524341,0.975356,False
GPC,JPM,0.524333,0.524333,0.975364,False
FOX,L,0.524317,0.524317,0.975380,False
MTD,STE,0.524310,0.524310,0.975387,True
A,STE,0.524308,0.524308,0.975389,True
VRSK,WTW,0.524304,0.524304,0.975393,False
CDW,WFC,0.524304,0.524304,0.975393,False
FTV,INVH,0.524296,0.524296,0.975401,False
ESS,RF,0.524276,0.524276,0.975422,False
ADP,AON,0.524268,0.524268,0.975430,False
APTV,DECK,0.524265,0.524265,0.975433,True
FCX,TPR,0.524260,0.524260,0.975438,False
CBRE,NXPI,0.524255,0.524255,0.975444,False
PPG,SYY,0.524254,0.524254,0.975445,False
HBAN,LYV,0.524248,0.524248,0.975450,False
FOX,GS,0.524244,0.524244,0.975455,False
KEY,PKG,0.524240,0.524240,0.975459,False
FTNT,MSFT,0.524234,0.524234,0.975465,True
MS,SYY,0.524221,0.524221,0.975479,False
C,SPGI,0.524218,0.524218,0.975482,True
TDG,XYL,0.524217,0.524217,0.975482,True
ECL,STT,0.524205,0.524205,0.975495,False
CRL,TRMB,0.524198,0.524198,0.975501,False
CTSH,LOW,0.524198,0.524198,0.975502,False
AOS,TXT,0.524197,0.524197,0.975503,True
BSX,ECL,0.524193,0.524193,0.975507,False
COF,HD,0.524186,0.524186,0.975515,False
IR,SLB,0.524164,0.524164,0.975536,False
HAL,MTB,0.524162,0.524162,0.975539,False
CINF,TROW,0.524162,0.524162,0.975539,True
BX,L,0.524145,0.524145,0.975556,True
AJG,PRU,0.524144,0.524144,0.975558,True
COO,MTD,0.524134,0.524134,0.975567,True
MLM,RTX,0.524122,0.524122,0.975580,False
LRCX,ROK,0.524118,0.524118,0.975584,False
HAL,MGM,0.524115,0.524115,0.975587,False
CFG,FOX,0.524108,0.524108,0.975594,False
NSC,TPR,0.524105,0.524105,0.975597,False
ECL,MDLZ,0.524105,0.524105,0.975597,False
APD,DD,0.524102,0.524102,0.975600,True
COF,SYK,0.524099,0.524099,0.975603,False
OKE,UHS,0.524090,0.524090,0.975613,False
L,LNT,0.524077,0.524077,0.975626,False
CPRT,IQV,0.524075,0.524075,0.975628,False
ADP,STT,0.524072,0.524072,0.975631,False
BKNG,TJX,0.524069,0.524069,0.975634,True
AMCR,USB,0.524062,0.524062,0.975641,False
CRM,NVDA,0.524051,0.524051,0.975653,True
F,MAR,0.524036,0.524036,0.975668,True
AIZ,WAB,0.524031,0.524031,0.975674,False
ACN,ICE,0.524029,0.524029,0.975675,False
JNJ,WEC,0.524028,0.524028,0.975676,False
INTU,QCOM,0.524027,0.524027,0.975677,True
KKR,NWS,0.524020,0.524020,0.975685,False
EG,RF,0.524016,0.524016,0.975688,True
BRK-B,DOC,0.524010,0.524010,0.975695,False
ECL,VRSN,0.524009,0.524009,0.975695,False
SYY,VLO,0.524007,0.524007,0.975698,False
CBRE,JBL,0.524007,0.524007,0.975698,False
ACN,TXT,0.524005,0.524005,0.975700,False
AWK,VRSK,0.524002,0.524002,0.975702,False
IEX,IP,0.523999,0.523999,0.975706,False
CSX,MCHP,0.523997,0.523997,0.975708,False
BLDR,NXPI,0.523974,0.523974,0.975731,False
FITB,SYK,0.523972,0.523972,0.975733,False
CNP,WM,0.523955,0.523955,0.975751,False
MAS,ROP,0.523953,0.523953,0.975753,False
MSFT,PTC,0.523923,0.523923,0.975784,True
AME,OKE,0.523913,0.523913,0.975794,False
JBL,NTAP,0.523903,0.523903,0.975804,True
FTV,VICI,0.523900,0.523900,0.975807,False
FCX,GM,0.523898,0.523898,0.975809,False
CSX,HST,0.523884,0.523884,0.975823,False
KKR,QCOM,0.523883,0.523883,0.975825,False
APH,GRMN,0.523880,0.523880,0.975828,False
BKNG,RF,0.523877,0.523877,0.975831,False
PG,VRSK,0.523868,0.523868,0.975840,False
IR,OKE,0.523865,0.523865,0.975843,False
CBRE,CCL,0.523850,0.523850,0.975859,False
CTAS,J,0.523847,0.523847,0.975862,True
LII,SHW,0.523843,0.523843,0.975866,False
DOV,IRM,0.523835,0.523835,0.975874,False
BKR,GD,0.523826,0.523826,0.975883,False
AVY,NDAQ,0.523821,0.523821,0.975888,False
ECL,VMC,0.523819,0.523819,0.975891,True
ECL,LH,0.523817,0.523817,0.975892,False
AVY,BXP,0.523815,0.523815,0.975894,False
ABT,ISRG,0.523803,0.523803,0.975907,True
HAL,UNP,0.523798,0.523798,0.975912,False
ECL,TDG,0.523788,0.523788,0.975922,False
INVH,SYK,0.523788,0.523788,0.975923,False
BRK-B,PEP,0.523781,0.523781,0.975929,False
KIM,PNW,0.523775,0.523775,0.975935,False
GRMN,V,0.523765,0.523765,0.975946,False
HPE,PCAR,0.523752,0.523752,0.975959,False
LRCX,NTAP,0.523734,0.523734,0.975977,True
CPAY,TDG,0.523726,0.523726,0.975986,False
RCL,TRGP,0.523721,0.523721,0.975990,False
GWW,JPM,0.523707,0.523707,0.976005,False
MAR,OMC,0.523707,0.523707,0.976005,False
DOW,GM,0.523707,0.523707,0.976006,False
SYK,VICI,0.523702,0.523702,0.976010,False
IR,TPR,0.523700,0.523700,0.976012,False
HAL,TEL,0.523698,0.523698,0.976014,False
CFG,V,0.523683,0.523683,0.976030,True
GLW,PKG,0.523676,0.523676,0.976037,False
ALL,HBAN,0.523675,0.523675,0.976038,True
AIG,TT,0.523664,0.523664,0.976049,False
CTAS,PEG,0.523661,0.523661,0.976052,False
URI,WDC,0.523655,0.523655,0.976059,False
ECL,ZTS,0.523649,0.523649,0.976064,False
PNR,STLD,0.523648,0.523648,0.976066,False
CMI,GD,0.523643,0.523643,0.976071,True
AVY,HD,0.523634,0.523634,0.976080,False
FTV,ODFL,0.523633,0.523633,0.976081,True
BLDR,XYL,0.523603,0.523603,0.976112,True
APO,CPRT,0.523602,0.523602,0.976112,False
BLK,LEN,0.523600,0.523600,0.976115,False
BRO,MAA,0.523578,0.523578,0.976138,False
CPT,MDT,0.523571,0.523571,0.976145,False
NSC,SPGI,0.523564,0.523564,0.976152,False
TJX,USB,0.523561,0.523561,0.976155,False
GM,HIG,0.523548,0.523548,0.976168,False
INVH,PNR,0.523541,0.523541,0.976175,False
APO,SPGI,0.523541,0.523541,0.976175,True
LDOS,LMT,0.523539,0.523539,0.976177,True
BRK-B,MAS,0.523538,0.523538,0.976178,False
CRL,NXPI,0.523528,0.523528,0.976188,False
MAS,TRMB,0.523516,0.523516,0.976201,False
BLK,RL,0.523510,0.523510,0.976207,False
SYF,VTR,0.523510,0.523510,0.976207,False
CPRT,CSX,0.523508,0.523508,0.976209,True
NUE,UNP,0.523499,0.523499,0.976218,False
BXP,HIG,0.523499,0.523499,0.976219,False
KEY,WYNN,0.523495,0.523495,0.976222,False
DOW,OMC,0.523487,0.523487,0.976230,False
ROST,TPR,0.523481,0.523481,0.976236,True
MET,WYNN,0.523479,0.523479,0.976239,False
JBL,TDY,0.523476,0.523476,0.976241,True
AAPL,ROP,0.523476,0.523476,0.976242,True
SWK,SYK,0.523469,0.523469,0.976249,False
AME,NWSA,0.523466,0.523466,0.976252,False
SNA,TJX,0.523457,0.523457,0.976261,False
ABT,BSX,0.523450,0.523450,0.976268,True
AMP,FDS,0.523450,0.523450,0.976269,True
GD,VICI,0.523440,0.523440,0.976279,False
AAPL,PAYX,0.523436,0.523436,0.976282,False
ETN,PAYX,0.523432,0.523432,0.976287,True
FICO,ROP,0.523430,0.523430,0.976289,True
SLB,SPG,0.523430,0.523430,0.976289,False
SPG,UNP,0.523427,0.523427,0.976292,False
VICI,WYNN,0.523425,0.523425,0.976294,False
AXP,DVN,0.523419,0.523419,0.976300,False
EMR,PAYX,0.523415,0.523415,0.976304,True
L,SO,0.523415,0.523415,0.976304,False
BX,TPR,0.523404,0.523404,0.976316,False
MCO,SWKS,0.523396,0.523396,0.976324,False
CCL,RL,0.523396,0.523396,0.976324,True
ESS,GD,0.523370,0.523370,0.976351,False
CSCO,IBM,0.523368,0.523368,0.976353,True
RSG,TT,0.523364,0.523364,0.976357,True
ITW,WAT,0.523360,0.523360,0.976361,False
BLK,VMC,0.523356,0.523356,0.976365,False
AJG,O,0.523354,0.523354,0.976367,False
FITB,PPL,0.523347,0.523347,0.976374,False
ARES,CBRE,0.523344,0.523344,0.976377,False
ACN,GOOG,0.523339,0.523339,0.976382,False
A,NXPI,0.523332,0.523332,0.976389,False
INVH,MCD,0.523329,0.523329,0.976392,False
BXP,HWM,0.523322,0.523322,0.976400,False
MTD,NXPI,0.523317,0.523317,0.976404,False
HPE,TROW,0.523305,0.523305,0.976417,False
LH,TEL,0.523300,0.523300,0.976422,False
LEN,LII,0.523300,0.523300,0.976422,False
CBRE,DAL,0.523295,0.523295,0.976427,False
FITB,PAYX,0.523294,0.523294,0.976428,False
CPT,IQV,0.523292,0.523292,0.976430,False
MPWR,MTD,0.523289,0.523289,0.976433,False
ISRG,TRMB,0.523282,0.523282,0.976441,False
HBAN,UDR,0.523278,0.523278,0.976444,False
SNA,TPR,0.523259,0.523259,0.976464,False
HIG,MDT,0.523258,0.523258,0.976465,False
PNR,RL,0.523257,0.523257,0.976466,False
LIN,MAS,0.523246,0.523246,0.976477,False
CBRE,SBUX,0.523238,0.523238,0.976486,False
AOS,HD,0.523233,0.523233,0.976490,False
KKR,PAYX,0.523216,0.523216,0.976508,False
MCD,WM,0.523215,0.523215,0.976509,False
ITW,KIM,0.523211,0.523211,0.976513,False
FCX,KMI,0.523207,0.523207,0.976517,False
MAS,TPR,0.523190,0.523190,0.976535,False
QCOM,TRMB,0.523188,0.523188,0.976537,True
GPN,MAR,0.523182,0.523182,0.976543,False
MAR,MPC,0.523179,0.523179,0.976546,False
KMI,TEL,0.523173,0.523173,0.976552,False
BKR,HWM,0.523172,0.523172,0.976553,False
STT,VLO,0.523170,0.523170,0.976555,False
MGM,MTB,0.523163,0.523163,0.976563,False
ADP,DUK,0.523158,0.523158,0.976568,False
COF,UHS,0.523146,0.523146,0.976580,False
MLM,SHW,0.523125,0.523125,0.976601,True
STT,VMC,0.523113,0.523113,0.976613,False
LOW,O,0.523111,0.523111,0.976616,False
HIG,ITW,0.523109,0.523109,0.976618,False
CTSH,MAS,0.523107,0.523107,0.976619,False
LUV,REG,0.523105,0.523105,0.976622,False
ADP,IVZ,0.523098,0.523098,0.976629,False
AMCR,VICI,0.523089,0.523089,0.976638,False
ATO,JNJ,0.523087,0.523087,0.976640,False
APTV,ROST,0.523083,0.523083,0.976644,True
ACGL,MCD,0.523082,0.523082,0.976645,False
CMS,O,0.523068,0.523068,0.976660,False
APTV,BRK-B,0.523058,0.523058,0.976670,False
BXP,CSX,0.523051,0.523051,0.976677,False
CTAS,FAST,0.523049,0.523049,0.976679,True
MMM,PNC,0.523046,0.523046,0.976682,False
GS,IQV,0.523043,0.523043,0.976685,False
KO,SRE,0.523023,0.523023,0.976706,False
GD,TROW,0.523018,0.523018,0.976711,False
ADI,ROP,0.523006,0.523006,0.976724,True
LOW,SYF,0.523004,0.523004,0.976726,False
LOW,PNC,0.522999,0.522999,0.976730,False
FFIV,TROW,0.522999,0.522999,0.976731,False
CFG,GPC,0.522998,0.522998,0.976732,False
AAPL,BRK-B,0.522985,0.522985,0.976745,False
CDW,ECL,0.522982,0.522982,0.976748,False
KMI,MGM,0.522978,0.522978,0.976752,False
GE,GLW,0.522974,0.522974,0.976755,False
ICE,IQV,0.522970,0.522970,0.976760,False
ALL,DOV,0.522964,0.522964,0.976766,False
FANG,SPG,0.522952,0.522952,0.976778,False
APD,LYB,0.522946,0.522946,0.976784,True
EME,GE,0.522942,0.522942,0.976789,True
ALL,MS,0.522931,0.522931,0.976799,True
ADBE,TROW,0.522924,0.522924,0.976807,False
EXC,VRSK,0.522923,0.522923,0.976808,False
NXPI,WYNN,0.522921,0.522921,0.976810,False
BXP,F,0.522899,0.522899,0.976833,False
PH,SBUX,0.522897,0.522897,0.976835,False
AME,ON,0.522893,0.522893,0.976839,False
PNC,ROST,0.522883,0.522883,0.976849,False
AMCR,RF,0.522872,0.522872,0.976860,False
BLK,ZTS,0.522868,0.522868,0.976865,False
FE,MAA,0.522867,0.522867,0.976865,False
CRL,TEL,0.522837,0.522837,0.976896,False
CPRT,GPN,0.522823,0.522823,0.976910,False
ADI,JCI,0.522805,0.522805,0.976929,False
O,V,0.522805,0.522805,0.976929,False
BKNG,CFG,0.522803,0.522803,0.976931,False
EG,RSG,0.522802,0.522802,0.976932,False
MOS,PSX,0.522799,0.522799,0.976935,False
BXP,DOW,0.522788,0.522788,0.976946,False
ICE,NDSN,0.522782,0.522782,0.976953,False
PFG,SPGI,0.522773,0.522773,0.976962,True
MA,VICI,0.522772,0.522772,0.976963,False
BXP,EMR,0.522769,0.522769,0.976966,False
ECL,SYF,0.522766,0.522766,0.976969,False
AFL,OMC,0.522763,0.522763,0.976971,False
BKR,URI,0.522763,0.522763,0.976972,False
ALL,KEY,0.522760,0.522760,0.976975,True
ADP,AEE,0.522743,0.522743,0.976993,False
AMCR,KIM,0.522741,0.522741,0.976994,False
ADSK,ROP,0.522724,0.522724,0.977012,True
BX,SBUX,0.522719,0.522719,0.977017,False
PHM,TT,0.522710,0.522710,0.977027,False
AIZ,STT,0.522707,0.522707,0.977029,True
CPAY,J,0.522695,0.522695,0.977041,False
AON,BR,0.522694,0.522694,0.977042,False
MAA,PNR,0.522691,0.522691,0.977046,False
CPT,CSX,0.522683,0.522683,0.977053,False
KEY,NWSA,0.522667,0.522667,0.977070,False
AFL,GM,0.522667,0.522667,0.977071,False
CTSH,TPR,0.522630,0.522630,0.977108,False
BRO,MET,0.522616,0.522616,0.977122,True
GS,KLAC,0.522613,0.522613,0.977125,False
ITW,SWKS,0.522607,0.522607,0.977132,False
AOS,BLDR,0.522596,0.522596,0.977143,True
FDX,LYB,0.522592,0.522592,0.977147,False
HLT,MLM,0.522590,0.522590,0.977148,False
OMC,SPG,0.522585,0.522585,0.977154,False
AIZ,WY,0.522584,0.522584,0.977155,False
FDX,NDSN,0.522581,0.522581,0.977158,True
PNR,TXN,0.522580,0.522580,0.977159,False
MAA,NEE,0.522578,0.522578,0.977161,False
HIG,IEX,0.522576,0.522576,0.977163,False
ESS,WM,0.522576,0.522576,0.977163,False
AAPL,ITW,0.522569,0.522569,0.977170,False
F,STT,0.522569,0.522569,0.977170,False
CDNS,TROW,0.522562,0.522562,0.977177,False
EXPD,UPS,0.522549,0.522549,0.977191,True
UDR,WEC,0.522547,0.522547,0.977193,False
MDT,TRV,0.522541,0.522541,0.977199,False
COF,PHM,0.522537,0.522537,0.977203,False
CFG,WELL,0.522536,0.522536,0.977204,False
BR,PH,0.522526,0.522526,0.977214,True
BR,TEL,0.522523,0.522523,0.977218,False
GE,SPG,0.522508,0.522508,0.977233,False
APO,ROK,0.522506,0.522506,0.977235,False
ARES,IEX,0.522500,0.522500,0.977241,False
NWS,SWK,0.522494,0.522494,0.977247,False
ETN,SPGI,0.522482,0.522482,0.977259,False
GD,PKG,0.522473,0.522473,0.977268,False
GD,HAL,0.522470,0.522470,0.977271,False
APTV,TROW,0.522466,0.522466,0.977276,False
CPT,PNR,0.522457,0.522457,0.977285,False
CB,ITW,0.522452,0.522452,0.977290,False
GPC,PPL,0.522451,0.522451,0.977291,False
GLW,GWW,0.522449,0.522449,0.977293,False
BRO,MCD,0.522447,0.522447,0.977295,False
AON,LIN,0.522446,0.522446,0.977296,False
PPG,YUM,0.522445,0.522445,0.977297,False
HON,HPE,0.522441,0.522441,0.977302,False
ON,ZBRA,0.522439,0.522439,0.977303,True
HLT,SYK,0.522436,0.522436,0.977307,False
MMM,NTRS,0.522435,0.522435,0.977308,False
CPRT,MCHP,0.522429,0.522429,0.977313,False
BXP,CINF,0.522428,0.522428,0.977314,False
IVZ,UDR,0.522409,0.522409,0.977334,False
GWW,SHW,0.522406,0.522406,0.977337,False
BLK,PKG,0.522398,0.522398,0.977345,False
DIS,IVZ,0.522397,0.522397,0.977346,False
ETN,IQV,0.522366,0.522366,0.977378,False
MDLZ,ROP,0.522358,0.522358,0.977387,False
CB,SYY,0.522341,0.522341,0.977403,False
ALLE,TRMB,0.522341,0.522341,0.977404,False
AOS,FAST,0.522319,0.522319,0.977426,True
FRT,RL,0.522316,0.522316,0.977429,False
GLW,QCOM,0.522299,0.522299,0.977447,True
HON,YUM,0.522289,0.522289,0.977457,False
KKR,TPR,0.522286,0.522286,0.977460,False
CL,HSY,0.522281,0.522281,0.977465,True
ED,GIS,0.522272,0.522272,0.977474,False
ACN,ROK,0.522269,0.522269,0.977477,False
CMCSA,SWK,0.522237,0.522237,0.977510,False
AEP,SBAC,0.522220,0.522220,0.977528,False
GM,UNP,0.522218,0.522218,0.977529,False
ACN,COF,0.522216,0.522216,0.977532,False
APTV,LVS,0.522215,0.522215,0.977532,True
HST,ITW,0.522213,0.522213,0.977535,False
AFL,ETN,0.522208,0.522208,0.977540,False
NSC,RTX,0.522200,0.522200,0.977548,True
BX,CAT,0.522200,0.522200,0.977548,False
CTSH,EMR,0.522193,0.522193,0.977555,False
BXP,CCL,0.522191,0.522191,0.977557,False
BKNG,FRT,0.522189,0.522189,0.977559,False
EMR,NWSA,0.522181,0.522181,0.977567,False
CCL,DIS,0.522172,0.522172,0.977577,False
EFX,WY,0.522172,0.522172,0.977577,False
CNP,PFG,0.522171,0.522171,0.977578,False
GM,REG,0.522169,0.522169,0.977580,False
RJF,XOM,0.522166,0.522166,0.977583,False
ACN,ZBRA,0.522165,0.522165,0.977584,True
LYV,TEL,0.522156,0.522156,0.977593,False
AVGO,CDW,0.522156,0.522156,0.977593,True
RL,UAL,0.522143,0.522143,0.977606,False
AME,MAR,0.522140,0.522140,0.977609,False
IQV,MAA,0.522139,0.522139,0.977611,False
CTAS,DD,0.522136,0.522136,0.977614,False
MET,WMB,0.522119,0.522119,0.977631,False
CL,PNW,0.522109,0.522109,0.977641,False
HPE,RL,0.522100,0.522100,0.977650,False
IVZ,PWR,0.522087,0.522087,0.977664,False
EXR,VICI,0.522071,0.522071,0.977680,True
PPG,RL,0.522066,0.522066,0.977685,False
DD,RL,0.522063,0.522063,0.977688,False
AMD,GOOG,0.522063,0.522063,0.977688,False
TRV,V,0.522052,0.522052,0.977699,True
EFX,KKR,0.522043,0.522043,0.977709,False
ECL,RJF,0.522031,0.522031,0.977721,False
GLW,PPG,0.522030,0.522030,0.977722,False
HON,SCHW,0.522030,0.522030,0.977722,False
IR,NWS,0.522028,0.522028,0.977724,False
SYY,UNP,0.522025,0.522025,0.977727,False
DVN,STT,0.522022,0.522022,0.977730,False
CHD,MDLZ,0.522019,0.522019,0.977733,True
ALL,CFG,0.522017,0.522017,0.977735,True
MCHP,XYZ,0.522002,0.522002,0.977751,False
LIN,TRV,0.521997,0.521997,0.977756,False
AXP,ROP,0.521986,0.521986,0.977767,False
BR,MAS,0.521981,0.521981,0.977772,True
ADBE,FICO,0.521971,0.521971,0.977782,True
JCI,MAR,0.521968,0.521968,0.977785,False
CBRE,HCA,0.521967,0.521967,0.977786,False
ESS,HIG,0.521963,0.521963,0.977790,False
AJG,JPM,0.521962,0.521962,0.977792,True
RF,V,0.521944,0.521944,0.977810,True
C,UHS,0.521944,0.521944,0.977810,False
MDT,UNP,0.521943,0.521943,0.977811,False
APH,ECL,0.521942,0.521942,0.977812,False
AMT,PEP,0.521933,0.521933,0.977821,False
SYY,WYNN,0.521929,0.521929,0.977825,False
APH,HST,0.521922,0.521922,0.977832,False
JBL,WY,0.521916,0.521916,0.977838,False
AVY,PLD,0.521914,0.521914,0.977841,False
HII,NOC,0.521911,0.521911,0.977844,True
C,UDR,0.521907,0.521907,0.977847,False
APH,SYK,0.521897,0.521897,0.977858,False
AWK,JNJ,0.521887,0.521887,0.977868,False
AFL,CME,0.521885,0.521885,0.977870,True
HST,PNR,0.521880,0.521880,0.977876,False
ACN,GS,0.521878,0.521878,0.977877,False
ARES,ZBRA,0.521874,0.521874,0.977881,False
GLW,TJX,0.521874,0.521874,0.977882,False
FCX,LIN,0.521862,0.521862,0.977894,True
HPE,HST,0.521857,0.521857,0.977899,False
BKNG,DRI,0.521850,0.521850,0.977906,True
IQV,LEN,0.521830,0.521830,0.977926,False
EXC,GD,0.521818,0.521818,0.977938,False
JCI,ZBRA,0.521815,0.521815,0.977942,False
HD,SYF,0.521779,0.521779,0.977978,False
NVR,TJX,0.521754,0.521754,0.978005,True
AWK,KMB,0.521750,0.521750,0.978008,False
GS,SBUX,0.521746,0.521746,0.978012,False
IFF,PPG,0.521740,0.521740,0.978019,True
NSC,TRMB,0.521733,0.521733,0.978026,False
DOC,HST,0.521725,0.521725,0.978034,True
HD,ZTS,0.521724,0.521724,0.978035,False
FDX,TROW,0.521722,0.521722,0.978037,False
COF,ESS,0.521722,0.521722,0.978037,False
ADP,IT,0.521715,0.521715,0.978044,False
KEY,LYV,0.521714,0.521714,0.978045,False
ESS,PH,0.521713,0.521713,0.978046,False
CMCSA,TROW,0.521710,0.521710,0.978049,False
AIG,HCA,0.521709,0.521709,0.978050,False
KKR,ODFL,0.521694,0.521694,0.978065,False
KIM,PHM,0.521694,0.521694,0.978065,False
HPQ,KKR,0.521688,0.521688,0.978072,False
CPT,EQIX,0.521686,0.521686,0.978073,True
GPC,TFC,0.521683,0.521683,0.978077,False
ED,JNJ,0.521678,0.521678,0.978081,False
GPN,PYPL,0.521674,0.521674,0.978086,True
MDT,TFC,0.521658,0.521658,0.978102,False
ALLE,DOC,0.521654,0.521654,0.978106,False
EMR,KEYS,0.521649,0.521649,0.978112,False
JBHT,TROW,0.521634,0.521634,0.978126,False
FAST,IR,0.521624,0.521624,0.978137,True
CMI,MAR,0.521619,0.521619,0.978142,False
LIN,MCHP,0.521618,0.521618,0.978143,False
AMP,CMCSA,0.521609,0.521609,0.978153,False
BXP,RTX,0.521602,0.521602,0.978159,False
MA,WRB,0.521601,0.521601,0.978160,True
IBM,PNC,0.521596,0.521596,0.978166,False
FITB,ON,0.521588,0.521588,0.978174,False
AXP,PWR,0.521583,0.521583,0.978179,False
JPM,VICI,0.521565,0.521565,0.978197,False
CRH,TPR,0.521563,0.521563,0.978199,False
JCI,NWS,0.521559,0.521559,0.978204,False
TDG,TRV,0.521555,0.521555,0.978208,False
AMCR,DD,0.521550,0.521550,0.978213,True
CMI,RL,0.521543,0.521543,0.978220,False
ACGL,ROP,0.521529,0.521529,0.978234,False
CSX,SPG,0.521527,0.521527,0.978236,False
PLD,TMO,0.521522,0.521522,0.978242,False
ARE,D,0.521504,0.521504,0.978260,False
KEYS,XYL,0.521497,0.521497,0.978267,False
ESS,ITW,0.521490,0.521490,0.978274,False
FOXA,SYF,0.521484,0.521484,0.978280,False
CMS,KMB,0.521469,0.521469,0.978296,False
AES,DOC,0.521459,0.521459,0.978306,False
DOV,MPWR,0.521453,0.521453,0.978312,False
BRK-B,CPRT,0.521450,0.521450,0.978314,False
GD,GPC,0.521450,0.521450,0.978315,False
ETN,TJX,0.521444,0.521444,0.978321,False
HIG,JCI,0.521442,0.521442,0.978323,False
CSX,KIM,0.521436,0.521436,0.978329,False
BRK-B,LOW,0.521428,0.521428,0.978338,False
A,SWK,0.521426,0.521426,0.978339,False
ESS,IQV,0.521425,0.521425,0.978341,False
QCOM,ZBRA,0.521410,0.521410,0.978356,True
CTAS,PHM,0.521407,0.521407,0.978359,False
DAL,TPR,0.521397,0.521397,0.978369,False
DE,HAL,0.521397,0.521397,0.978369,False
OKE,WY,0.521391,0.521391,0.978375,False
CMI,CVX,0.521373,0.521373,0.978393,False
ALLE,KO,0.521367,0.521367,0.978400,False
C,PKG,0.521358,0.521358,0.978409,False
CBRE,EFX,0.521354,0.521354,0.978413,False
HLT,SNA,0.521341,0.521341,0.978427,False
CINF,NSC,0.521332,0.521332,0.978435,False
DOC,RF,0.521329,0.521329,0.978439,False
KEY,NCLH,0.521322,0.521322,0.978445,False
HST,JBL,0.521313,0.521313,0.978455,False
HON,ISRG,0.521307,0.521307,0.978461,False
HIG,STLD,0.521294,0.521294,0.978474,False
GOOGL,QCOM,0.521284,0.521284,0.978484,False
ODFL,SWK,0.521280,0.521280,0.978488,True
GWW,MLM,0.521257,0.521257,0.978513,False
BLK,POOL,0.521243,0.521243,0.978527,False
RJF,TRMB,0.521239,0.521239,0.978531,False
AXP,PKG,0.521231,0.521231,0.978539,False
SWKS,URI,0.521227,0.521227,0.978543,False
CAT,IP,0.521218,0.521218,0.978552,False
AFL,GPN,0.521211,0.521211,0.978559,True
CPT,NDSN,0.521210,0.521210,0.978560,False
TDG,USB,0.521208,0.521208,0.978562,False
ESS,UHS,0.521203,0.521203,0.978567,False
AMT,MDLZ,0.521202,0.521202,0.978568,False
AJG,MSI,0.521201,0.521201,0.978569,False
AVY,GPN,0.521193,0.521193,0.978578,False
EG,HBAN,0.521188,0.521188,0.978583,True
A,LIN,0.521184,0.521184,0.978586,False
PFG,ROP,0.521183,0.521183,0.978588,False
CTSH,MSFT,0.521160,0.521160,0.978612,True
HWM,STLD,0.521150,0.521150,0.978621,False
EXPE,RF,0.521150,0.521150,0.978621,False
NSC,OMC,0.521138,0.521138,0.978634,False
HAL,NUE,0.521133,0.521133,0.978639,False
MTD,TRMB,0.521125,0.521125,0.978647,False
FICO,GDDY,0.521121,0.521121,0.978651,True
MGM,NWS,0.521118,0.521118,0.978654,False
ALL,WFC,0.521115,0.521115,0.978658,True
AMP,KEYS,0.521112,0.521112,0.978660,False
LH,PLD,0.521111,0.521111,0.978661,False
SHW,TROW,0.521110,0.521110,0.978663,False
DOV,TER,0.521107,0.521107,0.978665,False
KMI,PPL,0.521101,0.521101,0.978671,False
BKNG,IVZ,0.521096,0.521096,0.978677,False
CRM,FTNT,0.521095,0.521095,0.978677,True
BLK,IBKR,0.521094,0.521094,0.978678,True
CINF,PPL,0.521089,0.521089,0.978684,False
GLW,UNP,0.521084,0.521084,0.978689,False
AME,UDR,0.521075,0.521075,0.978698,False
ALL,KMI,0.521062,0.521062,0.978712,False
JBL,WYNN,0.521060,0.521060,0.978713,False
BLK,CINF,0.521059,0.521059,0.978715,True
DIS,SWK,0.521054,0.521054,0.978720,False
GPN,ROP,0.521047,0.521047,0.978727,False
DHI,DOV,0.521039,0.521039,0.978735,False
BEN,HWM,0.521038,0.521038,0.978736,False
EXPE,REG,0.521035,0.521035,0.978739,False
INVH,WM,0.521034,0.521034,0.978740,False
CNP,RTX,0.521021,0.521021,0.978753,False
MA,ROK,0.521020,0.521020,0.978754,False
IRM,PSA,0.521000,0.521000,0.978775,True
BAC,LYV,0.520997,0.520997,0.978778,False
FCX,HBAN,0.520995,0.520995,0.978780,False
DD,NWS,0.520989,0.520989,0.978786,False
AMZN,TROW,0.520985,0.520985,0.978790,False
ECL,EXC,0.520985,0.520985,0.978790,False
MCHP,WYNN,0.520985,0.520985,0.978790,False
DIS,HWM,0.520985,0.520985,0.978790,False
EMR,LOW,0.520972,0.520972,0.978804,False
BRK-B,TXN,0.520960,0.520960,0.978815,False
CDW,KEY,0.520959,0.520959,0.978817,False
IVZ,V,0.520950,0.520950,0.978826,True
ACGL,SNA,0.520938,0.520938,0.978838,False
MCO,TFC,0.520937,0.520937,0.978839,True
KKR,SPG,0.520914,0.520914,0.978862,False
APH,PTC,0.520914,0.520914,0.978863,True
FDX,UNP,0.520909,0.520909,0.978867,True
SWK,VMC,0.520892,0.520892,0.978885,False
MA,MAA,0.520890,0.520890,0.978887,False
ADM,AMP,0.520886,0.520886,0.978892,False
HWM,PSX,0.520878,0.520878,0.978899,False
EFX,NDSN,0.520878,0.520878,0.978900,True
USB,VICI,0.520867,0.520867,0.978911,False
DVN,TFC,0.520851,0.520851,0.978927,False
NTAP,RJF,0.520845,0.520845,0.978933,False
SNA,V,0.520841,0.520841,0.978937,False
BA,URI,0.520837,0.520837,0.978941,True
GM,JBL,0.520837,0.520837,0.978941,False
ARES,HON,0.520837,0.520837,0.978941,False
ACN,SYF,0.520829,0.520829,0.978950,False
APO,PPG,0.520825,0.520825,0.978954,False
HPQ,WAB,0.520820,0.520820,0.978959,False
JBL,WFC,0.520814,0.520814,0.978965,False
AIG,DIS,0.520804,0.520804,0.978975,False
NTRS,NWSA,0.520798,0.520798,0.978981,False
PPL,T,0.520795,0.520795,0.978984,False
MSI,XYL,0.520794,0.520794,0.978985,False
BEN,HPE,0.520793,0.520793,0.978986,False
COF,MAS,0.520773,0.520773,0.979006,False
ROST,UHS,0.520751,0.520751,0.979029,False
F,WFC,0.520737,0.520737,0.979043,False
IVZ,VICI,0.520737,0.520737,0.979043,False
DD,FRT,0.520734,0.520734,0.979047,False
RJF,ZBRA,0.520733,0.520733,0.979048,False
GPC,HBAN,0.520732,0.520732,0.979048,False
CAT,TT,0.520725,0.520725,0.979056,True
HPE,IR,0.520722,0.520722,0.979058,False
FDS,SHW,0.520708,0.520708,0.979074,False
ADI,TXT,0.520707,0.520707,0.979074,False
HIG,PNW,0.520705,0.520705,0.979076,False
AAPL,FAST,0.520698,0.520698,0.979083,False
GM,OKE,0.520694,0.520694,0.979088,False
GPN,UNP,0.520688,0.520688,0.979094,False
APD,NSC,0.520684,0.520684,0.979097,False
BSX,TDG,0.520681,0.520681,0.979101,False
CSCO,NSC,0.520679,0.520679,0.979102,False
DD,F,0.520679,0.520679,0.979103,False
RCL,RJF,0.520674,0.520674,0.979108,False
CTSH,KKR,0.520669,0.520669,0.979113,False
ARES,BRK-B,0.520648,0.520648,0.979134,True
DOW,MGM,0.520643,0.520643,0.979140,False
IEX,KEYS,0.520637,0.520637,0.979145,False
PAYX,WTW,0.520624,0.520624,0.979159,False
BLK,CRL,0.520609,0.520609,0.979174,False
KKR,NOW,0.520586,0.520586,0.979198,False
APD,IEX,0.520582,0.520582,0.979201,False
NDAQ,SYK,0.520580,0.520580,0.979204,False
PH,UDR,0.520578,0.520578,0.979206,False
MA,MNST,0.520563,0.520563,0.979221,False
ADI,RJF,0.520545,0.520545,0.979239,False
O,PPG,0.520538,0.520538,0.979246,False
FANG,HBAN,0.520530,0.520530,0.979255,False
MTD,PLD,0.520524,0.520524,0.979261,False
JBL,KEY,0.520519,0.520519,0.979266,False
ARES,TXN,0.520500,0.520500,0.979286,False
MAR,VMC,0.520481,0.520481,0.979305,False
ADI,UNP,0.520460,0.520460,0.979326,False
BLK,NVDA,0.520447,0.520447,0.979339,False
AIZ,PH,0.520445,0.520445,0.979342,False
AFL,DE,0.520442,0.520442,0.979344,False
HON,NCLH,0.520442,0.520442,0.979345,False
IQV,JCI,0.520431,0.520431,0.979356,False
KEYS,MS,0.520430,0.520430,0.979357,False
AMT,KO,0.520417,0.520417,0.979370,False
AVY,CPAY,0.520362,0.520362,0.979426,False
DAL,SNA,0.520359,0.520359,0.979429,True
A,ROP,0.520359,0.520359,0.979430,False
IVZ,NDAQ,0.520347,0.520347,0.979442,True
BSX,MS,0.520342,0.520342,0.979446,False
CVX,NTRS,0.520330,0.520330,0.979459,False
GPN,MDT,0.520322,0.520322,0.979468,False
ADP,LNT,0.520307,0.520307,0.979482,False
APH,KEY,0.520299,0.520299,0.979491,False
DD,GPC,0.520296,0.520296,0.979494,False
HPE,JCI,0.520292,0.520292,0.979498,False
DTE,JPM,0.520285,0.520285,0.979505,False
KKR,PTC,0.520282,0.520282,0.979508,False
AAPL,ON,0.520280,0.520280,0.979510,True
CTSH,SNA,0.520280,0.520280,0.979511,False
AFL,SPGI,0.520272,0.520272,0.979518,True
FIS,JKHY,0.520265,0.520265,0.979525,True
GWW,MCO,0.520260,0.520260,0.979531,False
BA,VTR,0.520254,0.520254,0.979536,False
RTX,UDR,0.520250,0.520250,0.979541,False
ADI,BKNG,0.520249,0.520249,0.979542,False
ADP,NI,0.520244,0.520244,0.979547,False
CFG,OXY,0.520239,0.520239,0.979552,False
CSX,MDT,0.520235,0.520235,0.979556,False
EFX,POOL,0.520222,0.520222,0.979569,False
D,ESS,0.520212,0.520212,0.979579,False
AAPL,COST,0.520212,0.520212,0.979580,False
BR,GPN,0.520211,0.520211,0.979580,False
HUBB,V,0.520210,0.520210,0.979582,False
F,FRT,0.520190,0.520190,0.979602,False
BR,PPG,0.520189,0.520189,0.979603,False
HUBB,LYB,0.520185,0.520185,0.979607,False
BRK-B,UAL,0.520182,0.520182,0.979610,False
NTAP,STX,0.520182,0.520182,0.979611,True
GDDY,VRSN,0.520172,0.520172,0.979621,True
ECL,IFF,0.520168,0.520168,0.979624,True
HD,ODFL,0.520155,0.520155,0.979638,False
CAT,CPAY,0.520149,0.520149,0.979644,False
BRK-B,VTR,0.520140,0.520140,0.979653,False
GE,RL,0.520139,0.520139,0.979654,False
ETN,HPQ,0.520127,0.520127,0.979667,False
KIM,V,0.520120,0.520120,0.979673,False
IQV,KEYS,0.520112,0.520112,0.979681,False
JCI,UAL,0.520111,0.520111,0.979683,True
ITW,SYY,0.520110,0.520110,0.979683,False
ECL,STZ,0.520108,0.520108,0.979686,False
GWW,STT,0.520104,0.520104,0.979690,False
ADBE,QCOM,0.520091,0.520091,0.979703,True
APTV,HD,0.520086,0.520086,0.979708,True
DIS,RCL,0.520084,0.520084,0.979710,False
MAS,MET,0.520084,0.520084,0.979710,False
CPAY,DIS,0.520078,0.520078,0.979716,False
GM,TROW,0.520078,0.520078,0.979716,False
BRK-B,LNT,0.520077,0.520077,0.979718,False
PAYX,PSA,0.520076,0.520076,0.979718,False
DAL,TDY,0.520068,0.520068,0.979726,False
INVH,MA,0.520059,0.520059,0.979735,False
CSCO,EMR,0.520057,0.520057,0.979738,False
ESS,GPN,0.520047,0.520047,0.979748,False
DTE,PAYX,0.520043,0.520043,0.979752,False
STE,ZTS,0.520039,0.520039,0.979756,True
IQV,TT,0.520039,0.520039,0.979756,False
KIM,MA,0.520030,0.520030,0.979765,False
GD,PNW,0.520016,0.520016,0.979780,False
ROP,ZTS,0.520014,0.520014,0.979782,False
NEE,PEP,0.520011,0.520011,0.979785,False
ESS,RTX,0.520004,0.520004,0.979792,False
EIX,UDR,0.519995,0.519995,0.979801,False
DE,WFC,0.519995,0.519995,0.979801,False
ITW,NKE,0.519994,0.519994,0.979802,False
ACN,EPAM,0.519988,0.519988,0.979808,True
DELL,NXPI,0.519984,0.519984,0.979812,True
LYB,MAR,0.519981,0.519981,0.979815,False
CSCO,NTRS,0.519953,0.519953,0.979843,False
BKR,HON,0.519944,0.519944,0.979853,False
CINF,CSX,0.519941,0.519941,0.979856,False
APTV,EXPE,0.519932,0.519932,0.979865,True
A,SYK,0.519925,0.519925,0.979873,True
IVZ,STLD,0.519919,0.519919,0.979878,False
AIG,FCX,0.519918,0.519918,0.979879,False
EME,FTV,0.519912,0.519912,0.979886,True
HUBB,MGM,0.519912,0.519912,0.979886,False
BKNG,MTB,0.519910,0.519910,0.979887,False
BRK-B,SBUX,0.519910,0.519910,0.979888,False
PAYC,SPGI,0.519909,0.519909,0.979889,False
BKNG,RL,0.519908,0.519908,0.979890,True
CPT,GD,0.519905,0.519905,0.979892,False
FFIV,PH,0.519895,0.519895,0.979903,False
PEG,VTR,0.519892,0.519892,0.979906,False
CINF,RSG,0.519891,0.519891,0.979908,False
LII,ROK,0.519888,0.519888,0.979910,True
BLDR,CFG,0.519879,0.519879,0.979920,False
FTV,HPE,0.519872,0.519872,0.979926,False
BLK,BRO,0.519861,0.519861,0.979937,True
ON,WY,0.519859,0.519859,0.979940,False
AEE,VRSK,0.519859,0.519859,0.979940,False
BF-B,KO,0.519856,0.519856,0.979943,True
LOW,NXPI,0.519853,0.519853,0.979946,False
KO,REG,0.519841,0.519841,0.979958,False
AVY,SYF,0.519841,0.519841,0.979958,False
MLM,PAYX,0.519838,0.519838,0.979961,False
O,SHW,0.519828,0.519828,0.979971,False
NWSA,SWK,0.519827,0.519827,0.979972,False
CPT,PFG,0.519822,0.519822,0.979977,False
DRI,NDSN,0.519820,0.519820,0.979980,False
AMAT,ROK,0.519818,0.519818,0.979981,False
NWS,NXPI,0.519817,0.519817,0.979983,False
DOV,FOX,0.519807,0.519807,0.979993,False
NOW,SPGI,0.519799,0.519799,0.980001,False
MA,TT,0.519798,0.519798,0.980002,False
INVH,VRSK,0.519796,0.519796,0.980004,False
HPQ,TFC,0.519793,0.519793,0.980007,False
CVX,TDG,0.519786,0.519786,0.980014,False
AMP,EXPE,0.519786,0.519786,0.980015,False
PLD,PNW,0.519779,0.519779,0.980022,False
PHM,SPGI,0.519770,0.519770,0.980031,False
REG,WYNN,0.519767,0.519767,0.980033,False
MDT,TDY,0.519766,0.519766,0.980035,False
GLW,GM,0.519763,0.519763,0.980038,False
HD,PEP,0.519762,0.519762,0.980039,False
IQV,ON,0.519757,0.519757,0.980044,False
NVDA,WDC,0.519747,0.519747,0.980054,True
HST,NSC,0.519737,0.519737,0.980064,False
AXP,TRGP,0.519732,0.519732,0.980070,False
TT,V,0.519724,0.519724,0.980077,False
AMCR,IEX,0.519714,0.519714,0.980088,False
AME,YUM,0.519711,0.519711,0.980091,False
DLR,MAA,0.519703,0.519703,0.980099,True
DOW,MOS,0.519693,0.519693,0.980109,True
GD,TT,0.519690,0.519690,0.980113,True
MPC,RCL,0.519688,0.519688,0.980115,False
CAT,PKG,0.519686,0.519686,0.980116,False
AJG,FDS,0.519681,0.519681,0.980122,True
MGM,UNP,0.519679,0.519679,0.980123,False
ADP,HUBB,0.519673,0.519673,0.980130,True
NCLH,TEL,0.519666,0.519666,0.980137,False
BA,GD,0.519664,0.519664,0.980139,True
HUBB,IQV,0.519663,0.519663,0.980140,False
AIG,EME,0.519644,0.519644,0.980159,False
MS,WDC,0.519642,0.519642,0.980161,False
ALL,PPL,0.519636,0.519636,0.980167,False
COST,MCO,0.519629,0.519629,0.980175,False
ETR,WRB,0.519624,0.519624,0.980179,False
GPC,ROK,0.519624,0.519624,0.980180,False
INVH,IRM,0.519623,0.519623,0.980181,True
PNC,WYNN,0.519602,0.519602,0.980202,False
BA,TFC,0.519599,0.519599,0.980205,False
MA,NXPI,0.519596,0.519596,0.980208,False
KKR,WDC,0.519595,0.519595,0.980209,False
PLD,POOL,0.519592,0.519592,0.980212,False
NDSN,STE,0.519590,0.519590,0.980214,False
GS,HPQ,0.519585,0.519585,0.980219,False
MAA,NDSN,0.519581,0.519581,0.980224,False
META,PYPL,0.519580,0.519580,0.980224,False
SHW,VRSK,0.519576,0.519576,0.980229,False
BLK,IP,0.519572,0.519572,0.980232,False
AJG,CPT,0.519571,0.519571,0.980234,False
IR,MCO,0.519570,0.519570,0.980234,False
NOW,TTD,0.519553,0.519553,0.980253,False
PPG,UAL,0.519539,0.519539,0.980266,False
BXP,CNP,0.519534,0.519534,0.980271,False
KKR,UNP,0.519519,0.519519,0.980287,False
CCL,CPAY,0.519514,0.519514,0.980292,False
GS,LOW,0.519507,0.519507,0.980299,False
DOV,PEG,0.519499,0.519499,0.980307,False
IVZ,PSX,0.519496,0.519496,0.980310,False
F,KKR,0.519483,0.519483,0.980324,False
CPRT,GWW,0.519481,0.519481,0.980325,True
PPG,TXN,0.519481,0.519481,0.980325,False
FOX,PFG,0.519479,0.519479,0.980327,False
CCI,MDLZ,0.519476,0.519476,0.980330,False
AMAT,MCO,0.519467,0.519467,0.980339,False
NTRS,NXPI,0.519451,0.519451,0.980356,False
CCL,RJF,0.519446,0.519446,0.980361,False
FTV,ZBRA,0.519437,0.519437,0.980370,False
ALLE,MDT,0.519435,0.519435,0.980372,False
EME,TDG,0.519434,0.519434,0.980373,True
ADP,RF,0.519433,0.519433,0.980374,False
INTC,QCOM,0.519429,0.519429,0.980378,True
MCHP,ODFL,0.519427,0.519427,0.980381,False
AMCR,PAYX,0.519418,0.519418,0.980390,False
NTAP,TXN,0.519417,0.519417,0.980391,True
MET,PWR,0.519416,0.519416,0.980392,False
AEP,PSA,0.519402,0.519402,0.980406,False
CB,TDG,0.519399,0.519399,0.980409,False
CDW,MGM,0.519398,0.519398,0.980410,False
IBKR,PRU,0.519398,0.519398,0.980410,True
DOC,KO,0.519385,0.519385,0.980423,False
PKG,WFC,0.519383,0.519383,0.980426,False
ECL,INVH,0.519382,0.519382,0.980426,False
HPQ,KEY,0.519373,0.519373,0.980436,False
IEX,MA,0.519370,0.519370,0.980439,False
BKNG,NWSA,0.519364,0.519364,0.980445,False
BAC,TRGP,0.519362,0.519362,0.980447,False
BLDR,IEX,0.519358,0.519358,0.980451,True
OMC,RL,0.519357,0.519357,0.980452,False
GPC,NVR,0.519355,0.519355,0.980454,True
CMI,LIN,0.519355,0.519355,0.980454,False
AVGO,BLK,0.519355,0.519355,0.980454,False
GM,TRMB,0.519354,0.519354,0.980455,False
DOC,RSG,0.519354,0.519354,0.980455,False
AON,V,0.519353,0.519353,0.980456,True
AIG,SYK,0.519348,0.519348,0.980461,False
BRK-B,ETR,0.519340,0.519340,0.980470,False
FTV,JBHT,0.519337,0.519337,0.980472,True
BLK,BXP,0.519334,0.519334,0.980475,False
AVY,LOW,0.519331,0.519331,0.980479,False
DE,ROK,0.519320,0.519320,0.980490,True
ACGL,WAB,0.519312,0.519312,0.980498,False
MAA,V,0.519310,0.519310,0.980500,False
EMR,MOS,0.519308,0.519308,0.980502,False
GPC,NTRS,0.519299,0.519299,0.980511,False
A,TRMB,0.519290,0.519290,0.980521,False
MS,NTAP,0.519287,0.519287,0.980523,False
CPB,PEP,0.519281,0.519281,0.980529,True
DIS,ECL,0.519281,0.519281,0.980529,False
DUK,HSY,0.519262,0.519262,0.980549,False
CAT,GPC,0.519260,0.519260,0.980551,False
ADBE,LRCX,0.519251,0.519251,0.980560,True
WAB,WMB,0.519238,0.519238,0.980573,False
TDY,TRGP,0.519237,0.519237,0.980575,False
ARES,XYZ,0.519229,0.519229,0.980582,True
MA,PLD,0.519219,0.519219,0.980593,False
PPL,SYY,0.519218,0.519218,0.980594,False
KLAC,XYL,0.519218,0.519218,0.980594,False
LII,LOW,0.519218,0.519218,0.980594,False
L,YUM,0.519216,0.519216,0.980596,False
AMP,LH,0.519214,0.519214,0.980598,False
ALL,STT,0.519213,0.519213,0.980599,True
ECL,TDY,0.519208,0.519208,0.980604,False
HON,VTR,0.519205,0.519205,0.980607,False
AON,VRSK,0.519202,0.519202,0.980610,False
ESS,XEL,0.519196,0.519196,0.980617,False
MKC,SO,0.519189,0.519189,0.980623,False
ADI,ADP,0.519188,0.519188,0.980624,False
ROST,VMC,0.519188,0.519188,0.980625,False
MAA,PRU,0.519178,0.519178,0.980634,False
EME,HBAN,0.519174,0.519174,0.980639,False
BKNG,NWS,0.519170,0.519170,0.980642,False
BRK-B,RCL,0.519168,0.519168,0.980645,False
KIM,UNP,0.519161,0.519161,0.980652,False
EVRG,REG,0.519160,0.519160,0.980653,False
ECL,PKG,0.519151,0.519151,0.980662,True
FCX,WYNN,0.519151,0.519151,0.980662,False
DE,STT,0.519148,0.519148,0.980665,False
BX,GOOG,0.519146,0.519146,0.980667,False
EMR,REG,0.519145,0.519145,0.980668,False
CL,JNJ,0.519137,0.519137,0.980676,False
CVX,KIM,0.519106,0.519106,0.980707,False
MAR,NWS,0.519092,0.519092,0.980722,False
APTV,TPR,0.519088,0.519088,0.980726,True
IQV,SHW,0.519078,0.519078,0.980736,False
HWM,RL,0.519077,0.519077,0.980737,False
AON,MA,0.519065,0.519065,0.980750,True
PKG,TEL,0.519062,0.519062,0.980753,False
ESS,SPGI,0.519059,0.519059,0.980756,False
CNP,SYY,0.519058,0.519058,0.980757,False
BAC,FOX,0.519056,0.519056,0.980759,False
MTD,ZBRA,0.519038,0.519038,0.980777,False
EG,LIN,0.519033,0.519033,0.980782,False
NEE,PLD,0.519019,0.519019,0.980797,False
GM,ON,0.519005,0.519005,0.980811,False
BRK-B,LUV,0.519005,0.519005,0.980811,False
IP,UNP,0.518971,0.518971,0.980845,False
HPQ,TROW,0.518963,0.518963,0.980854,False
MSI,ROP,0.518957,0.518957,0.980860,True
BAC,CSCO,0.518949,0.518949,0.980868,False
ADSK,NDSN,0.518944,0.518944,0.980873,False
CPAY,SPG,0.518942,0.518942,0.980875,False
AIZ,GD,0.518942,0.518942,0.980876,False
DOC,MET,0.518925,0.518925,0.980892,False
ADM,CVX,0.518925,0.518925,0.980892,False
CDW,HLT,0.518913,0.518913,0.980905,False
JPM,ROST,0.518909,0.518909,0.980908,False
GRMN,MCHP,0.518907,0.518907,0.980911,False
NVR,O,0.518906,0.518906,0.980912,False
CDW,LOW,0.518902,0.518902,0.980916,False
BKNG,SPG,0.518896,0.518896,0.980922,False
KIM,PAYX,0.518888,0.518888,0.980930,False
FAST,WY,0.518888,0.518888,0.980930,False
NVR,YUM,0.518862,0.518862,0.980957,True
HD,PRU,0.518854,0.518854,0.980965,False
DELL,JBL,0.518846,0.518846,0.980973,True
SYK,TFC,0.518836,0.518836,0.980983,False
GPN,INVH,0.518814,0.518814,0.981006,False
ECL,URI,0.518811,0.518811,0.981008,False
ARES,SWK,0.518803,0.518803,0.981017,False
DTE,LH,0.518801,0.518801,0.981019,False
BR,HD,0.518790,0.518790,0.981030,False
CMI,ECL,0.518789,0.518789,0.981031,False
ADSK,APO,0.518784,0.518784,0.981036,False
APTV,TXN,0.518784,0.518784,0.981036,False
ARES,KEY,0.518784,0.518784,0.981036,True
CAT,DVN,0.518779,0.518779,0.981041,False
COF,WRB,0.518771,0.518771,0.981050,True
ARES,BEN,0.518766,0.518766,0.981054,True
APO,NXPI,0.518764,0.518764,0.981056,False
DRI,HBAN,0.518762,0.518762,0.981059,False
GD,PNR,0.518753,0.518753,0.981068,True
ADI,PCAR,0.518751,0.518751,0.981070,False
FRT,XYL,0.518750,0.518750,0.981071,False
HON,LOW,0.518746,0.518746,0.981075,False
ADP,FISV,0.518745,0.518745,0.981076,False
IQV,URI,0.518728,0.518728,0.981093,False
CB,LYB,0.518720,0.518720,0.981101,False
MCD,MSI,0.518712,0.518712,0.981110,False
AMCR,MS,0.518704,0.518704,0.981117,False
TFC,VMC,0.518702,0.518702,0.981120,False
LIN,TFC,0.518700,0.518700,0.981122,False
OMC,PKG,0.518700,0.518700,0.981122,False
ADM,XOM,0.518684,0.518684,0.981138,False
ADI,FITB,0.518684,0.518684,0.981138,False
JNJ,MDLZ,0.518674,0.518674,0.981148,False
BX,NVDA,0.518663,0.518663,0.981160,False
ADP,ARE,0.518661,0.518661,0.981162,False
CSX,SYY,0.518653,0.518653,0.981170,False
ADBE,AMAT,0.518652,0.518652,0.981171,True
ALLE,AMCR,0.518650,0.518650,0.981172,False
CMG,MSFT,0.518646,0.518646,0.981177,False
IR,OMC,0.518646,0.518646,0.981177,False
APH,BEN,0.518643,0.518643,0.981180,False
ACGL,CPT,0.518629,0.518629,0.981194,False
BA,TJX,0.518612,0.518612,0.981211,False
D,SBAC,0.518611,0.518611,0.981212,False
DHI,MCO,0.518610,0.518610,0.981214,False
CPAY,GRMN,0.518607,0.518607,0.981216,False
CHD,GIS,0.518604,0.518604,0.981220,True
ADP,IBM,0.518601,0.518601,0.981223,False
FDS,RSG,0.518601,0.518601,0.981223,False
SBUX,TEL,0.518593,0.518593,0.981231,False
APD,EMR,0.518591,0.518591,0.981233,False
GD,PCAR,0.518590,0.518590,0.981234,True
ABT,PG,0.518589,0.518589,0.981235,False
PHM,TROW,0.518588,0.518588,0.981236,False
TYL,VRSK,0.518578,0.518578,0.981246,False
IVZ,PLD,0.518577,0.518577,0.981247,False
ICE,VICI,0.518572,0.518572,0.981252,False
BLDR,GM,0.518568,0.518568,0.981257,False
BX,CRM,0.518555,0.518555,0.981270,False
TXN,WDC,0.518543,0.518543,0.981282,True
CCI,ICE,0.518542,0.518542,0.981283,False
PFG,WTW,0.518532,0.518532,0.981293,True
ISRG,TXN,0.518529,0.518529,0.981296,False
AFL,CRH,0.518526,0.518526,0.981299,False
GOOG,QCOM,0.518516,0.518516,0.981310,False
BLDR,PNC,0.518511,0.518511,0.981314,False
JCI,SPGI,0.518511,0.518511,0.981314,False
LIN,WM,0.518499,0.518499,0.981326,False
ICE,WY,0.518497,0.518497,0.981329,False
F,FTV,0.518482,0.518482,0.981344,False
MSCI,XYZ,0.518478,0.518478,0.981348,True
PPL,SPG,0.518477,0.518477,0.981349,False
AFL,APTV,0.518475,0.518475,0.981352,False
MET,WTW,0.518474,0.518474,0.981352,True
TRV,UDR,0.518474,0.518474,0.981352,False
SPG,TRMB,0.518470,0.518470,0.981356,False
ECL,SBUX,0.518469,0.518469,0.981357,False
GPN,TXT,0.518463,0.518463,0.981364,False
VLO,WFC,0.518460,0.518460,0.981366,False
IVZ,MPC,0.518457,0.518457,0.981370,False
BLDR,SPG,0.518447,0.518447,0.981380,False
ECL,HWM,0.518443,0.518443,0.981383,False
DOW,HPE,0.518442,0.518442,0.981385,False
CSX,TDG,0.518434,0.518434,0.981393,True
CBRE,GD,0.518431,0.518431,0.981395,False
GD,PEG,0.518423,0.518423,0.981404,False
CTAS,KMI,0.518418,0.518418,0.981409,False
MAA,PNC,0.518401,0.518401,0.981426,False
APTV,NTRS,0.518399,0.518399,0.981428,False
FANG,URI,0.518382,0.518382,0.981446,False
CPT,SBAC,0.518361,0.518361,0.981467,True
KLAC,PWR,0.518344,0.518344,0.981485,False
CCL,HON,0.518343,0.518343,0.981485,False
EME,RF,0.518339,0.518339,0.981490,False
MSCI,PNR,0.518339,0.518339,0.981490,False
BAC,PPL,0.518336,0.518336,0.981493,False
ACGL,BSX,0.518333,0.518333,0.981496,False
GOOGL,TXN,0.518330,0.518330,0.981499,False
CSX,NVR,0.518326,0.518326,0.981503,False
ACGL,STT,0.518325,0.518325,0.981504,True
BRO,PGR,0.518325,0.518325,0.981504,True
MPC,WYNN,0.518322,0.518322,0.981507,False
ARES,NOW,0.518317,0.518317,0.981512,False
LIN,SBUX,0.518309,0.518309,0.981520,False
HON,TPR,0.518309,0.518309,0.981521,False
BEN,UNP,0.518308,0.518308,0.981521,False
ETN,F,0.518304,0.518304,0.981525,False
CBRE,OKE,0.518297,0.518297,0.981532,False
NSC,TXN,0.518284,0.518284,0.981546,False
BKNG,ETN,0.518275,0.518275,0.981555,False
GPN,TJX,0.518263,0.518263,0.981567,False
CINF,PH,0.518257,0.518257,0.981573,False
DOW,FRT,0.518249,0.518249,0.981582,False
SHW,TEL,0.518247,0.518247,0.981583,False
GPN,KIM,0.518245,0.518245,0.981585,False
CRH,CTSH,0.518240,0.518240,0.981591,False
CRH,HPE,0.518236,0.518236,0.981595,False
CAT,EOG,0.518235,0.518235,0.981595,False
HUBB,MA,0.518232,0.518232,0.981599,False
HON,HPQ,0.518229,0.518229,0.981601,False
GS,ROP,0.518219,0.518219,0.981612,False
BLK,MCD,0.518212,0.518212,0.981619,False
DAL,DD,0.518211,0.518211,0.981620,False
BX,LEN,0.518211,0.518211,0.981620,False
PPG,UDR,0.518206,0.518206,0.981625,False
JCI,V,0.518206,0.518206,0.981625,False
ARES,DIS,0.518198,0.518198,0.981633,False
ISRG,ZTS,0.518172,0.518172,0.981660,True
NXPI,PCAR,0.518171,0.518171,0.981661,False
ADI,PYPL,0.518161,0.518161,0.981671,False
BRK-B,ZBH,0.518156,0.518156,0.981677,False
DOC,IVZ,0.518155,0.518155,0.981677,False
ALLE,CINF,0.518152,0.518152,0.981680,False
HIG,TEL,0.518143,0.518143,0.981689,False
HIG,LIN,0.518137,0.518137,0.981695,False
CBRE,MDT,0.518137,0.518137,0.981695,False
GPN,PLD,0.518133,0.518133,0.981699,False
BLK,HST,0.518122,0.518122,0.981711,False
AVY,DE,0.518119,0.518119,0.981714,False
CTAS,ORLY,0.518112,0.518112,0.981721,False
CBRE,DTE,0.518111,0.518111,0.981722,False
AVY,CRH,0.518104,0.518104,0.981729,True
IP,KIM,0.518103,0.518103,0.981730,False
ACGL,AVY,0.518097,0.518097,0.981736,False
EQIX,MSCI,0.518095,0.518095,0.981738,False
BX,CMI,0.518094,0.518094,0.981739,False
MCD,TJX,0.518088,0.518088,0.981745,True
MPC,STLD,0.518082,0.518082,0.981751,False
TJX,WRB,0.518079,0.518079,0.981754,False
HD,VRSN,0.518076,0.518076,0.981757,False
CI,CNC,0.518073,0.518073,0.981761,True
PAYX,WEC,0.518071,0.518071,0.981762,False
FIX,PRU,0.518067,0.518067,0.981766,False
AMT,SPGI,0.518054,0.518054,0.981780,False
FFIV,PNR,0.518054,0.518054,0.981780,False
AIZ,MS,0.518051,0.518051,0.981783,True
FAST,SWK,0.518051,0.518051,0.981783,True
ETN,KEYS,0.518050,0.518050,0.981784,False
AFL,YUM,0.518038,0.518038,0.981796,False
BKNG,SYK,0.518030,0.518030,0.981805,False
NDSN,WSM,0.518016,0.518016,0.981818,False
GWW,RF,0.518006,0.518006,0.981829,False
ARES,BR,0.517984,0.517984,0.981851,False
D,MKC,0.517982,0.517982,0.981853,False
BEN,MLM,0.517977,0.517977,0.981858,False
BAC,VMC,0.517974,0.517974,0.981862,False
COF,PKG,0.517970,0.517970,0.981866,False
CSX,MAA,0.517960,0.517960,0.981876,False
FAST,TXT,0.517936,0.517936,0.981900,True
APD,WY,0.517928,0.517928,0.981908,False
GWW,LIN,0.517915,0.517915,0.981921,False
AOS,IR,0.517914,0.517914,0.981923,True
CTAS,TXN,0.517912,0.517912,0.981925,False
AMP,MTD,0.517912,0.517912,0.981925,False
CB,WELL,0.517897,0.517897,0.981940,False
ALLE,LYB,0.517894,0.517894,0.981943,False
DD,HWM,0.517891,0.517891,0.981946,False
CTSH,WFC,0.517880,0.517880,0.981957,False
ADP,CRH,0.517868,0.517868,0.981970,False
RSG,WTW,0.517862,0.517862,0.981975,False
RL,ROST,0.517862,0.517862,0.981975,True
AFL,TRGP,0.517861,0.517861,0.981976,False
BLDR,GS,0.517852,0.517852,0.981986,False
COF,LOW,0.517847,0.517847,0.981991,False
F,IR,0.517844,0.517844,0.981994,False
TRGP,WAB,0.517841,0.517841,0.981996,False
GOOGL,MCHP,0.517838,0.517838,0.982000,False
APD,PAYX,0.517810,0.517810,0.982029,False
DRI,PPG,0.517803,0.517803,0.982035,False
APO,SWK,0.517803,0.517803,0.982036,False
BLDR,TPR,0.517801,0.517801,0.982038,False
LIN,VRSK,0.517792,0.517792,0.982047,False
FTV,LEN,0.517789,0.517789,0.982050,False
AJG,XYL,0.517781,0.517781,0.982058,False
MAA,MET,0.517778,0.517778,0.982062,False
HAL,SPG,0.517772,0.517772,0.982067,False
APO,MCHP,0.517762,0.517762,0.982077,False
DLR,MCO,0.517762,0.517762,0.982078,False
APTV,RCL,0.517760,0.517760,0.982080,True
TXN,WY,0.517758,0.517758,0.982081,False
ECL,TFC,0.517755,0.517755,0.982085,False
LNT,REG,0.517751,0.517751,0.982089,False
ADM,LYB,0.517749,0.517749,0.982090,False
IVZ,ON,0.517743,0.517743,0.982096,False
CDNS,CDW,0.517737,0.517737,0.982103,True
BLDR,MS,0.517729,0.517729,0.982110,False
BBY,BLDR,0.517717,0.517717,0.982123,False
FDX,FITB,0.517714,0.517714,0.982126,False
KIM,LEN,0.517714,0.517714,0.982127,False
ALLE,UHS,0.517690,0.517690,0.982151,False
APTV,PHM,0.517682,0.517682,0.982158,True
DAL,WY,0.517673,0.517673,0.982168,False
KLAC,ROK,0.517669,0.517669,0.982172,False
AME,KMI,0.517654,0.517654,0.982188,False
ACGL,AON,0.517652,0.517652,0.982189,True
DIS,TDG,0.517643,0.517643,0.982199,False
PNC,ROP,0.517641,0.517641,0.982201,False
BRO,INVH,0.517634,0.517634,0.982208,False
MA,PTC,0.517633,0.517633,0.982209,False
AMP,LVS,0.517626,0.517626,0.982216,False
IQV,SWKS,0.517617,0.517617,0.982225,False
HAL,HST,0.517612,0.517612,0.982230,False
FRT,TPR,0.517605,0.517605,0.982237,False
AOS,LOW,0.517603,0.517603,0.982240,False
IDXX,MSFT,0.517599,0.517599,0.982244,False
ADP,AMCR,0.517598,0.517598,0.982244,False
CPT,HON,0.517598,0.517598,0.982245,False
KO,MET,0.517595,0.517595,0.982247,False
SPGI,UDR,0.517585,0.517585,0.982258,False
CMI,SCHW,0.517582,0.517582,0.982260,False
AMP,FFIV,0.517580,0.517580,0.982263,False
NVR,SPG,0.517578,0.517578,0.982265,False
APH,WFC,0.517573,0.517573,0.982270,False
APD,ROP,0.517564,0.517564,0.982279,False
PSX,SYY,0.517560,0.517560,0.982283,False
GPC,IR,0.517552,0.517552,0.982291,False
NUE,SWK,0.517551,0.517551,0.982292,False
DOW,SPG,0.517546,0.517546,0.982298,False
ALL,TFC,0.517540,0.517540,0.982304,True
BKR,STLD,0.517526,0.517526,0.982318,False
DD,MAR,0.517525,0.517525,0.982319,False
UAL,VTR,0.517522,0.517522,0.982322,False
KKR,L,0.517521,0.517521,0.982323,True
ALL,COF,0.517506,0.517506,0.982338,True
CSCO,KEYS,0.517502,0.517502,0.982343,True
CPRT,PPG,0.517502,0.517502,0.982343,False
DOV,IBKR,0.517485,0.517485,0.982359,False
ADP,USB,0.517479,0.517479,0.982366,False
AXP,FOX,0.517475,0.517475,0.982370,False
ADI,PNC,0.517474,0.517474,0.982371,False
MNST,V,0.517471,0.517471,0.982374,False
EMR,MDT,0.517467,0.517467,0.982377,False
IEX,NUE,0.517466,0.517466,0.982379,False
NVR,VICI,0.517463,0.517463,0.982382,False
CFG,MDT,0.517455,0.517455,0.982390,False
KMB,WEC,0.517454,0.517454,0.982391,False
LII,SNA,0.517450,0.517450,0.982395,True
BXP,PPG,0.517449,0.517449,0.982396,False
AOS,WY,0.517448,0.517448,0.982398,False
ACGL,MLM,0.517441,0.517441,0.982404,False
KO,NEE,0.517439,0.517439,0.982406,False
AVY,NWSA,0.517435,0.517435,0.982411,False
NDAQ,PRU,0.517425,0.517425,0.982420,True
IDXX,RVTY,0.517414,0.517414,0.982432,True
BEN,GPC,0.517408,0.517408,0.982438,False
TRV,TXT,0.517396,0.517396,0.982450,False
HWM,OKE,0.517390,0.517390,0.982456,False
DOV,RCL,0.517385,0.517385,0.982462,False
DD,KIM,0.517381,0.517381,0.982465,False
AJG,AXP,0.517380,0.517380,0.982466,True
CRL,MCO,0.517357,0.517357,0.982490,False
ADSK,SYK,0.517357,0.517357,0.982490,False
GPN,MAS,0.517352,0.517352,0.982494,False
BXP,HLT,0.517349,0.517349,0.982498,False
EFX,NDAQ,0.517339,0.517339,0.982508,False
ECL,GD,0.517334,0.517334,0.982513,False
AMP,IT,0.517324,0.517324,0.982523,False
AFL,JCI,0.517322,0.517322,0.982525,False
ACN,HPQ,0.517322,0.517322,0.982526,True
AMCR,IVZ,0.517321,0.517321,0.982526,False
FRT,NCLH,0.517312,0.517312,0.982536,False
DOV,WAT,0.517304,0.517304,0.982544,False
AAPL,NDAQ,0.517304,0.517304,0.982544,False
BX,CSGP,0.517303,0.517303,0.982544,False
BLK,PWR,0.517303,0.517303,0.982545,False
LEN,MLM,0.517299,0.517299,0.982549,False
ADI,RF,0.517297,0.517297,0.982551,False
DIS,RL,0.517290,0.517290,0.982557,False
STT,VICI,0.517285,0.517285,0.982563,False
ALLE,PPL,0.517283,0.517283,0.982565,False
GM,LOW,0.517279,0.517279,0.982569,True
TPR,UAL,0.517271,0.517271,0.982577,False
ISRG,MCHP,0.517266,0.517266,0.982582,False
CDW,LYB,0.517255,0.517255,0.982594,False
NEE,SBAC,0.517248,0.517248,0.982601,False
MGM,MLM,0.517238,0.517238,0.982611,False
HLT,WY,0.517236,0.517236,0.982613,False
GRMN,IVZ,0.517235,0.517235,0.982614,False
FITB,IQV,0.517217,0.517217,0.982632,False
HLT,L,0.517216,0.517216,0.982634,False
CPAY,DD,0.517208,0.517208,0.982641,False
HON,NXPI,0.517202,0.517202,0.982648,False
AMP,AON,0.517198,0.517198,0.982652,True
EMR,KLAC,0.517192,0.517192,0.982658,False
HD,PFG,0.517183,0.517183,0.982667,False
GS,WRB,0.517179,0.517179,0.982670,True
ACGL,MDT,0.517175,0.517175,0.982675,False
ANET,LRCX,0.517167,0.517167,0.982683,True
DELL,KLAC,0.517160,0.517160,0.982690,True
ADI,CMI,0.517140,0.517140,0.982711,False
PFG,SBUX,0.517138,0.517138,0.982713,False
EXPD,FDX,0.517132,0.517132,0.982719,True
AVY,NVR,0.517125,0.517125,0.982725,False
GS,VLO,0.517120,0.517120,0.982731,False
APTV,STLD,0.517115,0.517115,0.982736,False
NVR,SYY,0.517108,0.517108,0.982743,False
MAR,TDY,0.517102,0.517102,0.982749,False
NTAP,PRU,0.517100,0.517100,0.982751,False
CINF,RTX,0.517100,0.517100,0.982751,False
APO,LRCX,0.517100,0.517100,0.982752,False
GM,ROK,0.517099,0.517099,0.982752,False
KEY,VICI,0.517099,0.517099,0.982752,False
MET,TRGP,0.517096,0.517096,0.982755,False
DOV,RSG,0.517091,0.517091,0.982760,True
LUV,NTRS,0.517087,0.517087,0.982764,False
BEN,LIN,0.517085,0.517085,0.982767,False
MA,WTW,0.517080,0.517080,0.982772,True
CB,DUK,0.517069,0.517069,0.982783,False
BLK,JBHT,0.517067,0.517067,0.982785,False
CSX,RTX,0.517066,0.517066,0.982785,True
AME,TRV,0.517066,0.517066,0.982786,False
CSX,RSG,0.517066,0.517066,0.982786,True
HD,MCHP,0.517065,0.517065,0.982787,False
CINF,MA,0.517059,0.517059,0.982793,True
NTAP,PH,0.517059,0.517059,0.982793,False
DOW,GD,0.517058,0.517058,0.982794,False
CDW,WDC,0.517056,0.517056,0.982796,True
TRGP,URI,0.517054,0.517054,0.982798,False
ALL,NTRS,0.517050,0.517050,0.982803,True
HON,VLO,0.517019,0.517019,0.982834,False
BX,PYPL,0.517013,0.517013,0.982840,True
IR,KLAC,0.517012,0.517012,0.982840,False
HD,IVZ,0.517006,0.517006,0.982847,False
SYY,YUM,0.516997,0.516997,0.982856,False
GOOG,MA,0.516993,0.516993,0.982860,False
INTU,MTD,0.516980,0.516980,0.982873,False
IR,KIM,0.516972,0.516972,0.982881,False
GRMN,PRU,0.516952,0.516952,0.982902,False
APTV,SWKS,0.516950,0.516950,0.982904,False
APO,XYL,0.516949,0.516949,0.982905,False
GNRC,TEL,0.516946,0.516946,0.982908,False
ACN,FITB,0.516926,0.516926,0.982928,False
APO,ZBRA,0.516924,0.516924,0.982930,False
PKG,STLD,0.516916,0.516916,0.982938,True
HIG,NDSN,0.516906,0.516906,0.982949,False
MLM,SYK,0.516900,0.516900,0.982954,False
ADI,GPN,0.516900,0.516900,0.982955,False
CRH,NWS,0.516895,0.516895,0.982959,False
GM,XYL,0.516894,0.516894,0.982961,False
DTE,RF,0.516891,0.516891,0.982964,False
NUE,ROK,0.516884,0.516884,0.982971,False
UDR,XYL,0.516882,0.516882,0.982973,False
ARES,TDY,0.516830,0.516830,0.983026,False
EXPD,HON,0.516825,0.516825,0.983031,True
AVY,HWM,0.516824,0.516824,0.983032,False
CCL,F,0.516821,0.516821,0.983035,True
FTV,GRMN,0.516817,0.516817,0.983039,False
HCA,MDT,0.516816,0.516816,0.983040,True
EFX,SHW,0.516816,0.516816,0.983040,False
BG,LYB,0.516805,0.516805,0.983051,False
DIS,LYV,0.516803,0.516803,0.983054,True
EXC,PSA,0.516794,0.516794,0.983063,False
FANG,JPM,0.516793,0.516793,0.983064,False
A,KLAC,0.516791,0.516791,0.983065,False
BX,SNA,0.516781,0.516781,0.983076,False
CSX,NDAQ,0.516779,0.516779,0.983077,False
EIX,PRU,0.516777,0.516777,0.983080,False
CB,CVX,0.516771,0.516771,0.983086,False
URI,V,0.516764,0.516764,0.983093,False
MA,ZBH,0.516760,0.516760,0.983097,False
BRO,DOV,0.516758,0.516758,0.983099,False
FOX,MS,0.516753,0.516753,0.983104,False
BKNG,NTRS,0.516748,0.516748,0.983109,False
DOC,PH,0.516745,0.516745,0.983113,False
BA,ROST,0.516742,0.516742,0.983116,False
LYB,TRV,0.516741,0.516741,0.983117,False
LYV,URI,0.516716,0.516716,0.983142,False
LRCX,MA,0.516711,0.516711,0.983147,False
BLK,OMC,0.516709,0.516709,0.983149,False
PWR,SNA,0.516708,0.516708,0.983150,True
AMCR,EMR,0.516705,0.516705,0.983153,False
STLD,VMC,0.516703,0.516703,0.983155,True
ADP,PNW,0.516701,0.516701,0.983157,False
GE,JCI,0.516699,0.516699,0.983160,True
FIX,IR,0.516698,0.516698,0.983160,True
IR,NWSA,0.516695,0.516695,0.983163,False
CRL,ZTS,0.516684,0.516684,0.983175,True
GM,VICI,0.516670,0.516670,0.983189,False
C,FDX,0.516668,0.516668,0.983191,False
KDP,PEP,0.516668,0.516668,0.983191,True
AXP,IBM,0.516663,0.516663,0.983196,False
MDT,WELL,0.516661,0.516661,0.983198,False
IBKR,SYF,0.516656,0.516656,0.983203,True
WEC,WM,0.516655,0.516655,0.983204,False
EXC,VTR,0.516652,0.516652,0.983207,False
CF,MPC,0.516650,0.516650,0.983209,False
AXP,CPT,0.516644,0.516644,0.983215,False
MDT,SPG,0.516641,0.516641,0.983218,False
GRMN,MS,0.516636,0.516636,0.983223,False
HON,WM,0.516635,0.516635,0.983224,True
ECL,PHM,0.516617,0.516617,0.983243,False
ADBE,BX,0.516612,0.516612,0.983248,False
AVY,CTSH,0.516612,0.516612,0.983248,False
APTV,KIM,0.516612,0.516612,0.983248,False
ICE,O,0.516611,0.516611,0.983248,False
AME,EG,0.516598,0.516598,0.983262,False
AVY,GD,0.516595,0.516595,0.983265,False
APTV,MAS,0.516583,0.516583,0.983277,False
GS,TRGP,0.516572,0.516572,0.983288,False
CPRT,LRCX,0.516570,0.516570,0.983290,False
F,TROW,0.516570,0.516570,0.983291,False
AJG,SYK,0.516568,0.516568,0.983292,False
DUK,MCD,0.516563,0.516563,0.983298,False
RCL,USB,0.516560,0.516560,0.983301,False
BBY,PPG,0.516557,0.516557,0.983303,False
MS,PLD,0.516557,0.516557,0.983304,False
MLM,OKE,0.516548,0.516548,0.983312,False
CDW,FFIV,0.516546,0.516546,0.983315,True
AXP,ULTA,0.516539,0.516539,0.983322,False
ITW,ON,0.516532,0.516532,0.983329,False
STLD,UNP,0.516530,0.516530,0.983331,False
MAA,UHS,0.516521,0.516521,0.983340,False
GE,TDY,0.516510,0.516510,0.983352,False
SBUX,SWK,0.516503,0.516503,0.983359,False
AMP,FIS,0.516503,0.516503,0.983359,True
AMP,O,0.516502,0.516502,0.983360,False
APTV,SNA,0.516485,0.516485,0.983377,False
ACGL,NTRS,0.516476,0.516476,0.983386,True
LEN,O,0.516470,0.516470,0.983392,False
AME,IT,0.516467,0.516467,0.983395,False
VRSN,ZTS,0.516459,0.516459,0.983403,False
DOV,MSCI,0.516449,0.516449,0.983414,False
C,EXPE,0.516443,0.516443,0.983420,False
GPC,TROW,0.516427,0.516427,0.983436,False
BEN,CINF,0.516426,0.516426,0.983437,True
APH,NDAQ,0.516426,0.516426,0.983437,False
LH,PNR,0.516424,0.516424,0.983439,False
MLM,O,0.516406,0.516406,0.983457,False
ACN,RJF,0.516402,0.516402,0.983461,False
JBL,NTRS,0.516394,0.516394,0.983470,False
FDX,ITW,0.516393,0.516393,0.983471,True
BSX,EMR,0.516391,0.516391,0.983473,False
AJG,PEG,0.516387,0.516387,0.983476,False
LUV,STT,0.516380,0.516380,0.983483,False
APH,GWW,0.516368,0.516368,0.983496,False
SBAC,SPGI,0.516367,0.516367,0.983497,False
PPG,WYNN,0.516365,0.516365,0.983499,False
MSCI,SYK,0.516363,0.516363,0.983501,False
PNR,SWKS,0.516362,0.516362,0.983502,False
APH,BR,0.516360,0.516360,0.983504,False
JBL,TFC,0.516359,0.516359,0.983505,False
PPL,PSA,0.516350,0.516350,0.983514,False
AFL,BKNG,0.516349,0.516349,0.983515,False
ADM,ITW,0.516346,0.516346,0.983519,False
PAYC,TYL,0.516345,0.516345,0.983519,False
HWM,MPC,0.516344,0.516344,0.983520,False
BX,CRL,0.516331,0.516331,0.983533,False
FANG,L,0.516331,0.516331,0.983534,False
MTD,SPGI,0.516328,0.516328,0.983536,False
ADM,BAC,0.516326,0.516326,0.983538,False
MCHP,SBUX,0.516325,0.516325,0.983540,False
COO,TROW,0.516323,0.516323,0.983541,False
DELL,TEL,0.516319,0.516319,0.983546,True
DD,HPQ,0.516307,0.516307,0.983558,False
L,NDAQ,0.516297,0.516297,0.983568,True
ARES,SWKS,0.516296,0.516296,0.983569,False
RJF,SPG,0.516293,0.516293,0.983572,False
MAA,TROW,0.516291,0.516291,0.983575,False
BLDR,WAB,0.516282,0.516282,0.983583,True
GPC,RTX,0.516281,0.516281,0.983584,False
BKNG,TFC,0.516279,0.516279,0.983586,False
HLT,SWK,0.516266,0.516266,0.983600,False
GOOG,MCO,0.516263,0.516263,0.983602,False
ACGL,CME,0.516251,0.516251,0.983615,True
MS,MU,0.516247,0.516247,0.983619,False
AME,FFIV,0.516233,0.516233,0.983633,False
CTSH,STT,0.516221,0.516221,0.983646,False
FDX,PRU,0.516219,0.516219,0.983647,False
BKNG,OMC,0.516215,0.516215,0.983651,False
ACN,AJG,0.516213,0.516213,0.983653,False
EG,WFC,0.516213,0.516213,0.983654,True
CDW,MTD,0.516212,0.516212,0.983654,False
PEP,ROP,0.516201,0.516201,0.983665,False
ROP,TXN,0.516198,0.516198,0.983669,True
REG,SWK,0.516197,0.516197,0.983669,False
MOS,PH,0.516191,0.516191,0.983676,False
NDAQ,UDR,0.516189,0.516189,0.983678,False
IVZ,RTX,0.516172,0.516172,0.983695,False
MDLZ,SJM,0.516168,0.516168,0.983699,True
ECL,LOW,0.516165,0.516165,0.983702,False
BEN,KIM,0.516159,0.516159,0.983709,False
AIZ,DTE,0.516154,0.516154,0.983714,False
NSC,VICI,0.516143,0.516143,0.983725,False
AIG,EOG,0.516134,0.516134,0.983733,False
AFL,SRE,0.516134,0.516134,0.983734,False
FCX,RJF,0.516132,0.516132,0.983735,False
CBRE,NWS,0.516131,0.516131,0.983737,False
GRMN,HON,0.516119,0.516119,0.983749,False
ADI,ALLE,0.516118,0.516118,0.983750,False
GOOGL,MA,0.516115,0.516115,0.983753,False
AJG,BSX,0.516111,0.516111,0.983757,False
NDAQ,SHW,0.516099,0.516099,0.983769,False
CCL,HWM,0.516098,0.516098,0.983770,False
FCX,NTRS,0.516098,0.516098,0.983770,False
COP,GD,0.516098,0.516098,0.983770,False
HPE,STX,0.516079,0.516079,0.983789,True
MMM,URI,0.516072,0.516072,0.983797,True
CFG,EXPE,0.516072,0.516072,0.983797,False
AAPL,ADP,0.516071,0.516071,0.983798,False
APD,MCO,0.516069,0.516069,0.983800,False
BBY,MCHP,0.516063,0.516063,0.983806,False
CPAY,RTX,0.516062,0.516062,0.983807,False
FRT,NWS,0.516057,0.516057,0.983812,False
PHM,VMC,0.516056,0.516056,0.983813,False
PNR,WSM,0.516045,0.516045,0.983824,False
FIX,PNR,0.516044,0.516044,0.983825,True
DOV,POOL,0.516043,0.516043,0.983826,False
BX,GOOGL,0.516036,0.516036,0.983833,False
CAT,CBRE,0.516035,0.516035,0.983835,False
ALL,PH,0.516025,0.516025,0.983844,False
DD,IQV,0.516020,0.516020,0.983849,False
CTAS,NVR,0.516013,0.516013,0.983857,False
PH,TER,0.516012,0.516012,0.983858,False
EG,HON,0.516005,0.516005,0.983865,False
IQV,PRU,0.515998,0.515998,0.983872,False
GE,KKR,0.515992,0.515992,0.983878,False
MCD,NVR,0.515989,0.515989,0.983881,True
LII,URI,0.515988,0.515988,0.983882,True
GD,IVZ,0.515984,0.515984,0.983886,False
J,KEY,0.515976,0.515976,0.983894,False
ES,RSG,0.515975,0.515975,0.983896,False
CCI,KO,0.515965,0.515965,0.983906,False
NXPI,SNA,0.515949,0.515949,0.983922,False
CAT,MCHP,0.515940,0.515940,0.983931,False
IR,RTX,0.515940,0.515940,0.983931,True
ICE,TROW,0.515938,0.515938,0.983933,True
NCLH,OKE,0.515935,0.515935,0.983936,False
ETN,SWKS,0.515918,0.515918,0.983953,False
CDNS,ETN,0.515915,0.515915,0.983957,False
CSX,CVX,0.515914,0.515914,0.983957,False
EXPD,PPG,0.515911,0.515911,0.983960,False
CNP,MCO,0.515910,0.515910,0.983961,False
BKNG,JCI,0.515906,0.515906,0.983965,False
BBY,TPR,0.515902,0.515902,0.983970,True
ESS,MA,0.515899,0.515899,0.983972,False
HII,PRU,0.515897,0.515897,0.983974,False
DOC,KEY,0.515894,0.515894,0.983978,False
CPAY,MCHP,0.515884,0.515884,0.983988,False
COO,SPGI,0.515882,0.515882,0.983990,False
AJG,FTV,0.515870,0.515870,0.984002,False
REG,SYK,0.515857,0.515857,0.984015,False
KKR,SBUX,0.515850,0.515850,0.984022,False
HUBB,SHW,0.515834,0.515834,0.984039,False
DD,PSX,0.515831,0.515831,0.984042,False
ROK,STLD,0.515825,0.515825,0.984048,False
OKE,WFC,0.515825,0.515825,0.984048,False
ADP,ETR,0.515817,0.515817,0.984055,False
IEX,JBL,0.515817,0.515817,0.984055,False
DOW,FANG,0.515801,0.515801,0.984072,False
EMR,WDC,0.515800,0.515800,0.984073,False
CRM,MSCI,0.515797,0.515797,0.984077,False
CRL,NDSN,0.515796,0.515796,0.984077,False
NXPI,PNC,0.515790,0.515790,0.984083,False
BKNG,USB,0.515788,0.515788,0.984086,False
CPAY,IEX,0.515788,0.515788,0.984086,False
CME,WM,0.515787,0.515787,0.984086,False
CME,EXC,0.515779,0.515779,0.984095,False
ADP,ETN,0.515779,0.515779,0.984095,True
EMR,NCLH,0.515776,0.515776,0.984098,False
SYF,TXN,0.515767,0.515767,0.984107,False
MAR,PSX,0.515761,0.515761,0.984113,False
AOS,J,0.515754,0.515754,0.984120,True
CSX,OMC,0.515745,0.515745,0.984129,False
AME,CVX,0.515739,0.515739,0.984135,False
BRO,CPRT,0.515730,0.515730,0.984144,False
ECL,NTRS,0.515716,0.515716,0.984159,False
FDX,NSC,0.515711,0.515711,0.984164,True
BXP,PSA,0.515704,0.515704,0.984171,True
DHI,MLM,0.515700,0.515700,0.984174,False
DE,IVZ,0.515697,0.515697,0.984177,False
LRCX,XYZ,0.515696,0.515696,0.984179,False
DAL,ETN,0.515689,0.515689,0.984186,True
NCLH,REG,0.515683,0.515683,0.984192,False
PAYX,SBUX,0.515680,0.515680,0.984195,False
RF,ROST,0.515679,0.515679,0.984196,False
ADP,CME,0.515661,0.515661,0.984214,False
GOOG,TXN,0.515655,0.515655,0.984220,False
GM,RTX,0.515650,0.515650,0.984226,False
ACGL,MPC,0.515638,0.515638,0.984238,False
DE,RTX,0.515634,0.515634,0.984242,True
CRH,HST,0.515634,0.515634,0.984242,False
BR,MSFT,0.515631,0.515631,0.984245,False
ADBE,BLK,0.515627,0.515627,0.984249,False
EXPD,PCAR,0.515623,0.515623,0.984253,True
BAC,MCHP,0.515622,0.515622,0.984254,False
AJG,MDLZ,0.515592,0.515592,0.984284,False
STT,TT,0.515586,0.515586,0.984290,False
DHI,IQV,0.515582,0.515582,0.984295,False
CF,OXY,0.515573,0.515573,0.984304,False
BRO,KO,0.515573,0.515573,0.984304,False
TT,UNP,0.515563,0.515563,0.984314,True
BSX,RSG,0.515560,0.515560,0.984317,False
AME,COP,0.515560,0.515560,0.984317,False
KHC,KO,0.515558,0.515558,0.984319,True
MAA,TJX,0.515557,0.515557,0.984320,False
CBRE,EME,0.515544,0.515544,0.984334,False
CRH,LEN,0.515535,0.515535,0.984343,False
CMCSA,ITW,0.515534,0.515534,0.984343,False
HWM,LYV,0.515533,0.515533,0.984344,False
FRT,PAYX,0.515524,0.515524,0.984354,False
OMC,TJX,0.515516,0.515516,0.984362,False
GPN,TRMB,0.515508,0.515508,0.984370,False
PAYX,STT,0.515503,0.515503,0.984375,False
GM,HWM,0.515491,0.515491,0.984387,False
ALLE,DE,0.515462,0.515462,0.984416,True
HIG,IR,0.515462,0.515462,0.984417,False
CPAY,HUBB,0.515458,0.515458,0.984420,False
CPRT,VRSN,0.515457,0.515457,0.984421,False
DOC,LH,0.515454,0.515454,0.984424,False
MSCI,NVDA,0.515454,0.515454,0.984425,False
CRH,IP,0.515448,0.515448,0.984431,True
KMI,MTB,0.515445,0.515445,0.984434,False
CSCO,L,0.515440,0.515440,0.984439,False
HON,LYV,0.515439,0.515439,0.984440,False
TXT,UHS,0.515426,0.515426,0.984453,False
ESS,ICE,0.515422,0.515422,0.984457,False
ARE,LOW,0.515417,0.515417,0.984462,False
CBRE,DHI,0.515402,0.515402,0.984478,False
EME,KEY,0.515398,0.515398,0.984482,False
ROP,TXT,0.515396,0.515396,0.984484,False
EFX,LOW,0.515395,0.515395,0.984484,False
NDAQ,ZTS,0.515391,0.515391,0.984489,False
CDW,PTC,0.515390,0.515390,0.984490,True
CTAS,VRSN,0.515386,0.515386,0.984494,False
DUK,VICI,0.515368,0.515368,0.984512,False
ROST,URI,0.515365,0.515365,0.984516,False
GOOGL,ISRG,0.515361,0.515361,0.984519,False
JCI,STLD,0.515361,0.515361,0.984520,False
ADI,NWS,0.515342,0.515342,0.984538,False
CVS,ELV,0.515340,0.515340,0.984541,True
KKR,PYPL,0.515335,0.515335,0.984545,True
BX,LII,0.515328,0.515328,0.984553,False
MCO,NVR,0.515326,0.515326,0.984555,False
EXPE,SYY,0.515313,0.515313,0.984568,False
ROST,WY,0.515311,0.515311,0.984569,False
OMC,SYY,0.515308,0.515308,0.984573,False
CTAS,GLW,0.515297,0.515297,0.984584,False
UNP,VICI,0.515297,0.515297,0.984585,False
BLDR,MET,0.515277,0.515277,0.984604,False
ACGL,O,0.515274,0.515274,0.984607,False
ALLE,NXPI,0.515270,0.515270,0.984612,False
MSCI,TRMB,0.515257,0.515257,0.984625,False
MAA,SHW,0.515253,0.515253,0.984629,False
BLDR,HON,0.515229,0.515229,0.984653,True
HLT,NWS,0.515228,0.515228,0.984654,False
ARES,J,0.515222,0.515222,0.984661,False
CDNS,FICO,0.515208,0.515208,0.984674,True
GNRC,TROW,0.515204,0.515204,0.984678,False
MDT,TEL,0.515201,0.515201,0.984681,False
PHM,TPR,0.515201,0.515201,0.984682,True
POOL,TSCO,0.515196,0.515196,0.984687,True
ETN,MSFT,0.515194,0.515194,0.984688,False
AMP,SHW,0.515190,0.515190,0.984693,False
CPAY,TRMB,0.515172,0.515172,0.984711,False
HIG,V,0.515170,0.515170,0.984714,True
AEP,ESS,0.515166,0.515166,0.984718,False
CMCSA,L,0.515165,0.515165,0.984719,False
NXPI,STT,0.515144,0.515144,0.984739,False
OKE,TEL,0.515135,0.515135,0.984749,False
PAYC,TROW,0.515128,0.515128,0.984756,False
JCI,UNP,0.515126,0.515126,0.984758,True
BRK-B,WELL,0.515114,0.515114,0.984770,False
AEE,JNJ,0.515108,0.515108,0.984776,False
CTAS,KLAC,0.515101,0.515101,0.984783,False
CSCO,LIN,0.515098,0.515098,0.984786,False
STLD,SWK,0.515086,0.515086,0.984799,False
DOV,ICE,0.515080,0.515080,0.984804,False
ADI,PRU,0.515073,0.515073,0.984812,False
MET,NTAP,0.515069,0.515069,0.984815,False
CPAY,PSX,0.515067,0.515067,0.984818,False
DRI,TRMB,0.515061,0.515061,0.984823,False
CRH,KLAC,0.515059,0.515059,0.984826,False
KMB,LNT,0.515056,0.515056,0.984829,False
MTD,PNR,0.515050,0.515050,0.984835,False
HWM,WRB,0.515046,0.515046,0.984839,False
BA,TDY,0.515040,0.515040,0.984845,False
STT,WMB,0.515036,0.515036,0.984849,False
DHI,DOC,0.515029,0.515029,0.984856,False
SWK,TJX,0.515013,0.515013,0.984873,False
APH,FAST,0.515012,0.515012,0.984874,False
CCL,MPC,0.515010,0.515010,0.984876,False
A,GRMN,0.515009,0.515009,0.984877,False
AXP,MAS,0.514998,0.514998,0.984887,False
CMS,HSY,0.514997,0.514997,0.984889,False
SYF,WELL,0.514986,0.514986,0.984900,False
BX,UDR,0.514984,0.514984,0.984902,False
CDNS,MA,0.514982,0.514982,0.984904,False
EMR,LII,0.514982,0.514982,0.984904,True
TXN,WAB,0.514971,0.514971,0.984915,False
AJG,IQV,0.514967,0.514967,0.984919,False
O,RF,0.514965,0.514965,0.984922,False
FAST,LOW,0.514963,0.514963,0.984923,False
APTV,CTAS,0.514954,0.514954,0.984932,False
HBAN,HPQ,0.514951,0.514951,0.984936,False
HIG,ROST,0.514939,0.514939,0.984947,False
ITW,MCD,0.514938,0.514938,0.984949,False
IQV,ZBRA,0.514936,0.514936,0.984950,False
MDT,MS,0.514924,0.514924,0.984963,False
BEN,MMM,0.514923,0.514923,0.984964,False
O,XEL,0.514920,0.514920,0.984967,False
PHM,URI,0.514912,0.514912,0.984975,False
CMI,NWSA,0.514910,0.514910,0.984977,False
KO,O,0.514903,0.514903,0.984985,False
CINF,CTAS,0.514896,0.514896,0.984992,False
APO,TDG,0.514888,0.514888,0.985000,False
ROK,V,0.514882,0.514882,0.985005,False
KMI,TRV,0.514882,0.514882,0.985006,False
ATO,SBAC,0.514872,0.514872,0.985016,False
EXPD,UNP,0.514871,0.514871,0.985017,True
ACGL,SO,0.514864,0.514864,0.985024,False
CRM,GOOG,0.514860,0.514860,0.985028,False
EXPD,LOW,0.514840,0.514840,0.985048,False
GOOGL,TEL,0.514839,0.514839,0.985049,False
LIN,PKG,0.514835,0.514835,0.985054,True
IP,TPR,0.514832,0.514832,0.985057,False
IEX,MTB,0.514819,0.514819,0.985070,False
ITW,TDG,0.514818,0.514818,0.985071,True
LOW,MA,0.514813,0.514813,0.985075,False
AOS,CAT,0.514810,0.514810,0.985079,True
CBRE,NWSA,0.514805,0.514805,0.985084,False
PNW,WRB,0.514801,0.514801,0.985088,False
CDW,DIS,0.514800,0.514800,0.985088,False
GOOGL,MCO,0.514798,0.514798,0.985091,False
BBY,URI,0.514792,0.514792,0.985097,False
ITW,LRCX,0.514788,0.514788,0.985101,False
DD,TDY,0.514780,0.514780,0.985109,False
AME,HLT,0.514779,0.514779,0.985110,False
BA,PNR,0.514774,0.514774,0.985115,True
AAPL,CRM,0.514765,0.514765,0.985124,True
LUV,WAB,0.514764,0.514764,0.985125,True
AJG,DUK,0.514759,0.514759,0.985130,False
CTAS,USB,0.514757,0.514757,0.985133,False
BLDR,JBL,0.514756,0.514756,0.985133,False
HLT,VMC,0.514751,0.514751,0.985138,False
DAL,NWS,0.514745,0.514745,0.985145,False
AVGO,SNPS,0.514741,0.514741,0.985148,True
IP,OMC,0.514727,0.514727,0.985163,False
ACGL,EVRG,0.514723,0.514723,0.985167,False
L,MGM,0.514721,0.514721,0.985169,False
ITW,WM,0.514716,0.514716,0.985175,True
BXP,UNP,0.514707,0.514707,0.985183,False
HLT,MCHP,0.514699,0.514699,0.985191,False
C,MDT,0.514698,0.514698,0.985193,False
IQV,MSFT,0.514695,0.514695,0.985195,False
NWSA,WFC,0.514684,0.514684,0.985207,False
EXC,SBAC,0.514682,0.514682,0.985209,False
AME,PPL,0.514673,0.514673,0.985218,False
C,DOC,0.514647,0.514647,0.985244,False
BRO,PRU,0.514647,0.514647,0.985244,True
CINF,HWM,0.514645,0.514645,0.985247,False
ALLE,EXPD,0.514640,0.514640,0.985251,True
CTSH,RF,0.514627,0.514627,0.985265,False
DTE,YUM,0.514622,0.514622,0.985269,False
COF,TT,0.514614,0.514614,0.985278,False
CME,SPGI,0.514611,0.514611,0.985281,True
CSX,MGM,0.514609,0.514609,0.985283,False
AMT,VICI,0.514607,0.514607,0.985285,True
GD,SLB,0.514606,0.514606,0.985286,False
FITB,GWW,0.514601,0.514601,0.985291,False
DAL,HUBB,0.514600,0.514600,0.985292,True
HIG,HLT,0.514597,0.514597,0.985294,False
DOV,WRB,0.514597,0.514597,0.985295,False
UAL,VICI,0.514591,0.514591,0.985300,False
GDDY,INTU,0.514591,0.514591,0.985301,True
CCL,EMR,0.514582,0.514582,0.985310,False
FAST,SHW,0.514578,0.514578,0.985314,False
HON,INVH,0.514578,0.514578,0.985315,False
GPC,STT,0.514573,0.514573,0.985319,False
GE,MGM,0.514558,0.514558,0.985334,False
GLW,STX,0.514557,0.514557,0.985335,True
HWM,TROW,0.514555,0.514555,0.985337,False
CRH,HPQ,0.514546,0.514546,0.985347,False
AMT,WY,0.514536,0.514536,0.985357,True
NVR,TROW,0.514532,0.514532,0.985361,False
FITB,FOXA,0.514531,0.514531,0.985362,False
CF,KMI,0.514527,0.514527,0.985366,False
ABT,BR,0.514527,0.514527,0.985366,False
NDAQ,PH,0.514521,0.514521,0.985372,False
STT,WYNN,0.514517,0.514517,0.985376,False
HLT,TDY,0.514515,0.514515,0.985378,False
MPWR,PH,0.514513,0.514513,0.985380,False
SHW,SYK,0.514513,0.514513,0.985380,False
LOW,TRMB,0.514499,0.514499,0.985395,False
DOW,ROK,0.514486,0.514486,0.985407,False
MSCI,TMO,0.514486,0.514486,0.985407,False
ACN,TFC,0.514485,0.514485,0.985408,False
AOS,CMI,0.514481,0.514481,0.985412,True
MA,SHW,0.514481,0.514481,0.985413,False
DE,SLB,0.514479,0.514479,0.985415,False
SPG,TRV,0.514478,0.514478,0.985415,False
INVH,WEC,0.514477,0.514477,0.985416,False
CPAY,ZBRA,0.514465,0.514465,0.985429,False
AMP,AOS,0.514464,0.514464,0.985429,False
GPN,MTB,0.514461,0.514461,0.985433,True
A,SWKS,0.514457,0.514457,0.985437,False
APTV,CSX,0.514457,0.514457,0.985437,False
EMR,IBKR,0.514450,0.514450,0.985444,False
F,TPR,0.514434,0.514434,0.985460,True
IVZ,SWKS,0.514433,0.514433,0.985462,False
LOW,V,0.514429,0.514429,0.985465,False
DOV,SLB,0.514424,0.514424,0.985470,False
CFG,ROST,0.514424,0.514424,0.985471,False
ESS,NDSN,0.514422,0.514422,0.985473,False
DD,HPE,0.514421,0.514421,0.985473,False
GOOG,ISRG,0.514414,0.514414,0.985480,False
NDSN,QCOM,0.514413,0.514413,0.985482,False
DRI,ZBH,0.514405,0.514405,0.985490,False
AIZ,VICI,0.514400,0.514400,0.985495,False
KLAC,MTD,0.514399,0.514399,0.985496,False
FAST,TT,0.514393,0.514393,0.985502,True
ADM,AIG,0.514393,0.514393,0.985502,False
AMD,TEL,0.514392,0.514392,0.985503,True
DOW,FDX,0.514386,0.514386,0.985509,False
FRT,SRE,0.514383,0.514383,0.985512,False
IT,TEL,0.514377,0.514377,0.985518,True
ACGL,CSX,0.514361,0.514361,0.985535,False
MDT,RSG,0.514356,0.514356,0.985540,False
APD,MA,0.514344,0.514344,0.985552,False
SYK,TDY,0.514343,0.514343,0.985553,False
HCA,VTR,0.514335,0.514335,0.985561,False
ITW,KLAC,0.514334,0.514334,0.985561,False
ALLE,WFC,0.514332,0.514332,0.985564,False
RTX,XYL,0.514323,0.514323,0.985573,True
FICO,VRSN,0.514321,0.514321,0.985575,True
BLK,DHI,0.514317,0.514317,0.985579,False
CAT,F,0.514317,0.514317,0.985579,False
MSCI,MTD,0.514307,0.514307,0.985590,False
HD,TDY,0.514302,0.514302,0.985595,False
FDX,TEL,0.514301,0.514301,0.985595,False
A,NDAQ,0.514294,0.514294,0.985603,False
AMD,INTU,0.514290,0.514290,0.985607,True
PYPL,WDAY,0.514286,0.514286,0.985611,False
AVY,EXPD,0.514285,0.514285,0.985612,False
ACN,FFIV,0.514271,0.514271,0.985626,True
CPAY,ESS,0.514270,0.514270,0.985626,False
AMT,VRSK,0.514269,0.514269,0.985627,False
APO,GM,0.514244,0.514244,0.985653,False
AMP,HAS,0.514234,0.514234,0.985663,False
CBRE,IRM,0.514227,0.514227,0.985671,True
CTAS,LRCX,0.514205,0.514205,0.985692,False
BRO,XYL,0.514197,0.514197,0.985701,False
FCX,HON,0.514178,0.514178,0.985720,False
FIX,HPE,0.514177,0.514177,0.985721,False
GD,UHS,0.514173,0.514173,0.985725,False
BXP,EXR,0.514164,0.514164,0.985734,True
GS,IBM,0.514161,0.514161,0.985737,False
HPE,PSX,0.514158,0.514158,0.985740,False
AVGO,DOV,0.514149,0.514149,0.985750,False
GLW,ON,0.514142,0.514142,0.985757,True
EFX,MSCI,0.514141,0.514141,0.985757,False
GRMN,TXN,0.514140,0.514140,0.985758,False
CRM,GOOGL,0.514130,0.514130,0.985769,False
GPC,YUM,0.514123,0.514123,0.985776,True
ADSK,AME,0.514115,0.514115,0.985784,False
FFIV,KKR,0.514114,0.514114,0.985785,False
ECL,EFX,0.514112,0.514112,0.985787,False
GD,GLW,0.514110,0.514110,0.985789,False
ACN,C,0.514104,0.514104,0.985795,False
DD,MCO,0.514103,0.514103,0.985796,False
NTAP,WDC,0.514083,0.514083,0.985816,True
APH,STLD,0.514076,0.514076,0.985823,False
LUV,TPR,0.514076,0.514076,0.985824,False
CSX,HPQ,0.514071,0.514071,0.985828,False
APD,PFG,0.514064,0.514064,0.985836,False
BX,DHI,0.514063,0.514063,0.985836,False
GPC,JCI,0.514061,0.514061,0.985838,False
NSC,TJX,0.514054,0.514054,0.985846,False
JBL,MA,0.514038,0.514038,0.985862,False
ICE,MSI,0.514026,0.514026,0.985874,False
MDLZ,PM,0.514016,0.514016,0.985884,True
LRCX,TT,0.514012,0.514012,0.985888,False
ARE,CMS,0.514010,0.514010,0.985890,False
IT,TRMB,0.514009,0.514009,0.985892,True
CCL,L,0.514005,0.514005,0.985896,False
BRK-B,FDS,0.514003,0.514003,0.985898,True
BLK,HLT,0.513997,0.513997,0.985904,False
INTU,NDSN,0.513961,0.513961,0.985941,False
MSFT,VRSK,0.513957,0.513957,0.985944,False
FRT,MPC,0.513955,0.513955,0.985947,False
HPE,SNA,0.513954,0.513954,0.985947,False
GS,UHS,0.513951,0.513951,0.985951,False
ACGL,MSI,0.513950,0.513950,0.985951,False
ADI,STX,0.513949,0.513949,0.985952,True
DAL,MA,0.513948,0.513948,0.985953,False
BKR,MTB,0.513942,0.513942,0.985959,False
AMCR,NVR,0.513940,0.513940,0.985961,False
STT,SYK,0.513940,0.513940,0.985961,False
BX,MTB,0.513940,0.513940,0.985962,True
CSX,DIS,0.513924,0.513924,0.985978,False
BLDR,KIM,0.513908,0.513908,0.985994,False
CBRE,ZBRA,0.513897,0.513897,0.986005,False
GOOG,MCHP,0.513880,0.513880,0.986022,False
C,MOS,0.513858,0.513858,0.986044,False
MAA,MCD,0.513857,0.513857,0.986045,False
LUV,LYB,0.513857,0.513857,0.986046,False
BRO,PFG,0.513856,0.513856,0.986047,True
ECL,MSCI,0.513855,0.513855,0.986047,False
INVH,ZTS,0.513837,0.513837,0.986066,False
BA,USB,0.513833,0.513833,0.986070,False
BKNG,CDW,0.513819,0.513819,0.986085,False
KEY,UDR,0.513804,0.513804,0.986100,False
BX,NWS,0.513803,0.513803,0.986100,False
COP,HON,0.513797,0.513797,0.986107,False
CPRT,SNPS,0.513796,0.513796,0.986108,False
CMI,NWS,0.513795,0.513795,0.986108,False
AIG,ROK,0.513789,0.513789,0.986114,False
JBHT,NTRS,0.513787,0.513787,0.986117,False
LEN,SPGI,0.513784,0.513784,0.986119,False
ARES,GRMN,0.513783,0.513783,0.986120,False
PWR,WY,0.513777,0.513777,0.986127,False
PAYX,REG,0.513774,0.513774,0.986130,False
CVX,HST,0.513768,0.513768,0.986136,False
AVY,CDW,0.513767,0.513767,0.986137,False
WRB,WTW,0.513767,0.513767,0.986137,True
BKNG,ITW,0.513767,0.513767,0.986137,False
EME,USB,0.513766,0.513766,0.986138,False
NXPI,TT,0.513760,0.513760,0.986144,False
ADSK,FTNT,0.513755,0.513755,0.986149,True
TDY,TFC,0.513754,0.513754,0.986151,False
APTV,MCO,0.513745,0.513745,0.986159,False
AOS,PFG,0.513724,0.513724,0.986181,False
HPE,PPG,0.513719,0.513719,0.986185,False
CAT,OMC,0.513715,0.513715,0.986190,False
ALLE,APO,0.513708,0.513708,0.986197,False
DRI,UNP,0.513703,0.513703,0.986201,False
AOS,BEN,0.513703,0.513703,0.986202,False
CMI,MLM,0.513703,0.513703,0.986202,False
APD,DOW,0.513694,0.513694,0.986210,True
ADI,CAT,0.513691,0.513691,0.986214,False
HIG,RSG,0.513689,0.513689,0.986216,False
AVGO,GOOGL,0.513671,0.513671,0.986234,False
DE,GLW,0.513667,0.513667,0.986238,False
IQV,VRSN,0.513654,0.513654,0.986251,False
CAT,HPQ,0.513652,0.513652,0.986254,False
CPT,SYY,0.513633,0.513633,0.986273,False
ADI,PFG,0.513630,0.513630,0.986276,False
MMM,USB,0.513628,0.513628,0.986278,False
ARES,NWSA,0.513619,0.513619,0.986287,False
NDSN,WAT,0.513598,0.513598,0.986308,False
HPE,TRMB,0.513597,0.513597,0.986310,True
GPC,LEN,0.513595,0.513595,0.986312,True
HBAN,V,0.513591,0.513591,0.986315,True
HRL,MKC,0.513587,0.513587,0.986319,True
DHR,STE,0.513586,0.513586,0.986321,True
HD,NTRS,0.513585,0.513585,0.986321,False
ACN,APO,0.513581,0.513581,0.986325,False
AAPL,CTAS,0.513558,0.513558,0.986349,False
CSX,FCX,0.513555,0.513555,0.986352,False
MA,SNA,0.513553,0.513553,0.986354,False
KEY,MOS,0.513548,0.513548,0.986359,False
FTV,OMC,0.513546,0.513546,0.986361,False
EMR,GRMN,0.513536,0.513536,0.986371,False
APTV,USB,0.513524,0.513524,0.986384,False
LYV,WELL,0.513520,0.513520,0.986387,False
DTE,ROP,0.513509,0.513509,0.986399,False
CPT,PEP,0.513507,0.513507,0.986401,False
CPRT,CTSH,0.513485,0.513485,0.986423,False
BA,MA,0.513484,0.513484,0.986423,False
EME,STT,0.513465,0.513465,0.986443,False
ACN,FICO,0.513445,0.513445,0.986463,True
JPM,PPL,0.513442,0.513442,0.986466,False
FRT,PSX,0.513442,0.513442,0.986467,False
CPRT,MPWR,0.513438,0.513438,0.986471,False
EME,PNC,0.513433,0.513433,0.986476,False
ITW,SPG,0.513419,0.513419,0.986490,False
FAST,GD,0.513412,0.513412,0.986497,True
AMAT,MA,0.513406,0.513406,0.986503,False
CTSH,DOW,0.513401,0.513401,0.986508,False
O,SYK,0.513381,0.513381,0.986528,False
PNC,TRGP,0.513375,0.513375,0.986534,False
ADP,SO,0.513372,0.513372,0.986538,False
AXP,NDAQ,0.513370,0.513370,0.986539,True
IQV,UDR,0.513365,0.513365,0.986545,False
DD,TRMB,0.513363,0.513363,0.986547,False
GD,PSX,0.513354,0.513354,0.986556,False
DHR,NDSN,0.513349,0.513349,0.986560,False
ACGL,PNW,0.513349,0.513349,0.986561,False
LIN,LOW,0.513348,0.513348,0.986561,False
NDAQ,PFG,0.513322,0.513322,0.986588,True
BRO,RJF,0.513320,0.513320,0.986590,True
IP,NDSN,0.513318,0.513318,0.986592,False
ITW,VICI,0.513316,0.513316,0.986594,False
FOXA,MET,0.513301,0.513301,0.986609,False
AMCR,MLM,0.513296,0.513296,0.986614,True
CPT,WRB,0.513292,0.513292,0.986618,False
GL,MS,0.513286,0.513286,0.986625,True
STX,TER,0.513274,0.513274,0.986636,True
VRSK,XEL,0.513261,0.513261,0.986649,False
ALLE,JBL,0.513260,0.513260,0.986651,False
AJG,WY,0.513252,0.513252,0.986659,False
CFG,O,0.513247,0.513247,0.986664,False
BLDR,ROK,0.513246,0.513246,0.986665,True
HSIC,ITW,0.513233,0.513233,0.986678,False
DOV,IT,0.513218,0.513218,0.986694,False
C,FIX,0.513217,0.513217,0.986695,False
AAPL,PLD,0.513199,0.513199,0.986713,False
DD,MPC,0.513195,0.513195,0.986717,False
GWW,JCI,0.513190,0.513190,0.986721,True
BA,MPC,0.513190,0.513190,0.986722,False
CDW,TJX,0.513190,0.513190,0.986722,False
IP,STLD,0.513184,0.513184,0.986728,True
CFG,CPT,0.513180,0.513180,0.986732,False
APH,NRG,0.513177,0.513177,0.986735,False
CTAS,ETR,0.513175,0.513175,0.986737,False
CSX,UHS,0.513168,0.513168,0.986744,False
ON,TDY,0.513165,0.513165,0.986747,True
PPL,SNA,0.513154,0.513154,0.986758,False
GD,OKE,0.513153,0.513153,0.986760,False
ADI,CFG,0.513151,0.513151,0.986761,False
CTSH,ZTS,0.513146,0.513146,0.986766,False
GM,RL,0.513141,0.513141,0.986771,True
AJG,MSCI,0.513132,0.513132,0.986780,True
DOC,SWK,0.513131,0.513131,0.986781,False
DUK,GD,0.513124,0.513124,0.986789,False
GLW,PCAR,0.513115,0.513115,0.986797,False
NCLH,WAB,0.513115,0.513115,0.986798,False
EMR,WYNN,0.513114,0.513114,0.986799,False
ETR,MDLZ,0.513110,0.513110,0.986803,False
GPC,PKG,0.513109,0.513109,0.986804,False
SRE,WY,0.513106,0.513106,0.986807,False
HWM,TPR,0.513091,0.513091,0.986822,False
JCI,RCL,0.513085,0.513085,0.986828,False
IR,SCHW,0.513082,0.513082,0.986831,False
ICE,KKR,0.513082,0.513082,0.986832,True
HUBB,IBKR,0.513070,0.513070,0.986843,False
AFL,WTW,0.513067,0.513067,0.986847,True
JCI,LRCX,0.513051,0.513051,0.986862,False
HSIC,PRU,0.513049,0.513049,0.986865,False
AES,WY,0.513047,0.513047,0.986867,False
JBL,RL,0.513042,0.513042,0.986872,False
ALLE,MTD,0.513030,0.513030,0.986884,False
MGM,ROK,0.513029,0.513029,0.986885,False
L,TPR,0.513020,0.513020,0.986894,False
EOG,JPM,0.513017,0.513017,0.986897,False
AMAT,IR,0.513013,0.513013,0.986901,False
FTV,NDAQ,0.513012,0.513012,0.986902,False
LOW,VMC,0.512998,0.512998,0.986916,False
CCI,FE,0.512995,0.512995,0.986919,False
O,PNC,0.512993,0.512993,0.986921,False
EXC,PRU,0.512987,0.512987,0.986928,False
NSC,SHW,0.512982,0.512982,0.986933,False
GE,NCLH,0.512980,0.512980,0.986934,False
LYB,UHS,0.512974,0.512974,0.986941,False
PLD,RSG,0.512973,0.512973,0.986941,False
DOC,IQV,0.512965,0.512965,0.986950,False
GLW,MMM,0.512965,0.512965,0.986950,False
C,FOXA,0.512953,0.512953,0.986962,False
HWM,OMC,0.512949,0.512949,0.986966,False
DD,ON,0.512949,0.512949,0.986966,False
BLK,GNRC,0.512947,0.512947,0.986968,False
PAYX,TRMB,0.512939,0.512939,0.986976,False
LYV,MET,0.512933,0.512933,0.986982,False
CCL,TRGP,0.512918,0.512918,0.986997,False
STLD,TRMB,0.512917,0.512917,0.986998,False
NTAP,URI,0.512917,0.512917,0.986998,False
AEE,WRB,0.512915,0.512915,0.987000,False
MLM,PCAR,0.512912,0.512912,0.987003,False
MS,SWKS,0.512900,0.512900,0.987016,False
LIN,RF,0.512890,0.512890,0.987025,False
CBRE,DOW,0.512889,0.512889,0.987027,False
CBRE,IT,0.512887,0.512887,0.987028,False
LRCX,SYF,0.512884,0.512884,0.987032,False
COF,O,0.512868,0.512868,0.987048,False
HBAN,TDY,0.512867,0.512867,0.987049,False
CPAY,ROP,0.512862,0.512862,0.987054,False
DIS,WYNN,0.512854,0.512854,0.987062,False
JBL,RCL,0.512847,0.512847,0.987069,False
F,JCI,0.512844,0.512844,0.987072,False
HAL,HON,0.512844,0.512844,0.987072,False
OMC,PAYX,0.512838,0.512838,0.987078,False
BXP,SYY,0.512837,0.512837,0.987079,False
FCX,TFC,0.512825,0.512825,0.987092,False
LYV,TXT,0.512822,0.512822,0.987095,False
ACGL,DUK,0.512817,0.512817,0.987100,False
LH,PAYX,0.512805,0.512805,0.987112,False
IP,IR,0.512800,0.512800,0.987117,False
RF,TT,0.512788,0.512788,0.987129,False
J,RTX,0.512786,0.512786,0.987131,True
CDNS,META,0.512785,0.512785,0.987132,False
ES,ESS,0.512779,0.512779,0.987139,False
BLK,IT,0.512772,0.512772,0.987146,False
AMP,EXC,0.512757,0.512757,0.987160,False
TRV,WAB,0.512717,0.512717,0.987201,False
BBY,TGT,0.512715,0.512715,0.987203,False
L,T,0.512711,0.512711,0.987207,False
AIG,AMCR,0.512709,0.512709,0.987209,False
BX,TDY,0.512708,0.512708,0.987211,False
O,YUM,0.512704,0.512704,0.987214,False
ECL,WAB,0.512692,0.512692,0.987226,False
J,TRMB,0.512692,0.512692,0.987226,False
EQIX,ICE,0.512686,0.512686,0.987232,False
FAST,POOL,0.512686,0.512686,0.987232,False
GM,SYY,0.512683,0.512683,0.987236,False
BSX,HCA,0.512677,0.512677,0.987241,True
CCL,VTR,0.512670,0.512670,0.987249,False
APH,ORCL,0.512668,0.512668,0.987250,True
NTRS,SLB,0.512665,0.512665,0.987253,False
PSX,WAB,0.512654,0.512654,0.987265,False
CSCO,MCHP,0.512648,0.512648,0.987271,True
PHM,XYL,0.512627,0.512627,0.987293,False
FIX,MET,0.512625,0.512625,0.987294,False
APO,MAS,0.512615,0.512615,0.987304,False
AIZ,RJF,0.512610,0.512610,0.987309,True
ADSK,FTV,0.512599,0.512599,0.987320,False
BLDR,CSX,0.512599,0.512599,0.987321,True
CRM,VRSN,0.512590,0.512590,0.987329,True
KKR,RCL,0.512586,0.512586,0.987334,False
LIN,SYF,0.512582,0.512582,0.987338,False
MCHP,RJF,0.512560,0.512560,0.987361,False
BEN,F,0.512559,0.512559,0.987361,False
ADP,STE,0.512554,0.512554,0.987366,False
DHI,PLD,0.512554,0.512554,0.987366,False
ED,INVH,0.512535,0.512535,0.987386,False
BG,CF,0.512533,0.512533,0.987387,False
APO,J,0.512532,0.512532,0.987388,False
KIM,WYNN,0.512508,0.512508,0.987413,False
MAR,VLO,0.512505,0.512505,0.987416,False
DAL,LYB,0.512501,0.512501,0.987420,False
BLDR,JCI,0.512498,0.512498,0.987423,True
ALL,RSG,0.512495,0.512495,0.987426,False
CBRE,YUM,0.512483,0.512483,0.987438,False
HST,ON,0.512479,0.512479,0.987442,False
ES,PAYX,0.512468,0.512468,0.987453,False
DUK,REG,0.512468,0.512468,0.987454,False
INVH,ROP,0.512465,0.512465,0.987456,False
PNR,RCL,0.512465,0.512465,0.987457,False
LYB,TJX,0.512464,0.512464,0.987457,False
LIN,MCD,0.512463,0.512463,0.987459,False
ACGL,EMR,0.512454,0.512454,0.987468,False
APH,NWS,0.512434,0.512434,0.987487,False
ARES,CSX,0.512433,0.512433,0.987489,False
C,SBUX,0.512424,0.512424,0.987497,False
KKR,ROP,0.512421,0.512421,0.987501,False
ACGL,MAA,0.512419,0.512419,0.987503,False
EFX,IQV,0.512418,0.512418,0.987504,False
A,COO,0.512418,0.512418,0.987504,True
CSX,NXPI,0.512416,0.512416,0.987506,False
NTRS,NWS,0.512398,0.512398,0.987524,False
CINF,EVRG,0.512383,0.512383,0.987539,False
CSX,JBL,0.512377,0.512377,0.987545,False
EFX,TEL,0.512373,0.512373,0.987550,False
BA,EMR,0.512355,0.512355,0.987567,True
EMR,UAL,0.512355,0.512355,0.987568,True
AMGN,JNJ,0.512354,0.512354,0.987569,True
DRI,MLM,0.512352,0.512352,0.987571,False
CSX,MMM,0.512350,0.512350,0.987572,True
MGM,STLD,0.512348,0.512348,0.987574,False
FANG,PH,0.512346,0.512346,0.987577,False
FCX,L,0.512324,0.512324,0.987599,False
APH,IBKR,0.512315,0.512315,0.987608,False
DRI,TRGP,0.512315,0.512315,0.987608,False
GM,NSC,0.512303,0.512303,0.987620,False
AXP,LRCX,0.512299,0.512299,0.987624,False
APO,MLM,0.512297,0.512297,0.987627,False
BAC,BSX,0.512296,0.512296,0.987627,False
RJF,TXN,0.512293,0.512293,0.987631,False
GE,LUV,0.512287,0.512287,0.987637,True
MSFT,ZBRA,0.512263,0.512263,0.987661,True
FTV,KMI,0.512258,0.512258,0.987666,False
CFG,MA,0.512258,0.512258,0.987666,True
ARE,PNR,0.512252,0.512252,0.987672,False
FITB,MCHP,0.512241,0.512241,0.987683,False
ABT,NDAQ,0.512240,0.512240,0.987684,False
BRO,EXC,0.512239,0.512239,0.987685,False
AVY,PPL,0.512235,0.512235,0.987690,False
MDT,WRB,0.512229,0.512229,0.987695,False
DHR,INTU,0.512226,0.512226,0.987698,False
BRK-B,T,0.512218,0.512218,0.987706,False
A,PH,0.512218,0.512218,0.987707,False
LIN,WFC,0.512209,0.512209,0.987716,False
NSC,SPG,0.512206,0.512206,0.987718,False
FIS,PAYX,0.512192,0.512192,0.987733,False
DRI,PHM,0.512170,0.512170,0.987755,True
PAYX,RTX,0.512167,0.512167,0.987758,True
MTB,NDSN,0.512164,0.512164,0.987761,False
DELL,NVDA,0.512153,0.512153,0.987772,True
COO,NDSN,0.512153,0.512153,0.987773,False
CTSH,MGM,0.512152,0.512152,0.987773,False
AIG,BLDR,0.512151,0.512151,0.987775,False
GM,TDY,0.512142,0.512142,0.987783,False
LIN,NUE,0.512141,0.512141,0.987784,True
J,OMC,0.512135,0.512135,0.987790,False
EFX,MA,0.512128,0.512128,0.987798,False
TRV,UHS,0.512126,0.512126,0.987800,False
ESS,HD,0.512125,0.512125,0.987800,False
APD,FTV,0.512124,0.512124,0.987801,False
FCX,NSC,0.512120,0.512120,0.987806,False
DOV,LUV,0.512116,0.512116,0.987810,True
KLAC,MSCI,0.512111,0.512111,0.987815,False
KEYS,NTAP,0.512108,0.512108,0.987818,True
EMR,IBM,0.512107,0.512107,0.987819,False
HON,SBUX,0.512104,0.512104,0.987821,False
HAS,PRU,0.512102,0.512102,0.987824,False
ADP,FIS,0.512095,0.512095,0.987831,False
APD,RSG,0.512091,0.512091,0.987835,False
AJG,PNR,0.512091,0.512091,0.987835,False
AME,WTW,0.512090,0.512090,0.987836,False
L,NCLH,0.512087,0.512087,0.987839,False
BR,WY,0.512085,0.512085,0.987841,False
IVZ,MAR,0.512084,0.512084,0.987842,False
MS,UDR,0.512081,0.512081,0.987845,False
AES,TEL,0.512077,0.512077,0.987850,False
DOV,FFIV,0.512076,0.512076,0.987850,False
DRI,NSC,0.512063,0.512063,0.987863,False
EME,TFC,0.512053,0.512053,0.987873,False
BRK-B,EVRG,0.512051,0.512051,0.987876,False
JPM,LYV,0.512047,0.512047,0.987880,False
DOW,GE,0.512046,0.512046,0.987880,False
FFIV,ZBRA,0.512036,0.512036,0.987891,True
PNR,ROST,0.512031,0.512031,0.987896,False
EXC,MCO,0.512030,0.512030,0.987897,False
CRL,DOV,0.512030,0.512030,0.987897,False
DOW,JBL,0.512029,0.512029,0.987898,False
BEN,MCO,0.512020,0.512020,0.987907,True
ISRG,ROP,0.511993,0.511993,0.987934,False
DOV,FDS,0.511986,0.511986,0.987941,False
HSY,MKC,0.511984,0.511984,0.987943,True
REG,XYL,0.511975,0.511975,0.987952,False
HLT,NTRS,0.511971,0.511971,0.987956,False
ACN,JPM,0.511970,0.511970,0.987957,False
ACGL,ESS,0.511967,0.511967,0.987961,False
BX,BXP,0.511966,0.511966,0.987962,False
AMAT,WAB,0.511965,0.511965,0.987962,False
TPR,XYL,0.511959,0.511959,0.987968,False
CBRE,MMM,0.511916,0.511916,0.988013,False
ACN,PAYC,0.511916,0.511916,0.988013,False
ADP,MAS,0.511914,0.511914,0.988014,True
BLK,YUM,0.511912,0.511912,0.988016,False
AJG,HD,0.511912,0.511912,0.988017,False
JCI,RL,0.511911,0.511911,0.988017,False
CSCO,GS,0.511893,0.511893,0.988035,False
AFL,CCL,0.511893,0.511893,0.988036,False
FANG,WAB,0.511881,0.511881,0.988048,False
APH,VMC,0.511874,0.511874,0.988054,False
GD,NI,0.511874,0.511874,0.988054,False
HUBB,KEYS,0.511873,0.511873,0.988056,False
IDXX,TECH,0.511865,0.511865,0.988064,True
EFX,MTD,0.511859,0.511859,0.988070,False
OMC,PNR,0.511857,0.511857,0.988072,False
J,NDAQ,0.511842,0.511842,0.988087,False
FRT,JCI,0.511842,0.511842,0.988087,False
MDT,SWK,0.511835,0.511835,0.988094,False
ACN,TDY,0.511830,0.511830,0.988100,True
HWM,NDSN,0.511828,0.511828,0.988101,True
EMR,TJX,0.511825,0.511825,0.988104,False
HON,SLB,0.511804,0.511804,0.988125,False
AIZ,TXT,0.511795,0.511795,0.988135,False
UHS,VICI,0.511793,0.511793,0.988136,False
HWM,XOM,0.511780,0.511780,0.988150,False
WAB,XOM,0.511779,0.511779,0.988151,False
AMZN,WDAY,0.511779,0.511779,0.988151,False
HUBB,OMC,0.511774,0.511774,0.988155,False
HPE,NUE,0.511768,0.511768,0.988162,False
ETR,VTR,0.511765,0.511765,0.988165,False
LEN,PLD,0.511757,0.511757,0.988173,False
CSCO,PFG,0.511744,0.511744,0.988187,False
A,PPG,0.511740,0.511740,0.988191,False
BRK-B,SO,0.511740,0.511740,0.988191,False
KKR,MTB,0.511734,0.511734,0.988196,True
AME,BKR,0.511733,0.511733,0.988198,False
CB,DOC,0.511729,0.511729,0.988201,False
PYPL,SWKS,0.511720,0.511720,0.988211,False
CMI,FAST,0.511717,0.511717,0.988213,True
ETR,VICI,0.511713,0.511713,0.988217,False
HPQ,IR,0.511712,0.511712,0.988219,False
EVRG,SBAC,0.511698,0.511698,0.988232,False
ACN,BSX,0.511688,0.511688,0.988243,False
ISRG,MPWR,0.511665,0.511665,0.988266,False
RCL,VTR,0.511659,0.511659,0.988272,False
TXT,ZBRA,0.511646,0.511646,0.988285,False
NVR,SYK,0.511638,0.511638,0.988293,False
DOC,KMI,0.511626,0.511626,0.988305,False
RVTY,ZTS,0.511612,0.511612,0.988320,True
IR,LRCX,0.511607,0.511607,0.988325,False
MAA,NVR,0.511587,0.511587,0.988345,False
CMI,RTX,0.511580,0.511580,0.988352,True
ADI,SNA,0.511575,0.511575,0.988357,False
BAC,VICI,0.511575,0.511575,0.988357,False
LYV,MA,0.511569,0.511569,0.988363,False
RSG,VICI,0.511548,0.511548,0.988385,False
IBKR,TEL,0.511545,0.511545,0.988387,False
ADP,AIZ,0.511539,0.511539,0.988394,False
NCLH,PNC,0.511535,0.511535,0.988398,False
ALL,WTW,0.511535,0.511535,0.988398,True
HD,HPQ,0.511532,0.511532,0.988401,False
BG,COP,0.511529,0.511529,0.988403,False
AME,NWS,0.511524,0.511524,0.988409,False
APO,KLAC,0.511522,0.511522,0.988411,False
F,NCLH,0.511520,0.511520,0.988413,True
DLR,EXR,0.511513,0.511513,0.988420,True
GPN,J,0.511496,0.511496,0.988437,False
SYK,VTR,0.511485,0.511485,0.988448,False
FCX,MAR,0.511476,0.511476,0.988458,False
TFC,WYNN,0.511472,0.511472,0.988461,False
AME,STE,0.511465,0.511465,0.988468,False
ADBE,MCHP,0.511452,0.511452,0.988482,True
JCI,MGM,0.511451,0.511451,0.988482,False
APA,FCX,0.511450,0.511450,0.988483,False
CME,CTAS,0.511449,0.511449,0.988484,False
AIG,JBL,0.511438,0.511438,0.988496,False
CBRE,STLD,0.511435,0.511435,0.988498,False
CNP,PEP,0.511431,0.511431,0.988503,False
ADP,CNP,0.511420,0.511420,0.988514,False
LIN,MDLZ,0.511420,0.511420,0.988514,False
MAA,SYY,0.511419,0.511419,0.988515,False
GRMN,MA,0.511417,0.511417,0.988517,False
ECL,GLW,0.511417,0.511417,0.988517,False
CTSH,SWKS,0.511412,0.511412,0.988522,True
CMI,OMC,0.511411,0.511411,0.988523,False
ETN,ISRG,0.511405,0.511405,0.988529,False
MCO,TXT,0.511400,0.511400,0.988534,False
ABT,AWK,0.511397,0.511397,0.988538,False
ACN,SBUX,0.511394,0.511394,0.988541,False
TFC,WELL,0.511389,0.511389,0.988546,False
ROST,RTX,0.511387,0.511387,0.988547,False
RCL,TPR,0.511383,0.511383,0.988552,True
CFG,IBKR,0.511382,0.511382,0.988552,True
ALL,KO,0.511378,0.511378,0.988557,False
C,CSCO,0.511373,0.511373,0.988561,False
ACN,DHR,0.511368,0.511368,0.988567,False
CME,MCD,0.511356,0.511356,0.988579,False
NXPI,PFG,0.511355,0.511355,0.988580,False
PHM,WSM,0.511355,0.511355,0.988580,True
CTAS,OKE,0.511351,0.511351,0.988584,False
BXP,IP,0.511330,0.511330,0.988605,False
ADP,SBUX,0.511328,0.511328,0.988607,False
GPC,KEY,0.511320,0.511320,0.988616,False
COF,CPRT,0.511320,0.511320,0.988616,False
CVX,NUE,0.511314,0.511314,0.988622,False
INVH,PHM,0.511308,0.511308,0.988628,False
EME,L,0.511304,0.511304,0.988632,False
ADP,ARES,0.511301,0.511301,0.988634,False
NDSN,TER,0.511293,0.511293,0.988643,False
DOV,PSX,0.511284,0.511284,0.988651,False
BEN,MCHP,0.511278,0.511278,0.988658,False
DHR,DOV,0.511274,0.511274,0.988662,False
AMP,EXPD,0.511271,0.511271,0.988665,False
SCHW,XYL,0.511271,0.511271,0.988665,False
KEYS,MSCI,0.511268,0.511268,0.988668,False
CRL,KKR,0.511263,0.511263,0.988672,False
DOC,NDSN,0.511262,0.511262,0.988674,False
DOV,QCOM,0.511256,0.511256,0.988680,False
IVZ,TT,0.511243,0.511243,0.988693,False
AXP,FIX,0.511243,0.511243,0.988694,False
DIS,DRI,0.511242,0.511242,0.988694,False
FCX,JCI,0.511241,0.511241,0.988695,False
FIX,SNA,0.511241,0.511241,0.988695,True
ADI,BEN,0.511240,0.511240,0.988696,False
FAST,ODFL,0.511237,0.511237,0.988700,True
PWR,VMC,0.511232,0.511232,0.988704,False
HD,MET,0.511230,0.511230,0.988706,False
NVDA,TROW,0.511223,0.511223,0.988713,False
ISRG,NDSN,0.511218,0.511218,0.988718,False
SNA,UDR,0.511204,0.511204,0.988733,False
MPWR,PTC,0.511202,0.511202,0.988735,True
HST,V,0.511191,0.511191,0.988746,False
AME,LEN,0.511190,0.511190,0.988746,False
ALLE,ARES,0.511183,0.511183,0.988753,False
MDT,SRE,0.511165,0.511165,0.988772,False
BKR,DD,0.511160,0.511160,0.988777,False
UAL,WY,0.511159,0.511159,0.988778,False
BSX,ROP,0.511153,0.511153,0.988784,False
EW,MDT,0.511142,0.511142,0.988795,True
HLT,OMC,0.511139,0.511139,0.988798,False
KLAC,PTC,0.511128,0.511128,0.988809,True
IR,V,0.511114,0.511114,0.988823,False
CPRT,NSC,0.511108,0.511108,0.988829,True
LNT,WRB,0.511106,0.511106,0.988831,False
BX,WAB,0.511103,0.511103,0.988835,False
GL,RJF,0.511096,0.511096,0.988842,True
AFL,PEG,0.511094,0.511094,0.988844,False
AES,DOV,0.511089,0.511089,0.988849,False
ADI,GRMN,0.511084,0.511084,0.988854,False
CTSH,VRSN,0.511083,0.511083,0.988854,True
ROST,SWK,0.511080,0.511080,0.988858,False
ESS,JPM,0.511063,0.511063,0.988875,False
BLDR,DRI,0.511060,0.511060,0.988878,False
FDX,MS,0.511058,0.511058,0.988880,False
FIX,JPM,0.511056,0.511056,0.988882,False
MDT,NSC,0.511055,0.511055,0.988883,False
LIN,TDG,0.511054,0.511054,0.988884,False
APTV,REG,0.511052,0.511052,0.988886,False
CNP,PH,0.511051,0.511051,0.988887,False
C,ROST,0.511051,0.511051,0.988888,False
FTV,LH,0.511050,0.511050,0.988888,False
GD,SRE,0.511048,0.511048,0.988890,False
APH,PLD,0.511039,0.511039,0.988899,False
CMS,JNJ,0.511038,0.511038,0.988900,False
ACN,MPWR,0.511032,0.511032,0.988906,True
CPT,ROP,0.511031,0.511031,0.988907,False
CAT,NXPI,0.511029,0.511029,0.988910,False
CVX,DTE,0.511011,0.511011,0.988927,False
A,WY,0.511008,0.511008,0.988931,False
MDLZ,NEE,0.511004,0.511004,0.988934,False
NDSN,UHS,0.511004,0.511004,0.988935,False
BX,HPQ,0.510999,0.510999,0.988940,False
BLK,FDX,0.510996,0.510996,0.988943,False
BXP,PAYX,0.510983,0.510983,0.988956,False
ABT,IDXX,0.510976,0.510976,0.988963,True
BBY,EMR,0.510973,0.510973,0.988966,False
ROL,RSG,0.510970,0.510970,0.988970,True
ALGN,ISRG,0.510951,0.510951,0.988989,True
CMCSA,OMC,0.510933,0.510933,0.989007,True
ADBE,FTNT,0.510928,0.510928,0.989011,True
AME,BBY,0.510926,0.510926,0.989013,False
ADSK,CSGP,0.510923,0.510923,0.989016,False
CSX,PPL,0.510922,0.510922,0.989018,False
AEE,NDAQ,0.510912,0.510912,0.989028,False
IBKR,RF,0.510908,0.510908,0.989031,True
FTV,MSCI,0.510903,0.510903,0.989037,False
APTV,RL,0.510901,0.510901,0.989039,True
AXP,LVS,0.510895,0.510895,0.989045,False
AVGO,INTU,0.510889,0.510889,0.989051,True
CPAY,CVX,0.510885,0.510885,0.989055,False
LOW,PFG,0.510880,0.510880,0.989060,False
ACN,LOW,0.510872,0.510872,0.989068,False
CPRT,ROK,0.510870,0.510870,0.989070,True
DOC,SPGI,0.510863,0.510863,0.989077,False
ANET,CSCO,0.510851,0.510851,0.989090,True
AMT,CL,0.510850,0.510850,0.989091,False
HSIC,L,0.510849,0.510849,0.989091,False
MAA,WRB,0.510832,0.510832,0.989109,False
ON,RF,0.510828,0.510828,0.989113,False
CRL,SWK,0.510827,0.510827,0.989114,False
HCA,HON,0.510827,0.510827,0.989114,False
CSX,MCD,0.510824,0.510824,0.989117,False
HUBB,PHM,0.510823,0.510823,0.989118,False
MA,RCL,0.510822,0.510822,0.989119,False
AMAT,ANET,0.510819,0.510819,0.989122,True
CCL,LVS,0.510817,0.510817,0.989123,True
NDSN,NKE,0.510817,0.510817,0.989124,False
HWM,UNP,0.510798,0.510798,0.989143,True
DOV,NKE,0.510797,0.510797,0.989144,False
CRL,MCHP,0.510794,0.510794,0.989147,False
GRMN,SHW,0.510792,0.510792,0.989150,False
CB,PGR,0.510783,0.510783,0.989158,True
GPN,IEX,0.510777,0.510777,0.989164,False
HLT,ROK,0.510777,0.510777,0.989164,False
APO,INTU,0.510765,0.510765,0.989176,False
BX,GNRC,0.510763,0.510763,0.989178,False
BKNG,GPN,0.510759,0.510759,0.989182,False
CTAS,JBL,0.510745,0.510745,0.989197,False
ETN,ROST,0.510723,0.510723,0.989219,False
C,MMM,0.510719,0.510719,0.989223,False
L,OXY,0.510715,0.510715,0.989227,False
MAS,WAB,0.510710,0.510710,0.989232,True
FTV,MPWR,0.510701,0.510701,0.989241,False
AJG,LNT,0.510687,0.510687,0.989255,False
HD,HUBB,0.510673,0.510673,0.989269,False
AEE,EXR,0.510671,0.510671,0.989271,False
CDNS,NDSN,0.510663,0.510663,0.989280,False
PSX,STLD,0.510661,0.510661,0.989282,False
ADSK,PAYX,0.510651,0.510651,0.989291,False
BXP,XYL,0.510646,0.510646,0.989297,False
AAPL,GLW,0.510644,0.510644,0.989299,True
DUK,T,0.510641,0.510641,0.989301,False
BXP,MLM,0.510636,0.510636,0.989307,False
HON,TXN,0.510629,0.510629,0.989314,False
GD,IR,0.510617,0.510617,0.989326,True
TRMB,UNP,0.510612,0.510612,0.989331,False
BXP,HD,0.510604,0.510604,0.989339,False
CSCO,MSI,0.510604,0.510604,0.989339,True
FIS,MCO,0.510589,0.510589,0.989354,True
GOOG,V,0.510589,0.510589,0.989354,False
CPT,EIX,0.510589,0.510589,0.989354,False
MAR,ROK,0.510582,0.510582,0.989361,False
EG,MTB,0.510579,0.510579,0.989364,True
CTAS,LII,0.510578,0.510578,0.989365,True
BX,NKE,0.510575,0.510575,0.989369,False
CTSH,VICI,0.510570,0.510570,0.989373,False
CPRT,SWK,0.510567,0.510567,0.989376,True
DOV,INTU,0.510544,0.510544,0.989400,False
AMP,PHM,0.510533,0.510533,0.989411,False
CSX,FDX,0.510532,0.510532,0.989412,True
DOW,RL,0.510523,0.510523,0.989421,False
AMAT,TXT,0.510517,0.510517,0.989427,False
CPRT,HUBB,0.510511,0.510511,0.989434,True
FRT,LUV,0.510506,0.510506,0.989438,False
TEL,YUM,0.510501,0.510501,0.989443,False
FDX,TXT,0.510487,0.510487,0.989457,True
BLK,ODFL,0.510475,0.510475,0.989469,False
GE,TT,0.510473,0.510473,0.989472,True
AXP,YUM,0.510458,0.510458,0.989487,False
AJG,BLK,0.510451,0.510451,0.989494,True
PAYC,PYPL,0.510433,0.510433,0.989512,False
APO,PWR,0.510422,0.510422,0.989524,False
BX,QCOM,0.510421,0.510421,0.989524,False
LYB,NXPI,0.510418,0.510418,0.989527,False
LYB,ROK,0.510418,0.510418,0.989527,False
FTV,INTU,0.510418,0.510418,0.989527,False
GOOGL,V,0.510404,0.510404,0.989541,False
AON,CB,0.510402,0.510402,0.989543,True
BXP,RCL,0.510401,0.510401,0.989544,False
TJX,TT,0.510398,0.510398,0.989547,False
KEYS,WDC,0.510394,0.510394,0.989551,True
BR,TYL,0.510376,0.510376,0.989569,False
CRH,ROST,0.510373,0.510373,0.989572,False
HWM,NUE,0.510370,0.510370,0.989575,False
CPRT,FICO,0.510369,0.510369,0.989577,False
LOW,MS,0.510369,0.510369,0.989577,False
LEN,MGM,0.510365,0.510365,0.989581,True
FOXA,PNC,0.510360,0.510360,0.989586,False
AMZN,MPWR,0.510360,0.510360,0.989586,False
CCL,TPR,0.510353,0.510353,0.989593,True
AWK,PAYX,0.510343,0.510343,0.989603,False
CPT,LOW,0.510332,0.510332,0.989614,False
COF,IBKR,0.510326,0.510326,0.989620,True
DD,OKE,0.510321,0.510321,0.989625,False
ALLE,GRMN,0.510316,0.510316,0.989630,False
NTRS,ZBRA,0.510303,0.510303,0.989644,False
PAYX,WFC,0.510301,0.510301,0.989645,False
APO,PCAR,0.510297,0.510297,0.989649,False
ACN,DIS,0.510289,0.510289,0.989658,False
ETN,HLT,0.510288,0.510288,0.989658,False
CTAS,LH,0.510283,0.510283,0.989663,False
GM,IEX,0.510278,0.510278,0.989669,False
DUK,WELL,0.510275,0.510275,0.989671,False
COP,UNP,0.510266,0.510266,0.989680,False
EMR,GPN,0.510264,0.510264,0.989683,False
BRK-B,VLO,0.510253,0.510253,0.989694,False
FTV,TER,0.510251,0.510251,0.989696,False
HPQ,IEX,0.510250,0.510250,0.989697,False
DRI,WFC,0.510241,0.510241,0.989706,False
ROST,TDY,0.510233,0.510233,0.989714,False
ROK,TDG,0.510226,0.510226,0.989721,True
TFC,UHS,0.510220,0.510220,0.989727,False
CRH,TXN,0.510217,0.510217,0.989730,False
MOS,URI,0.510216,0.510216,0.989732,False
CPRT,MSI,0.510215,0.510215,0.989732,False
BKNG,REG,0.510211,0.510211,0.989736,False
GLW,HST,0.510208,0.510208,0.989740,False
COF,MDT,0.510198,0.510198,0.989749,False
ADI,CBRE,0.510194,0.510194,0.989753,False
DE,JCI,0.510193,0.510193,0.989755,True
BRO,WY,0.510185,0.510185,0.989763,False
ETR,MCD,0.510182,0.510182,0.989765,False
GRMN,PLD,0.510181,0.510181,0.989767,False
KMI,PNW,0.510174,0.510174,0.989774,False
GPC,USB,0.510173,0.510173,0.989774,False
A,DD,0.510170,0.510170,0.989777,False
ARES,HBAN,0.510167,0.510167,0.989780,True
TRV,WM,0.510166,0.510166,0.989781,False
INVH,TROW,0.510165,0.510165,0.989782,False
BLK,VRSK,0.510162,0.510162,0.989786,False
C,PWR,0.510155,0.510155,0.989793,False
ECL,HIG,0.510150,0.510150,0.989798,False
APO,GE,0.510134,0.510134,0.989814,False
LIN,VICI,0.510133,0.510133,0.989815,False
MAS,ZTS,0.510133,0.510133,0.989815,False
APH,GPN,0.510131,0.510131,0.989817,False
RJF,ROP,0.510118,0.510118,0.989831,False
ADP,KKR,0.510115,0.510115,0.989833,False
ADI,WYNN,0.510114,0.510114,0.989835,False
NSC,REG,0.510112,0.510112,0.989836,False
BLDR,WSM,0.510103,0.510103,0.989845,False
ADSK,CTAS,0.510101,0.510101,0.989848,False
DOV,ETR,0.510093,0.510093,0.989856,False
BLK,SYY,0.510092,0.510092,0.989857,False
JCI,KIM,0.510084,0.510084,0.989865,False
AME,SRE,0.510078,0.510078,0.989870,False
BRO,UDR,0.510076,0.510076,0.989873,False
DRI,IR,0.510074,0.510074,0.989875,False
JCI,NWSA,0.510073,0.510073,0.989876,False
ARE,DUK,0.510067,0.510067,0.989882,False
URI,VLO,0.510067,0.510067,0.989882,False
ACN,JCI,0.510059,0.510059,0.989890,False
AEP,MDLZ,0.510058,0.510058,0.989891,False
HD,SBUX,0.510054,0.510054,0.989895,True
TDY,VTR,0.510048,0.510048,0.989901,False
GD,SYK,0.510040,0.510040,0.989909,False
BA,JBL,0.510038,0.510038,0.989911,False
JBL,L,0.510037,0.510037,0.989912,False
ALLE,ZBRA,0.510036,0.510036,0.989913,False
TEL,UHS,0.510032,0.510032,0.989918,False
FAST,MS,0.510030,0.510030,0.989919,False
ETN,KMI,0.510025,0.510025,0.989924,False
AAPL,ARES,0.510025,0.510025,0.989924,False
CSGP,NOW,0.510022,0.510022,0.989927,False
BX,RL,0.510011,0.510011,0.989938,False
GPC,SHW,0.510007,0.510007,0.989943,False
ESS,KEY,0.510005,0.510005,0.989944,False
AXP,GWW,0.510002,0.510002,0.989948,False
ALLE,NWSA,0.509997,0.509997,0.989952,False
FDS,HD,0.509992,0.509992,0.989958,False
LUV,LYV,0.509985,0.509985,0.989965,False
BSX,UDR,0.509975,0.509975,0.989975,False
AMP,FOX,0.509966,0.509966,0.989984,False
ETN,PKG,0.509959,0.509959,0.989991,False
NTRS,VMC,0.509954,0.509954,0.989996,False
PAYX,XEL,0.509953,0.509953,0.989997,False
FOX,USB,0.509950,0.509950,0.990000,False
CINF,SNA,0.509946,0.509946,0.990004,False
ATO,GD,0.509918,0.509918,0.990032,False
ROST,SYK,0.509918,0.509918,0.990032,False
CPB,MKC,0.509917,0.509917,0.990033,True
LH,LIN,0.509910,0.509910,0.990040,False
CPRT,IEX,0.509907,0.509907,0.990043,True
HPE,TPR,0.509902,0.509902,0.990049,False
AJG,PLD,0.509897,0.509897,0.990054,False
HPQ,WDC,0.509895,0.509895,0.990055,True
PRU,ZBRA,0.509889,0.509889,0.990062,False
CTAS,ZTS,0.509888,0.509888,0.990063,False
ALL,SYF,0.509882,0.509882,0.990069,True
NI,VTR,0.509863,0.509863,0.990087,False
AVY,KEY,0.509859,0.509859,0.990092,False
ECL,LNT,0.509859,0.509859,0.990092,False
AOS,EMR,0.509854,0.509854,0.990097,True
CMI,HPQ,0.509847,0.509847,0.990104,False
HAL,NTRS,0.509841,0.509841,0.990110,False
HON,MCHP,0.509834,0.509834,0.990118,False
RTX,SLB,0.509832,0.509832,0.990119,False
ROL,WM,0.509829,0.509829,0.990122,True
APA,TFC,0.509828,0.509828,0.990123,False
NSC,VMC,0.509824,0.509824,0.990127,False
CRL,FTV,0.509811,0.509811,0.990140,False
EXPE,MA,0.509810,0.509810,0.990141,False
BAC,FIX,0.509794,0.509794,0.990157,False
MOS,OXY,0.509779,0.509779,0.990172,False
TRMB,WFC,0.509778,0.509778,0.990174,False
ODFL,TXN,0.509775,0.509775,0.990177,False
MAS,TFC,0.509766,0.509766,0.990186,False
AIZ,GS,0.509758,0.509758,0.990194,True
AIG,BG,0.509753,0.509753,0.990199,False
ARE,SO,0.509746,0.509746,0.990206,False
NXPI,STLD,0.509736,0.509736,0.990216,False
APO,IQV,0.509729,0.509729,0.990223,False
F,RJF,0.509729,0.509729,0.990224,False
A,CDW,0.509719,0.509719,0.990233,False
BLK,PTC,0.509707,0.509707,0.990245,False
AIG,TRMB,0.509683,0.509683,0.990269,False
ADI,MET,0.509676,0.509676,0.990277,False
RCL,RTX,0.509675,0.509675,0.990278,False
ARES,FIX,0.509667,0.509667,0.990285,False
DE,MLM,0.509667,0.509667,0.990286,False
AMP,WELL,0.509667,0.509667,0.990286,False
HON,XOM,0.509665,0.509665,0.990288,False
JBL,TPR,0.509662,0.509662,0.990291,False
AFL,NDSN,0.509654,0.509654,0.990299,False
EXR,LNT,0.509644,0.509644,0.990309,False
HWM,XYL,0.509632,0.509632,0.990321,True
AJG,PNW,0.509631,0.509631,0.990322,False
CPT,SYF,0.509628,0.509628,0.990325,False
L,STZ,0.509627,0.509627,0.990326,False
GS,MU,0.509612,0.509612,0.990342,False
TYL,XYZ,0.509610,0.509610,0.990343,False
DAL,MLM,0.509606,0.509606,0.990347,False
ADI,XYZ,0.509605,0.509605,0.990348,False
CCL,PNR,0.509598,0.509598,0.990356,False
FCX,XYL,0.509583,0.509583,0.990371,False
FAST,PPG,0.509581,0.509581,0.990373,False
CPRT,MS,0.509579,0.509579,0.990375,False
BA,STT,0.509578,0.509578,0.990376,False
PSA,WY,0.509577,0.509577,0.990377,True
ALL,CTAS,0.509567,0.509567,0.990387,False
CPRT,PTC,0.509566,0.509566,0.990388,False
INVH,TEL,0.509563,0.509563,0.990391,False
CPAY,GM,0.509544,0.509544,0.990410,False
FTV,WAT,0.509541,0.509541,0.990413,False
AFL,ROP,0.509529,0.509529,0.990426,False
AME,EFX,0.509521,0.509521,0.990434,True
FTV,ISRG,0.509518,0.509518,0.990436,False
IEX,SYK,0.509490,0.509490,0.990464,False
IVZ,VMC,0.509490,0.509490,0.990465,False
AEP,INVH,0.509483,0.509483,0.990472,False
EME,VMC,0.509455,0.509455,0.990500,False
KIM,NWS,0.509450,0.509450,0.990505,False
EXPE,MS,0.509445,0.509445,0.990510,False
FICO,NDSN,0.509439,0.509439,0.990516,False
AMAT,PNR,0.509433,0.509433,0.990523,False
AXP,MAA,0.509431,0.509431,0.990524,False
ALLE,SYY,0.509421,0.509421,0.990534,False
AIG,BRO,0.509407,0.509407,0.990548,True
BEN,TRMB,0.509398,0.509398,0.990557,False
EMR,ROST,0.509397,0.509397,0.990558,False
ALL,RTX,0.509397,0.509397,0.990559,False
DIS,KEY,0.509395,0.509395,0.990560,False
ACN,BAC,0.509394,0.509394,0.990562,False
BR,CSX,0.509391,0.509391,0.990564,True
F,NTRS,0.509386,0.509386,0.990569,False
LVS,PFG,0.509383,0.509383,0.990573,False
BXP,MAS,0.509376,0.509376,0.990580,False
CNP,HON,0.509376,0.509376,0.990580,False
DOV,HCA,0.509370,0.509370,0.990585,False
HAL,RCL,0.509368,0.509368,0.990588,False
BLK,STE,0.509366,0.509366,0.990589,False
LYV,NWS,0.509362,0.509362,0.990593,True
ACGL,FTV,0.509359,0.509359,0.990597,False
HIG,UDR,0.509357,0.509357,0.990599,False
MPC,VTR,0.509356,0.509356,0.990599,False
DAL,NXPI,0.509351,0.509351,0.990605,False
ACN,PYPL,0.509347,0.509347,0.990609,False
CF,MET,0.509341,0.509341,0.990615,False
GE,WY,0.509339,0.509339,0.990617,False
PRU,STZ,0.509338,0.509338,0.990618,False
GLW,MCO,0.509335,0.509335,0.990621,False
CPT,TROW,0.509334,0.509334,0.990622,False
ARES,NWS,0.509322,0.509322,0.990634,False
FCX,SWKS,0.509321,0.509321,0.990635,False
IBM,USB,0.509319,0.509319,0.990638,False
AES,FITB,0.509313,0.509313,0.990643,False
FCX,HUBB,0.509290,0.509290,0.990666,False
CME,WRB,0.509286,0.509286,0.990670,True
BLK,NUE,0.509278,0.509278,0.990679,False
DOW,MMM,0.509275,0.509275,0.990682,False
ISRG,PH,0.509272,0.509272,0.990685,False
ADP,WFC,0.509270,0.509270,0.990687,False
LYB,RCL,0.509270,0.509270,0.990687,False
FAST,RJF,0.509260,0.509260,0.990696,False
AFL,AMCR,0.509243,0.509243,0.990713,False
AIZ,HON,0.509243,0.509243,0.990714,False
COF,SBUX,0.509239,0.509239,0.990718,False
NVR,VMC,0.509239,0.509239,0.990718,False
ISRG,NXPI,0.509236,0.509236,0.990721,False
AIG,MCD,0.509232,0.509232,0.990725,False
APTV,NCLH,0.509229,0.509229,0.990728,True
J,TDY,0.509228,0.509228,0.990729,False
IBKR,NTRS,0.509227,0.509227,0.990730,True
CPAY,GLW,0.509227,0.509227,0.990730,False
AME,PTC,0.509227,0.509227,0.990730,False
AMCR,BAC,0.509223,0.509223,0.990735,False
INTC,TER,0.509222,0.509222,0.990735,True
CFG,CTSH,0.509220,0.509220,0.990737,False
FIX,J,0.509214,0.509214,0.990743,True
COP,HWM,0.509210,0.509210,0.990748,False
GOOG,TEL,0.509205,0.509205,0.990752,False
MAS,WSM,0.509192,0.509192,0.990765,False
JBL,UAL,0.509188,0.509188,0.990769,False
EMR,ZBH,0.509183,0.509183,0.990775,False
ROK,TER,0.509179,0.509179,0.990778,False
PAYX,PNW,0.509165,0.509165,0.990793,False
MCO,WAB,0.509163,0.509163,0.990795,False
ADBE,CPRT,0.509158,0.509158,0.990799,False
ICE,SHW,0.509158,0.509158,0.990800,False
CTAS,KEY,0.509158,0.509158,0.990800,False
DOW,HUBB,0.509154,0.509154,0.990803,False
ORLY,PEP,0.509147,0.509147,0.990811,False
MA,PAYC,0.509145,0.509145,0.990813,False
IVZ,LRCX,0.509139,0.509139,0.990819,False
ESS,PPG,0.509131,0.509131,0.990827,False
GPN,NDAQ,0.509126,0.509126,0.990832,True
GM,HD,0.509124,0.509124,0.990834,True
AME,WM,0.509117,0.509117,0.990841,True
AMAT,CPRT,0.509093,0.509093,0.990865,False
MAS,SWKS,0.509091,0.509091,0.990867,False
CPRT,GRMN,0.509083,0.509083,0.990875,False
GPN,HD,0.509079,0.509079,0.990880,False
ARES,BKNG,0.509075,0.509075,0.990883,False
IEX,UHS,0.509061,0.509061,0.990897,False
EXC,HD,0.509052,0.509052,0.990906,False
COF,GWW,0.509050,0.509050,0.990908,False
CPT,NSC,0.509038,0.509038,0.990921,False
DHI,ITW,0.509037,0.509037,0.990922,False
DAL,RTX,0.509030,0.509030,0.990929,True
RL,SNA,0.509029,0.509029,0.990929,False
GLW,IP,0.509023,0.509023,0.990936,False
AMP,BG,0.509012,0.509012,0.990947,False
AMP,TRGP,0.509001,0.509001,0.990958,False
AIG,UDR,0.508998,0.508998,0.990961,False
GE,KIM,0.508993,0.508993,0.990966,False
PEG,VICI,0.508992,0.508992,0.990968,False
CB,ETR,0.508990,0.508990,0.990970,False
BX,PCAR,0.508981,0.508981,0.990979,False
MA,RF,0.508976,0.508976,0.990983,True
FOXA,RF,0.508968,0.508968,0.990991,False
MAR,NWSA,0.508963,0.508963,0.990996,False
MTD,NSC,0.508952,0.508952,0.991008,False
LUV,TEL,0.508946,0.508946,0.991013,False
BLK,RTX,0.508944,0.508944,0.991015,False
NI,WY,0.508934,0.508934,0.991026,False
EFX,IEX,0.508927,0.508927,0.991033,True
A,ABT,0.508916,0.508916,0.991044,True
ADP,YUM,0.508908,0.508908,0.991052,False
MCD,VRSK,0.508902,0.508902,0.991058,False
AMZN,NFLX,0.508900,0.508900,0.991060,False
DD,GD,0.508895,0.508895,0.991065,False
APH,MSCI,0.508891,0.508891,0.991069,False
FCX,TRMB,0.508880,0.508880,0.991080,False
AXP,TXN,0.508877,0.508877,0.991083,False
DIS,SPG,0.508877,0.508877,0.991084,False
IRM,O,0.508872,0.508872,0.991088,True
INTU,PLD,0.508870,0.508870,0.991090,False
MCD,SO,0.508868,0.508868,0.991092,False
DIS,EXPE,0.508866,0.508866,0.991094,False
AFL,PCAR,0.508865,0.508865,0.991095,False
AXP,INTU,0.508860,0.508860,0.991100,False
EOG,FCX,0.508860,0.508860,0.991101,False
CI,MOH,0.508842,0.508842,0.991119,True
L,UAL,0.508830,0.508830,0.991130,False
HPQ,TXT,0.508824,0.508824,0.991136,False
APTV,TER,0.508823,0.508823,0.991138,False
IQV,TDG,0.508818,0.508818,0.991143,False
MAR,ULTA,0.508817,0.508817,0.991144,True
EXPD,WY,0.508797,0.508797,0.991163,False
AFL,WYNN,0.508790,0.508790,0.991171,False
CDNS,GLW,0.508775,0.508775,0.991186,True
BRK-B,HPE,0.508768,0.508768,0.991193,False
COF,TXN,0.508766,0.508766,0.991196,False
ESS,MTB,0.508755,0.508755,0.991207,False
GOOGL,SWKS,0.508747,0.508747,0.991214,False
FFIV,JBL,0.508747,0.508747,0.991214,True
ACN,FAST,0.508739,0.508739,0.991223,False
L,RL,0.508735,0.508735,0.991226,False
CB,MPC,0.508734,0.508734,0.991227,False
CCL,IR,0.508731,0.508731,0.991230,False
ARE,SHW,0.508726,0.508726,0.991236,False
EXR,NI,0.508723,0.508723,0.991239,False
AMCR,CFG,0.508723,0.508723,0.991239,False
CDW,MU,0.508713,0.508713,0.991249,True
AXP,HD,0.508712,0.508712,0.991249,False
GPC,HWM,0.508712,0.508712,0.991250,False
LHX,RSG,0.508709,0.508709,0.991253,True
CBRE,ZBH,0.508708,0.508708,0.991254,False
JNJ,PFE,0.508687,0.508687,0.991275,True
ROST,WAB,0.508679,0.508679,0.991283,False
PFG,PHM,0.508678,0.508678,0.991284,False
JCI,MCHP,0.508669,0.508669,0.991293,False
HAL,ITW,0.508666,0.508666,0.991296,False
HLT,ITW,0.508665,0.508665,0.991297,False
ADI,LOW,0.508657,0.508657,0.991305,False
MMM,PCAR,0.508644,0.508644,0.991319,True
CSX,ESS,0.508643,0.508643,0.991319,False
HST,UNP,0.508639,0.508639,0.991323,False
BR,IEX,0.508632,0.508632,0.991330,True
ADP,CFG,0.508612,0.508612,0.991351,False
CAT,RL,0.508600,0.508600,0.991363,False
BR,DHR,0.508593,0.508593,0.991370,False
MCD,VTR,0.508592,0.508592,0.991371,False
AME,REG,0.508586,0.508586,0.991376,False
BAC,ESS,0.508584,0.508584,0.991379,False
IBM,RJF,0.508577,0.508577,0.991386,False
CPAY,INTU,0.508575,0.508575,0.991388,False
CMCSA,PAYX,0.508567,0.508567,0.991396,False
CBRE,PPL,0.508551,0.508551,0.991412,False
ACGL,NI,0.508547,0.508547,0.991416,False
AMCR,SNA,0.508546,0.508546,0.991417,False
DAL,HPE,0.508529,0.508529,0.991435,False
ADP,ATO,0.508525,0.508525,0.991438,False
BRO,GWW,0.508521,0.508521,0.991442,False
MMM,TFC,0.508515,0.508515,0.991449,False
CBRE,GRMN,0.508512,0.508512,0.991452,False
MU,TRMB,0.508509,0.508509,0.991454,True
AIG,NUE,0.508507,0.508507,0.991457,False
PCAR,TXN,0.508507,0.508507,0.991457,False
ITW,POOL,0.508505,0.508505,0.991458,False
ACGL,NSC,0.508502,0.508502,0.991462,False
AAPL,XYZ,0.508492,0.508492,0.991472,False
GRMN,PPG,0.508487,0.508487,0.991477,False
PLD,VRSN,0.508481,0.508481,0.991483,False
HST,KMI,0.508475,0.508475,0.991488,False
AOS,HON,0.508470,0.508470,0.991493,True
DRI,GPN,0.508464,0.508464,0.991500,False
EFX,SWK,0.508460,0.508460,0.991504,True
DE,HIG,0.508458,0.508458,0.991506,False
MCO,WM,0.508455,0.508455,0.991509,False
BBY,NXPI,0.508441,0.508441,0.991523,False
GLW,HD,0.508435,0.508435,0.991530,False
EFX,FICO,0.508419,0.508419,0.991545,False
CTSH,GPC,0.508415,0.508415,0.991550,False
DRI,DTE,0.508404,0.508404,0.991561,False
C,ESS,0.508400,0.508400,0.991565,False
ON,TDG,0.508396,0.508396,0.991569,False
MCHP,NSC,0.508388,0.508388,0.991576,False
PNR,UHS,0.508383,0.508383,0.991582,False
AVY,KKR,0.508383,0.508383,0.991582,False
MAA,MDLZ,0.508381,0.508381,0.991584,False
KKR,PHM,0.508375,0.508375,0.991590,False
HUBB,LOW,0.508374,0.508374,0.991591,False
MAS,VMC,0.508372,0.508372,0.991593,False
INVH,L,0.508352,0.508352,0.991613,False
CDNS,V,0.508352,0.508352,0.991613,False
RF,VTR,0.508333,0.508333,0.991632,False
CDNS,DHR,0.508331,0.508331,0.991634,False
ECL,IR,0.508329,0.508329,0.991636,False
MPWR,MSCI,0.508323,0.508323,0.991642,False
IQV,YUM,0.508310,0.508310,0.991655,False
ALL,UNP,0.508299,0.508299,0.991666,False
AVGO,GOOG,0.508297,0.508297,0.991668,False
AMCR,NTRS,0.508288,0.508288,0.991677,False
HUBB,TER,0.508285,0.508285,0.991681,False
UDR,UHS,0.508283,0.508283,0.991683,False
NTAP,TXT,0.508281,0.508281,0.991685,False
NI,TRV,0.508274,0.508274,0.991691,False
AME,FDX,0.508270,0.508270,0.991696,True
BA,RJF,0.508262,0.508262,0.991704,False
HWM,ROK,0.508260,0.508260,0.991706,True
HON,NDAQ,0.508253,0.508253,0.991713,False
AAPL,LIN,0.508244,0.508244,0.991722,False
GOOGL,SNPS,0.508239,0.508239,0.991727,False
AVY,OMC,0.508234,0.508234,0.991731,False
GLW,NUE,0.508234,0.508234,0.991732,False
FAST,VRSK,0.508230,0.508230,0.991736,True
IR,WYNN,0.508225,0.508225,0.991741,False
BLK,F,0.508224,0.508224,0.991742,False
FTV,UAL,0.508213,0.508213,0.991753,True
ITW,WTW,0.508206,0.508206,0.991760,False
GLW,SYK,0.508195,0.508195,0.991771,False
EVRG,WELL,0.508189,0.508189,0.991777,False
ETN,IP,0.508185,0.508185,0.991781,False
PRU,WTW,0.508166,0.508166,0.991800,True
DE,MOS,0.508163,0.508163,0.991803,False
LYB,MMM,0.508157,0.508157,0.991809,False
BSX,CBRE,0.508150,0.508150,0.991816,False
INTU,PNR,0.508148,0.508148,0.991818,False
D,JNJ,0.508147,0.508147,0.991819,False
BKR,WAB,0.508140,0.508140,0.991826,False
BEN,TXN,0.508139,0.508139,0.991828,False
NVR,PH,0.508132,0.508132,0.991835,False
HLT,ULTA,0.508131,0.508131,0.991836,True
DOC,ITW,0.508127,0.508127,0.991840,False
HAL,NSC,0.508126,0.508126,0.991841,False
GE,MPC,0.508118,0.508118,0.991848,False
CMI,HST,0.508112,0.508112,0.991855,False
LYB,TRGP,0.508099,0.508099,0.991868,False
GDDY,MSCI,0.508093,0.508093,0.991874,False
AMZN,KLAC,0.508084,0.508084,0.991883,False
NEE,RSG,0.508075,0.508075,0.991892,False
IEX,POOL,0.508069,0.508069,0.991899,False
CAT,TPR,0.508057,0.508057,0.991911,False
AFL,TROW,0.508051,0.508051,0.991916,True
DD,TT,0.508037,0.508037,0.991930,False
DOC,SBAC,0.508035,0.508035,0.991932,True
BLDR,ON,0.508028,0.508028,0.991940,False
ETN,SPG,0.508027,0.508027,0.991940,False
DOV,WMB,0.508020,0.508020,0.991947,False
CCI,VRSK,0.508008,0.508008,0.991959,False
DE,MTB,0.508006,0.508006,0.991962,False
MOS,PRU,0.508005,0.508005,0.991962,False
APO,DIS,0.508002,0.508002,0.991966,False
MTB,NCLH,0.508002,0.508002,0.991966,False
AES,PH,0.508001,0.508001,0.991967,False
CBRE,GE,0.507996,0.507996,0.991972,False
MOS,WAB,0.507994,0.507994,0.991974,False
HON,PHM,0.507993,0.507993,0.991975,False
TJX,WELL,0.507992,0.507992,0.991976,False
ITW,UPS,0.507977,0.507977,0.991991,True
ETN,HD,0.507972,0.507972,0.991996,False
GPC,TT,0.507970,0.507970,0.991998,False
ECL,MMM,0.507965,0.507965,0.992003,False
AXP,CSCO,0.507941,0.507941,0.992028,False
ROP,TRMB,0.507934,0.507934,0.992034,True
AVY,RL,0.507934,0.507934,0.992034,False
HCA,TJX,0.507934,0.507934,0.992034,False
CCI,RSG,0.507932,0.507932,0.992036,False
GPN,URI,0.507930,0.507930,0.992038,False
ROP,SNA,0.507927,0.507927,0.992042,False
MS,MSFT,0.507923,0.507923,0.992045,False
ACGL,INVH,0.507919,0.507919,0.992049,False
ALB,FCX,0.507911,0.507911,0.992057,True
DOC,SYK,0.507911,0.507911,0.992058,False
BXP,NI,0.507905,0.507905,0.992064,False
ECL,EVRG,0.507903,0.507903,0.992066,False
ADSK,BKNG,0.507891,0.507891,0.992078,False
EFX,V,0.507882,0.507882,0.992087,False
DHI,TROW,0.507871,0.507871,0.992097,False
KKR,RL,0.507868,0.507868,0.992101,False
RJF,VMC,0.507864,0.507864,0.992105,False
CRH,FRT,0.507862,0.507862,0.992107,False
CCL,DOV,0.507862,0.507862,0.992107,False
APD,BR,0.507857,0.507857,0.992112,False
SNA,TRV,0.507854,0.507854,0.992115,False
BR,CDNS,0.507847,0.507847,0.992122,False
LYB,MA,0.507841,0.507841,0.992128,False
TRV,WTW,0.507840,0.507840,0.992129,True
EOG,PNC,0.507836,0.507836,0.992133,False
CPRT,PAYC,0.507830,0.507830,0.992140,True
CCL,JBL,0.507827,0.507827,0.992142,False
J,MCO,0.507824,0.507824,0.992145,False
LIN,OMC,0.507814,0.507814,0.992155,False
HIG,SWK,0.507814,0.507814,0.992155,False
AFL,INVH,0.507806,0.507806,0.992163,False
ETN,MSI,0.507804,0.507804,0.992166,False
HBAN,LIN,0.507800,0.507800,0.992169,False
EIX,KO,0.507790,0.507790,0.992180,False
EMR,HD,0.507784,0.507784,0.992186,False
SYK,WM,0.507779,0.507779,0.992191,False
CFG,MCO,0.507778,0.507778,0.992192,True
CINF,GPC,0.507773,0.507773,0.992196,False
BR,RJF,0.507771,0.507771,0.992199,False
DOW,WYNN,0.507763,0.507763,0.992207,False
NTRS,UDR,0.507757,0.507757,0.992213,False
DIS,WY,0.507748,0.507748,0.992222,False
PFG,WDC,0.507747,0.507747,0.992223,False
INTU,MS,0.507747,0.507747,0.992223,False
AIG,YUM,0.507739,0.507739,0.992231,False
AAPL,BR,0.507732,0.507732,0.992238,False
INVH,ITW,0.507723,0.507723,0.992247,False
CDNS,MTD,0.507722,0.507722,0.992248,False
AMAT,FFIV,0.507721,0.507721,0.992249,True
MCO,SNPS,0.507719,0.507719,0.992251,False
ECL,TRMB,0.507718,0.507718,0.992252,False
HUBB,ZBRA,0.507713,0.507713,0.992257,False
AMP,MU,0.507705,0.507705,0.992265,False
KO,STZ,0.507696,0.507696,0.992274,True
ADM,DE,0.507693,0.507693,0.992278,False
LOW,PCAR,0.507684,0.507684,0.992287,False
FITB,MMM,0.507682,0.507682,0.992289,False
RVTY,TEL,0.507681,0.507681,0.992289,False
BG,HAL,0.507668,0.507668,0.992302,False
CCL,OMC,0.507667,0.507667,0.992303,False
DTE,PM,0.507667,0.507667,0.992303,False
NTAP,ZBRA,0.507662,0.507662,0.992308,True
APTV,PCAR,0.507661,0.507661,0.992309,False
ADBE,AMD,0.507659,0.507659,0.992311,True
ON,TXT,0.507658,0.507658,0.992312,False
DRI,LOW,0.507658,0.507658,0.992312,True
SWK,UHS,0.507656,0.507656,0.992314,False
CVX,GM,0.507656,0.507656,0.992315,False
FCX,HWM,0.507653,0.507653,0.992317,False
MAR,OKE,0.507644,0.507644,0.992327,False
ARE,ATO,0.507639,0.507639,0.992332,False
ADBE,NXPI,0.507637,0.507637,0.992334,True
KEY,UHS,0.507636,0.507636,0.992335,False
NCLH,USB,0.507625,0.507625,0.992346,False
CINF,KO,0.507621,0.507621,0.992350,False
IDXX,VRSN,0.507616,0.507616,0.992355,False
MCO,MPWR,0.507615,0.507615,0.992356,False
HPE,LRCX,0.507614,0.507614,0.992357,True
FOX,TFC,0.507609,0.507609,0.992362,False
BBY,FITB,0.507601,0.507601,0.992370,False
VLO,WAB,0.507598,0.507598,0.992373,False
NTAP,PFG,0.507591,0.507591,0.992380,False
CBRE,GWW,0.507587,0.507587,0.992384,False
GM,HAL,0.507587,0.507587,0.992384,False
HST,NXPI,0.507577,0.507577,0.992394,False
GD,OMC,0.507575,0.507575,0.992396,False
PFG,PLD,0.507569,0.507569,0.992402,False
CB,SO,0.507564,0.507564,0.992407,False
CSCO,CTSH,0.507558,0.507558,0.992413,True
FITB,IBKR,0.507548,0.507548,0.992423,True
IT,MCO,0.507533,0.507533,0.992439,False
CB,MA,0.507533,0.507533,0.992439,True
DOC,PPG,0.507526,0.507526,0.992445,False
AIZ,WELL,0.507525,0.507525,0.992446,False
AVY,GM,0.507524,0.507524,0.992447,False
JPM,MCHP,0.507524,0.507524,0.992448,False
DOC,UHS,0.507522,0.507522,0.992450,False
BLDR,PCAR,0.507514,0.507514,0.992457,True
CPT,NEE,0.507506,0.507506,0.992466,False
BXP,GD,0.507496,0.507496,0.992476,False
BBY,ROK,0.507491,0.507491,0.992481,False
SNA,WRB,0.507490,0.507490,0.992482,False
AFL,AVY,0.507472,0.507472,0.992500,False
CPRT,MTD,0.507468,0.507468,0.992504,False
CPT,VRSK,0.507466,0.507466,0.992506,False
AJG,REG,0.507464,0.507464,0.992508,False
PAYX,TT,0.507456,0.507456,0.992516,True
ATO,ECL,0.507455,0.507455,0.992517,False
AVY,UDR,0.507454,0.507454,0.992518,False
JBL,STX,0.507453,0.507453,0.992519,True
NDAQ,NSC,0.507449,0.507449,0.992523,False
GRMN,PFG,0.507431,0.507431,0.992541,False
AOS,WAB,0.507429,0.507429,0.992543,True
AME,HAL,0.507424,0.507424,0.992548,False
AIG,OXY,0.507417,0.507417,0.992555,False
MCHP,STX,0.507400,0.507400,0.992572,True
DOV,STE,0.507384,0.507384,0.992588,False
MCO,WDAY,0.507378,0.507378,0.992594,False
CPRT,ODFL,0.507368,0.507368,0.992605,True
DRI,STT,0.507361,0.507361,0.992612,False
NTRS,RTX,0.507360,0.507360,0.992612,False
ACN,KLAC,0.507359,0.507359,0.992614,True
HWM,SCHW,0.507358,0.507358,0.992615,False
PEG,WY,0.507351,0.507351,0.992622,False
BEN,GM,0.507349,0.507349,0.992624,False
IEX,PWR,0.507344,0.507344,0.992629,True
CDNS,GDDY,0.507336,0.507336,0.992637,True
CPRT,GS,0.507330,0.507330,0.992643,False
BRK-B,PM,0.507328,0.507328,0.992645,False
AOS,NSC,0.507327,0.507327,0.992646,True
MGM,NSC,0.507325,0.507325,0.992648,False
ABT,SPGI,0.507320,0.507320,0.992653,False
DD,MA,0.507302,0.507302,0.992671,False
LYV,TFC,0.507299,0.507299,0.992675,False
CPRT,URI,0.507296,0.507296,0.992678,True
PAYX,TRV,0.507289,0.507289,0.992684,False
SWK,SYY,0.507284,0.507284,0.992689,False
ECL,SO,0.507272,0.507272,0.992702,False
J,MSI,0.507271,0.507271,0.992703,False
REG,URI,0.507266,0.507266,0.992708,False
EME,KKR,0.507264,0.507264,0.992709,False
TRV,VTR,0.507258,0.507258,0.992715,False
CSGP,MSFT,0.507253,0.507253,0.992720,False
LRCX,XYL,0.507252,0.507252,0.992722,False
AEP,PLD,0.507245,0.507245,0.992729,False
BEN,FRT,0.507244,0.507244,0.992730,False
ROST,VICI,0.507242,0.507242,0.992731,False
KO,PRU,0.507240,0.507240,0.992734,False
ADP,SRE,0.507235,0.507235,0.992739,False
MAA,NSC,0.507230,0.507230,0.992744,False
AIG,RL,0.507218,0.507218,0.992756,False
EME,STLD,0.507215,0.507215,0.992759,False
RCL,STT,0.507212,0.507212,0.992761,False
IVZ,NCLH,0.507212,0.507212,0.992762,False
LII,MCO,0.507209,0.507209,0.992765,False
HUBB,SYK,0.507207,0.507207,0.992767,False
ADSK,GPN,0.507197,0.507197,0.992777,False
DOV,XOM,0.507196,0.507196,0.992778,False
CTAS,MCHP,0.507184,0.507184,0.992790,False
ISRG,KEYS,0.507183,0.507183,0.992791,False
DTE,TDG,0.507172,0.507172,0.992802,False
EMR,NTAP,0.507171,0.507171,0.992803,False
EOG,KEY,0.507166,0.507166,0.992808,False
CINF,J,0.507163,0.507163,0.992811,False
FDX,GS,0.507162,0.507162,0.992812,False
ARES,HD,0.507152,0.507152,0.992823,False
PWR,SYF,0.507149,0.507149,0.992826,False
DD,ZBRA,0.507148,0.507148,0.992826,False
NTRS,SYK,0.507137,0.507137,0.992837,False
CTSH,ETN,0.507135,0.507135,0.992839,False
CL,DTE,0.507135,0.507135,0.992840,False
AIG,IP,0.507123,0.507123,0.992851,False
EQIX,PAYX,0.507110,0.507110,0.992864,False
CPT,V,0.507109,0.507109,0.992866,False
APD,L,0.507108,0.507108,0.992867,False
ACN,AMAT,0.507103,0.507103,0.992871,True
BKNG,GLW,0.507086,0.507086,0.992889,False
APA,KEY,0.507083,0.507083,0.992892,False
MDT,NDSN,0.507079,0.507079,0.992896,False
ADP,TT,0.507075,0.507075,0.992900,True
EXPE,TFC,0.507075,0.507075,0.992900,False
SRE,TFC,0.507072,0.507072,0.992903,False
ACGL,SPG,0.507070,0.507070,0.992905,False
AIZ,WFC,0.507064,0.507064,0.992910,True
ADP,APD,0.507064,0.507064,0.992911,False
FCX,OKE,0.507050,0.507050,0.992925,False
MGM,YUM,0.507047,0.507047,0.992928,True
ECL,NWS,0.507031,0.507031,0.992944,False
J,MMM,0.507029,0.507029,0.992946,True
AMCR,SYK,0.507027,0.507027,0.992948,False
AMAT,AMZN,0.507019,0.507019,0.992956,False
AMP,VTR,0.507018,0.507018,0.992957,False
FRT,IEX,0.507016,0.507016,0.992960,False
BR,J,0.506999,0.506999,0.992976,True
HAS,HD,0.506998,0.506998,0.992977,True
CMI,UAL,0.506995,0.506995,0.992980,True
PH,WRB,0.506993,0.506993,0.992983,False
MGM,WELL,0.506991,0.506991,0.992984,False
CSX,REG,0.506984,0.506984,0.992991,False
ECL,SYY,0.506979,0.506979,0.992997,False
CDW,DOW,0.506966,0.506966,0.993010,False
SWK,WYNN,0.506951,0.506951,0.993025,False
KLAC,XYZ,0.506948,0.506948,0.993028,False
NCLH,RL,0.506945,0.506945,0.993030,True
BRO,STE,0.506944,0.506944,0.993032,False
CBRE,SCHW,0.506938,0.506938,0.993037,False
BAC,UHS,0.506937,0.506937,0.993039,False
JNJ,MRK,0.506934,0.506934,0.993041,True
GM,KMI,0.506933,0.506933,0.993042,False
CPAY,NCLH,0.506933,0.506933,0.993043,False
CTSH,INVH,0.506932,0.506932,0.993043,False
ACN,PTC,0.506926,0.506926,0.993050,True
ADP,BXP,0.506908,0.506908,0.993068,False
PCAR,PKG,0.506907,0.506907,0.993069,False
BXP,PNW,0.506907,0.506907,0.993069,False
JCI,NUE,0.506906,0.506906,0.993070,False
J,STLD,0.506888,0.506888,0.993088,False
APH,NUE,0.506885,0.506885,0.993091,False
GRMN,IQV,0.506880,0.506880,0.993097,False
SWK,TDG,0.506878,0.506878,0.993098,True
SPG,XYL,0.506873,0.506873,0.993103,False
HD,UDR,0.506867,0.506867,0.993109,False
NDSN,RVTY,0.506867,0.506867,0.993109,False
MCD,PFG,0.506866,0.506866,0.993111,False
HD,WAB,0.506863,0.506863,0.993113,False
CRH,DE,0.506863,0.506863,0.993114,False
JBL,NWS,0.506862,0.506862,0.993114,False
BR,BX,0.506859,0.506859,0.993118,False
CPAY,SCHW,0.506858,0.506858,0.993118,True
FOX,TEL,0.506856,0.506856,0.993120,False
ESS,IEX,0.506853,0.506853,0.993123,False
CSCO,PH,0.506843,0.506843,0.993133,False
HBAN,MA,0.506841,0.506841,0.993136,True
RL,TRMB,0.506830,0.506830,0.993146,False
IVZ,KMI,0.506828,0.506828,0.993149,False
JPM,MMM,0.506819,0.506819,0.993158,False
APD,V,0.506818,0.506818,0.993158,False
MCHP,PNC,0.506812,0.506812,0.993165,False
ISRG,SWKS,0.506811,0.506811,0.993166,False
NXPI,ODFL,0.506807,0.506807,0.993169,False
NXPI,SPGI,0.506806,0.506806,0.993171,False
DIS,SBUX,0.506804,0.506804,0.993173,False
HLT,LIN,0.506786,0.506786,0.993191,False
GD,SPG,0.506784,0.506784,0.993193,False
ADSK,CTSH,0.506777,0.506777,0.993200,True
C,HD,0.506775,0.506775,0.993202,False
GRMN,GS,0.506763,0.506763,0.993214,False
BRO,FAST,0.506750,0.506750,0.993227,False
CCL,NTRS,0.506749,0.506749,0.993228,False
CINF,XYL,0.506745,0.506745,0.993232,False
TFC,WMB,0.506744,0.506744,0.993233,False
AOS,MLM,0.506738,0.506738,0.993239,False
HLT,NWSA,0.506729,0.506729,0.993248,False
ALLE,NWS,0.506728,0.506728,0.993249,False
DVN,USB,0.506715,0.506715,0.993262,False
BXP,NCLH,0.506713,0.506713,0.993265,False
RVTY,SWKS,0.506711,0.506711,0.993267,False
CFG,VTR,0.506709,0.506709,0.993269,False
ADP,PEG,0.506708,0.506708,0.993270,False
MCO,MNST,0.506707,0.506707,0.993270,False
SYY,WMB,0.506707,0.506707,0.993271,False
AME,ARE,0.506705,0.506705,0.993273,False
ECL,RF,0.506703,0.506703,0.993274,False
BRK-B,YUM,0.506696,0.506696,0.993281,False
BA,OKE,0.506679,0.506679,0.993299,False
LH,SHW,0.506674,0.506674,0.993304,False
CSGP,MSCI,0.506673,0.506673,0.993305,False
APO,LIN,0.506671,0.506671,0.993306,False
MSFT,MU,0.506669,0.506669,0.993309,True
CRH,WDC,0.506666,0.506666,0.993312,False
HBAN,MMM,0.506664,0.506664,0.993314,False
MMM,ROK,0.506653,0.506653,0.993324,True
AMCR,TXT,0.506649,0.506649,0.993329,False
PFG,ZBRA,0.506634,0.506634,0.993344,False
PWR,TROW,0.506630,0.506630,0.993348,False
EVRG,FRT,0.506629,0.506629,0.993348,False
LUV,URI,0.506621,0.506621,0.993357,True
AME,RL,0.506606,0.506606,0.993372,False
BRO,PLD,0.506603,0.506603,0.993375,False
BXP,CVX,0.506596,0.506596,0.993382,False
ITW,STE,0.506589,0.506589,0.993389,False
BBY,HON,0.506572,0.506572,0.993406,False
LRCX,SWK,0.506570,0.506570,0.993408,False
CDNS,FTNT,0.506567,0.506567,0.993411,True
PLD,PNC,0.506557,0.506557,0.993421,False
AAPL,IDXX,0.506554,0.506554,0.993425,False
GD,VLO,0.506550,0.506550,0.993428,False
AMT,RSG,0.506539,0.506539,0.993440,False
MCD,UHS,0.506531,0.506531,0.993448,False
MAR,NTRS,0.506524,0.506524,0.993455,False
MTD,NDAQ,0.506520,0.506520,0.993458,False
SHW,ZTS,0.506503,0.506503,0.993475,False
AME,LH,0.506495,0.506495,0.993484,False
APH,LOW,0.506492,0.506492,0.993487,False
MCO,ODFL,0.506492,0.506492,0.993487,False
BSX,VICI,0.506491,0.506491,0.993488,False
GPC,ROP,0.506487,0.506487,0.993491,False
HON,PEG,0.506480,0.506480,0.993499,False
AMAT,ITW,0.506472,0.506472,0.993507,False
TT,USB,0.506470,0.506470,0.993509,False
DUK,KMB,0.506463,0.506463,0.993516,False
MA,SPG,0.506451,0.506451,0.993528,False
BR,MTD,0.506447,0.506447,0.993532,False
BLDR,TDG,0.506446,0.506446,0.993533,True
FDX,JBHT,0.506443,0.506443,0.993537,True
NTRS,UAL,0.506440,0.506440,0.993539,False
PAYC,PTC,0.506440,0.506440,0.993539,False
ARES,USB,0.506437,0.506437,0.993542,True
LIN,UDR,0.506428,0.506428,0.993551,False
CRM,PAYC,0.506427,0.506427,0.993552,False
AVY,RSG,0.506421,0.506421,0.993558,False
ADM,TXT,0.506407,0.506407,0.993572,False
EXPD,PH,0.506403,0.506403,0.993577,True
LIN,PCAR,0.506399,0.506399,0.993581,False
NSC,RSG,0.506390,0.506390,0.993589,True
JPM,ROP,0.506390,0.506390,0.993590,False
BRK-B,STE,0.506388,0.506388,0.993592,False
KIM,NWSA,0.506387,0.506387,0.993592,False
NWSA,XYL,0.506385,0.506385,0.993595,False
INVH,PRU,0.506382,0.506382,0.993597,False
ETN,SHW,0.506376,0.506376,0.993604,False
HD,SYK,0.506371,0.506371,0.993609,False
CSGP,TYL,0.506369,0.506369,0.993610,False
EG,TXT,0.506367,0.506367,0.993613,False
AMP,MPWR,0.506359,0.506359,0.993621,False
CNP,MDT,0.506345,0.506345,0.993635,False
AEE,BRK-B,0.506342,0.506342,0.993637,False
KMI,SRE,0.506338,0.506338,0.993642,False
NSC,UHS,0.506336,0.506336,0.993643,False
USB,VMC,0.506330,0.506330,0.993650,False
CCL,KKR,0.506320,0.506320,0.993660,False
AEE,MKC,0.506314,0.506314,0.993666,False
AOS,BLK,0.506285,0.506285,0.993695,False
BRO,NDSN,0.506276,0.506276,0.993704,False
INTU,TER,0.506270,0.506270,0.993711,True
DOC,ICE,0.506256,0.506256,0.993724,False
FTV,WYNN,0.506252,0.506252,0.993728,False
IVZ,KLAC,0.506249,0.506249,0.993731,False
PKG,SYF,0.506244,0.506244,0.993736,False
AIG,IEX,0.506234,0.506234,0.993746,False
BAC,PWR,0.506231,0.506231,0.993750,False
DOC,GD,0.506229,0.506229,0.993751,False
HPE,STLD,0.506221,0.506221,0.993760,False
GPN,TDY,0.506218,0.506218,0.993763,False
HBAN,OXY,0.506214,0.506214,0.993767,False
AON,ROP,0.506204,0.506204,0.993777,False
DIS,LUV,0.506203,0.506203,0.993778,False
A,ROK,0.506193,0.506193,0.993788,False
AXP,GRMN,0.506187,0.506187,0.993794,False
SNA,UHS,0.506180,0.506180,0.993800,False
APO,PAYX,0.506177,0.506177,0.993804,False
EQIX,UDR,0.506171,0.506171,0.993810,True
ETN,GPN,0.506157,0.506157,0.993824,False
SYY,WRB,0.506141,0.506141,0.993840,False
APH,BLDR,0.506140,0.506140,0.993841,False
APO,HLT,0.506133,0.506133,0.993848,False
HPQ,STT,0.506131,0.506131,0.993850,False
CMI,IQV,0.506122,0.506122,0.993859,False
HON,ZBRA,0.506122,0.506122,0.993859,False
IVZ,LOW,0.506121,0.506121,0.993860,False
HPE,MU,0.506120,0.506120,0.993861,True
BLK,EME,0.506115,0.506115,0.993866,False
AON,L,0.506114,0.506114,0.993868,True
DHR,ROP,0.506111,0.506111,0.993870,False
BX,SPG,0.506100,0.506100,0.993881,False
DE,HWM,0.506097,0.506097,0.993884,True
ALLE,TXN,0.506095,0.506095,0.993886,False
CPAY,FCX,0.506084,0.506084,0.993898,False
ALLE,MSI,0.506082,0.506082,0.993900,False
CPAY,TJX,0.506071,0.506071,0.993911,False
CPAY,EXPE,0.506070,0.506070,0.993911,False
MOS,PFG,0.506063,0.506063,0.993919,False
APH,BA,0.506059,0.506059,0.993922,False
FDX,WY,0.506056,0.506056,0.993926,False
NDSN,RTX,0.506055,0.506055,0.993926,True
CDW,PLD,0.506054,0.506054,0.993927,False
AMP,EOG,0.506051,0.506051,0.993930,False
CPRT,XYZ,0.506046,0.506046,0.993936,False
ACN,RSG,0.506043,0.506043,0.993938,False
BEN,PAYX,0.506040,0.506040,0.993942,False
DAL,ROST,0.506038,0.506038,0.993944,False
APTV,LYV,0.506033,0.506033,0.993949,False
JPM,SBUX,0.506030,0.506030,0.993951,False
BAC,CPT,0.506021,0.506021,0.993961,False
EXPE,HWM,0.506015,0.506015,0.993967,False
AES,FRT,0.506001,0.506001,0.993981,False
MAR,PCAR,0.505999,0.505999,0.993983,False
CRH,TJX,0.505998,0.505998,0.993984,False
JPM,PWR,0.505994,0.505994,0.993988,False
APTV,BBY,0.505987,0.505987,0.993995,True
RCL,TRMB,0.505985,0.505985,0.993997,False
APTV,CPAY,0.505985,0.505985,0.993997,False
CTAS,SRE,0.505979,0.505979,0.994003,False
APTV,LEN,0.505975,0.505975,0.994007,True
AMAT,SYF,0.505972,0.505972,0.994010,False
LYV,TDY,0.505963,0.505963,0.994019,False
AJG,PEP,0.505961,0.505961,0.994022,False
SPG,ULTA,0.505959,0.505959,0.994023,False
EXR,PAYX,0.505948,0.505948,0.994035,False
CPT,TRV,0.505941,0.505941,0.994041,False
LOW,SPG,0.505931,0.505931,0.994051,False
AAPL,CTSH,0.505928,0.505928,0.994054,True
CINF,PPG,0.505928,0.505928,0.994054,False
BAC,ZBRA,0.505927,0.505927,0.994055,False
PH,YUM,0.505922,0.505922,0.994060,False
BX,VICI,0.505916,0.505916,0.994066,False
AIZ,SNA,0.505916,0.505916,0.994066,False
EXPE,KKR,0.505915,0.505915,0.994067,False
MGM,PSX,0.505912,0.505912,0.994070,False
OXY,PNC,0.505910,0.505910,0.994072,False
DOC,NEE,0.505887,0.505887,0.994095,False
NDSN,PWR,0.505886,0.505886,0.994097,True
AMZN,BX,0.505885,0.505885,0.994097,False
DOV,MCD,0.505884,0.505884,0.994099,False
BX,CPT,0.505883,0.505883,0.994099,False
JBL,NSC,0.505883,0.505883,0.994100,False
MTB,NWSA,0.505880,0.505880,0.994103,False
EQIX,EXR,0.505880,0.505880,0.994103,True
C,ZBRA,0.505878,0.505878,0.994105,False
CPT,HIG,0.505872,0.505872,0.994111,False
HON,LII,0.505871,0.505871,0.994111,True
BRO,TROW,0.505871,0.505871,0.994112,True
FDS,INVH,0.505866,0.505866,0.994116,False
A,BR,0.505866,0.505866,0.994117,False
DOW,MLM,0.505863,0.505863,0.994119,True
CSX,GM,0.505859,0.505859,0.994124,False
GM,HUBB,0.505850,0.505850,0.994132,False
PKG,UNP,0.505849,0.505849,0.994134,False
BKR,RTX,0.505832,0.505832,0.994151,False
CB,VTR,0.505827,0.505827,0.994156,False
CSX,INVH,0.505827,0.505827,0.994156,False
PAYC,VRSN,0.505825,0.505825,0.994158,False
EXPE,GS,0.505818,0.505818,0.994165,False
NDSN,SYY,0.505797,0.505797,0.994186,False
RCL,VICI,0.505780,0.505780,0.994203,False
BLDR,MCHP,0.505780,0.505780,0.994203,False
CPRT,SYF,0.505780,0.505780,0.994203,False
BRO,SO,0.505779,0.505779,0.994204,False
LRCX,PTC,0.505770,0.505770,0.994213,True
BAC,GL,0.505752,0.505752,0.994232,True
BLK,MGM,0.505749,0.505749,0.994234,False
DE,GPC,0.505749,0.505749,0.994235,False
EXPD,PAYX,0.505748,0.505748,0.994235,True
NDAQ,TEL,0.505743,0.505743,0.994241,False
JBHT,TEL,0.505735,0.505735,0.994248,False
APTV,BXP,0.505733,0.505733,0.994250,False
AJG,PPG,0.505729,0.505729,0.994255,False
MCO,PTC,0.505728,0.505728,0.994255,False
BLK,FIS,0.505719,0.505719,0.994264,True
MTD,ROP,0.505716,0.505716,0.994268,False
CTAS,SBUX,0.505713,0.505713,0.994270,False
HIG,PEG,0.505704,0.505704,0.994280,False
C,TXN,0.505683,0.505683,0.994301,False
APH,PCAR,0.505672,0.505672,0.994311,False
BLDR,IQV,0.505672,0.505672,0.994312,False
CINF,ESS,0.505670,0.505670,0.994314,False
ADP,VMC,0.505666,0.505666,0.994318,False
HLT,YUM,0.505658,0.505658,0.994325,True
APH,NWSA,0.505648,0.505648,0.994335,False
PH,QCOM,0.505647,0.505647,0.994337,False
EVRG,JNJ,0.505645,0.505645,0.994339,False
FOX,TXT,0.505637,0.505637,0.994347,False
DRI,JBL,0.505635,0.505635,0.994349,False
BRK-B,HPQ,0.505623,0.505623,0.994361,False
PG,PPL,0.505618,0.505618,0.994367,False
GM,HPQ,0.505617,0.505617,0.994367,False
AES,PPL,0.505611,0.505611,0.994373,True
MPC,TDG,0.505588,0.505588,0.994397,False
CCI,PAYX,0.505572,0.505572,0.994412,False
ATO,CINF,0.505561,0.505561,0.994423,False
ADP,JCI,0.505554,0.505554,0.994430,True
CDW,MAR,0.505552,0.505552,0.994433,False
SO,VRSK,0.505549,0.505549,0.994435,False
GS,VICI,0.505549,0.505549,0.994436,False
MCO,NVDA,0.505541,0.505541,0.994444,False
KEY,WELL,0.505535,0.505535,0.994449,False
BRK-B,JNJ,0.505532,0.505532,0.994452,False
BXP,PEG,0.505530,0.505530,0.994454,False
MSCI,WDAY,0.505523,0.505523,0.994462,False
HPE,ZBRA,0.505520,0.505520,0.994464,True
ROP,TDG,0.505517,0.505517,0.994468,False
ADP,KIM,0.505513,0.505513,0.994472,False
GD,TJX,0.505510,0.505510,0.994474,False
F,HST,0.505509,0.505509,0.994475,False
MDT,SYF,0.505506,0.505506,0.994479,False
JBL,NCLH,0.505504,0.505504,0.994480,False
APH,L,0.505491,0.505491,0.994494,False
MAA,PFG,0.505491,0.505491,0.994494,False
DD,V,0.505488,0.505488,0.994497,False
HD,NKE,0.505485,0.505485,0.994500,True
ETR,MCO,0.505481,0.505481,0.994504,False
DECK,RL,0.505481,0.505481,0.994504,True
F,LYB,0.505481,0.505481,0.994504,False
AFL,ETR,0.505479,0.505479,0.994506,False
ARES,CAT,0.505478,0.505478,0.994507,False
CTAS,IT,0.505466,0.505466,0.994519,False
TROW,VRSN,0.505453,0.505453,0.994532,False
SNPS,WDAY,0.505452,0.505452,0.994533,True
F,XYL,0.505442,0.505442,0.994543,False
PWR,STT,0.505431,0.505431,0.994554,False
HST,VMC,0.505423,0.505423,0.994563,False
AOS,CSX,0.505416,0.505416,0.994569,True
DIS,NSC,0.505411,0.505411,0.994574,False
ECL,KKR,0.505405,0.505405,0.994580,False
CINF,WTW,0.505400,0.505400,0.994585,True
AES,VICI,0.505400,0.505400,0.994586,False
TJX,TRMB,0.505383,0.505383,0.994603,False
BX,NVR,0.505383,0.505383,0.994603,False
AVY,REG,0.505381,0.505381,0.994605,False
NVR,SYF,0.505380,0.505380,0.994606,False
ACN,GLW,0.505364,0.505364,0.994621,True
AZO,LOW,0.505364,0.505364,0.994622,True
BRO,LNT,0.505359,0.505359,0.994627,False
CMCSA,MA,0.505351,0.505351,0.994635,False
FE,RSG,0.505349,0.505349,0.994637,False
AMCR,MMM,0.505337,0.505337,0.994649,False
BX,TDG,0.505337,0.505337,0.994649,False
ACN,DD,0.505332,0.505332,0.994654,False
A,ALLE,0.505328,0.505328,0.994658,False
CCI,VICI,0.505328,0.505328,0.994658,True
FANG,SYF,0.505325,0.505325,0.994661,False
CPRT,DRI,0.505321,0.505321,0.994665,False
CPAY,NDAQ,0.505320,0.505320,0.994666,True
PPL,TXT,0.505319,0.505319,0.994667,False
COP,WAB,0.505318,0.505318,0.994668,False
HII,RTX,0.505303,0.505303,0.994683,True
HON,ZBH,0.505301,0.505301,0.994685,False
AMAT,XYL,0.505300,0.505300,0.994686,False
ICE,MS,0.505300,0.505300,0.994686,True
MLM,PKG,0.505291,0.505291,0.994695,True
BG,XOM,0.505288,0.505288,0.994698,False
KIM,VMC,0.505284,0.505284,0.994702,False
BKNG,NXPI,0.505283,0.505283,0.994703,False
DHR,FTV,0.505279,0.505279,0.994707,False
L,PEP,0.505265,0.505265,0.994722,False
BRO,MDLZ,0.505255,0.505255,0.994731,False
COP,DD,0.505247,0.505247,0.994740,False
AMAT,IVZ,0.505243,0.505243,0.994743,False
ECL,NWSA,0.505240,0.505240,0.994746,False
CINF,CPT,0.505231,0.505231,0.994755,False
APTV,NWS,0.505219,0.505219,0.994767,False
MPC,REG,0.505219,0.505219,0.994767,False
CSX,SCHW,0.505218,0.505218,0.994768,False
MSCI,NXPI,0.505215,0.505215,0.994771,False
A,MA,0.505199,0.505199,0.994788,False
DOW,LUV,0.505197,0.505197,0.994789,False
FIX,GE,0.505188,0.505188,0.994799,True
GRMN,PAYX,0.505181,0.505181,0.994805,False
HPQ,MPWR,0.505179,0.505179,0.994808,True
HON,SHW,0.505175,0.505175,0.994812,False
NWS,XYL,0.505174,0.505174,0.994812,False
HIG,OMC,0.505161,0.505161,0.994825,False
EXC,KIM,0.505159,0.505159,0.994827,False
ADSK,FFIV,0.505154,0.505154,0.994833,True
CRH,MTB,0.505151,0.505151,0.994836,False
DLR,DOC,0.505151,0.505151,0.994836,True
APD,PLD,0.505135,0.505135,0.994851,False
TEL,WSM,0.505131,0.505131,0.994855,False
ALLE,MMM,0.505124,0.505124,0.994863,True
RJF,TDG,0.505123,0.505123,0.994864,False
ARE,POOL,0.505122,0.505122,0.994865,False
HD,YUM,0.505115,0.505115,0.994872,True
ALLE,RTX,0.505103,0.505103,0.994883,True
LNT,NDAQ,0.505103,0.505103,0.994884,False
MDT,VTR,0.505101,0.505101,0.994886,False
PHM,YUM,0.505101,0.505101,0.994886,True
LYB,PAYX,0.505096,0.505096,0.994891,False
ALLE,HST,0.505074,0.505074,0.994913,False
BAC,SBUX,0.505071,0.505071,0.994916,False
KO,MSI,0.505070,0.505070,0.994917,False
FCX,MPC,0.505069,0.505069,0.994918,False
FDX,PNC,0.505067,0.505067,0.994921,False
HLT,VICI,0.505065,0.505065,0.994922,False
DOW,NXPI,0.505065,0.505065,0.994922,False
KIM,TROW,0.505062,0.505062,0.994925,False
GD,SWK,0.505051,0.505051,0.994936,True
BX,MAA,0.505049,0.505049,0.994938,False
IVZ,SYY,0.505042,0.505042,0.994945,False
FRT,NWSA,0.505036,0.505036,0.994952,False
LH,PPG,0.505035,0.505035,0.994952,False
BR,TMO,0.505032,0.505032,0.994955,False
CSX,KMI,0.505027,0.505027,0.994960,False
GOOG,SNPS,0.505026,0.505026,0.994962,False
DRI,PNR,0.505019,0.505019,0.994969,False
MSFT,SYK,0.505015,0.505015,0.994972,False
GLW,MAS,0.505015,0.505015,0.994973,False
CB,XYL,0.505013,0.505013,0.994974,False
JBL,SPG,0.505008,0.505008,0.994979,False
ADI,VRSN,0.505001,0.505001,0.994987,True
AIZ,AME,0.505000,0.505000,0.994988,False
MU,NTAP,0.504999,0.504999,0.994988,True
MAS,NKE,0.504993,0.504993,0.994995,False
APTV,BKNG,0.504987,0.504987,0.995000,True
ADSK,MS,0.504986,0.504986,0.995002,False
DHR,IEX,0.504986,0.504986,0.995002,False
NI,PG,0.504967,0.504967,0.995021,False
DELL,MPWR,0.504967,0.504967,0.995021,True
CPT,SHW,0.504967,0.504967,0.995021,False
AME,NKE,0.504964,0.504964,0.995024,False
HPQ,MGM,0.504955,0.504955,0.995032,False
MLM,ROP,0.504947,0.504947,0.995041,False
DRI,TPR,0.504929,0.504929,0.995058,True
CVX,VICI,0.504923,0.504923,0.995065,False
CPT,UHS,0.504912,0.504912,0.995076,False
AMAT,XYZ,0.504900,0.504900,0.995088,False
CL,ETR,0.504895,0.504895,0.995093,False
DOC,WRB,0.504886,0.504886,0.995102,False
PEP,PLD,0.504885,0.504885,0.995103,False
BBY,PRU,0.504878,0.504878,0.995110,False
FICO,WDAY,0.504875,0.504875,0.995113,True
AME,CDNS,0.504874,0.504874,0.995114,False
ACGL,GPC,0.504870,0.504870,0.995118,False
LRCX,PWR,0.504869,0.504869,0.995119,False
FIX,VST,0.504866,0.504866,0.995122,False
STT,SYY,0.504865,0.504865,0.995123,False
FCX,LRCX,0.504858,0.504858,0.995130,False
BRK-B,HCA,0.504850,0.504850,0.995138,False
BRK-B,VRSN,0.504848,0.504848,0.995140,False
GLW,STLD,0.504842,0.504842,0.995146,False
FRT,WMB,0.504838,0.504838,0.995151,False
CDW,IBM,0.504831,0.504831,0.995158,True
CSX,ICE,0.504830,0.504830,0.995158,False
CL,VRSK,0.504829,0.504829,0.995160,False
GOOG,TRMB,0.504828,0.504828,0.995160,False
DOV,HSIC,0.504826,0.504826,0.995162,False
PPL,RF,0.504821,0.504821,0.995168,False
FOXA,PH,0.504821,0.504821,0.995168,False
JCI,KLAC,0.504814,0.504814,0.995174,False
ECL,ZBH,0.504811,0.504811,0.995177,False
ITW,VRSK,0.504809,0.504809,0.995180,True
CSGP,V,0.504807,0.504807,0.995181,False
DLR,UDR,0.504806,0.504806,0.995182,True
PWR,TRMB,0.504802,0.504802,0.995187,False
EQIX,VRSK,0.504800,0.504800,0.995188,False
BSX,TEL,0.504798,0.504798,0.995190,False
DIS,OMC,0.504798,0.504798,0.995191,True
BKNG,TT,0.504791,0.504791,0.995197,False
AMCR,TROW,0.504790,0.504790,0.995198,False
BKNG,BSX,0.504789,0.504789,0.995199,False
ETR,PAYX,0.504781,0.504781,0.995207,False
AVY,PHM,0.504780,0.504780,0.995208,False
MTD,PH,0.504770,0.504770,0.995218,False
DOW,J,0.504767,0.504767,0.995222,False
CB,TDY,0.504763,0.504763,0.995225,False
FFIV,KEYS,0.504762,0.504762,0.995227,True
CPAY,NXPI,0.504757,0.504757,0.995231,False
ACN,BEN,0.504755,0.504755,0.995234,False
BSX,C,0.504753,0.504753,0.995235,False
COF,IBM,0.504751,0.504751,0.995238,False
NDAQ,PNC,0.504750,0.504750,0.995239,True
EXPE,KEY,0.504744,0.504744,0.995245,False
EME,TROW,0.504738,0.504738,0.995250,False
FFIV,TXN,0.504734,0.504734,0.995254,True
ETN,NWS,0.504734,0.504734,0.995255,False
CSX,HAL,0.504734,0.504734,0.995255,False
CMI,MCHP,0.504730,0.504730,0.995259,False
APO,NSC,0.504726,0.504726,0.995263,False
ACGL,BLK,0.504724,0.504724,0.995265,True
DUK,WY,0.504708,0.504708,0.995281,False
CSX,UDR,0.504705,0.504705,0.995284,False
GPN,HWM,0.504704,0.504704,0.995285,False
HPQ,JPM,0.504703,0.504703,0.995286,False
CTAS,FICO,0.504702,0.504702,0.995287,False
STZ,WY,0.504701,0.504701,0.995287,False
AES,ETR,0.504701,0.504701,0.995288,True
NDSN,NWS,0.504699,0.504699,0.995290,False
ADSK,CPAY,0.504690,0.504690,0.995299,False
AMAT,HPE,0.504688,0.504688,0.995301,True
AIG,BX,0.504683,0.504683,0.995306,True
ADBE,ISRG,0.504683,0.504683,0.995306,False
FCX,PWR,0.504680,0.504680,0.995309,False
ACN,IR,0.504672,0.504672,0.995317,False
APD,TROW,0.504664,0.504664,0.995325,False
HSIC,PFG,0.504663,0.504663,0.995326,False
NRG,PEG,0.504654,0.504654,0.995336,True
KHC,SJM,0.504653,0.504653,0.995336,True
ADI,HLT,0.504645,0.504645,0.995344,False
AVY,ESS,0.504637,0.504637,0.995352,False
MPWR,PWR,0.504616,0.504616,0.995374,False
CBRE,ISRG,0.504606,0.504606,0.995383,False
HLT,IVZ,0.504605,0.504605,0.995384,False
HSY,PG,0.504603,0.504603,0.995386,True
AVGO,CRH,0.504596,0.504596,0.995394,False
CCI,PEP,0.504594,0.504594,0.995395,False
BRK-B,GRMN,0.504592,0.504592,0.995397,False
APTV,TRGP,0.504588,0.504588,0.995401,False
FICO,HD,0.504584,0.504584,0.995406,False
BSX,GS,0.504583,0.504583,0.995406,False
ADSK,DOV,0.504578,0.504578,0.995411,False
ADP,JKHY,0.504569,0.504569,0.995421,False
LIN,NXPI,0.504555,0.504555,0.995434,False
CTSH,IBM,0.504555,0.504555,0.995434,True
AMAT,AXP,0.504554,0.504554,0.995436,False
AIG,ZBH,0.504550,0.504550,0.995439,False
CAT,LIN,0.504548,0.504548,0.995442,False
AES,OKE,0.504547,0.504547,0.995443,False
LIN,STE,0.504540,0.504540,0.995449,False
EME,RL,0.504537,0.504537,0.995453,False
GPN,MCHP,0.504531,0.504531,0.995459,False
ROK,SWKS,0.504529,0.504529,0.995460,False
AMCR,TEL,0.504523,0.504523,0.995467,False
PNC,TXN,0.504519,0.504519,0.995471,False
DRI,KMI,0.504513,0.504513,0.995476,False
ABT,VRSK,0.504501,0.504501,0.995489,False
STLD,TRGP,0.504496,0.504496,0.995494,False
GD,MSI,0.504493,0.504493,0.995497,False
GRMN,ZBRA,0.504491,0.504491,0.995499,False
MSFT,XYL,0.504488,0.504488,0.995502,False
CPAY,JBL,0.504483,0.504483,0.995507,False
ADSK,LIN,0.504482,0.504482,0.995507,False
GOOG,SWKS,0.504468,0.504468,0.995522,False
ACN,IVZ,0.504464,0.504464,0.995526,False
BA,CPAY,0.504456,0.504456,0.995534,False
AXP,HCA,0.504450,0.504450,0.995540,False
DIS,UAL,0.504449,0.504449,0.995541,False
AES,CFG,0.504439,0.504439,0.995551,False
AMP,NI,0.504428,0.504428,0.995562,False
AAPL,PH,0.504427,0.504427,0.995563,False
AMAT,NOW,0.504422,0.504422,0.995568,True
GOOGL,TRMB,0.504420,0.504420,0.995570,False
NXPI,SBUX,0.504418,0.504418,0.995572,False
LYV,TRMB,0.504414,0.504414,0.995576,False
CCL,TDY,0.504411,0.504411,0.995579,False
PLD,WEC,0.504410,0.504410,0.995580,False
GRMN,NXPI,0.504405,0.504405,0.995586,False
FICO,VRSK,0.504405,0.504405,0.995586,False
ECL,USB,0.504401,0.504401,0.995590,False
CINF,EMR,0.504398,0.504398,0.995592,False
HPQ,WY,0.504396,0.504396,0.995595,False
NKE,PH,0.504395,0.504395,0.995595,False
BEN,CTSH,0.504372,0.504372,0.995619,False
CDW,GM,0.504370,0.504370,0.995620,False
DRI,ITW,0.504369,0.504369,0.995621,False
AAPL,TRMB,0.504369,0.504369,0.995622,True
IP,PCAR,0.504367,0.504367,0.995624,False
CPT,XYL,0.504366,0.504366,0.995624,False
ESS,XYL,0.504364,0.504364,0.995626,False
ALLE,VICI,0.504362,0.504362,0.995628,False
BLK,UHS,0.504350,0.504350,0.995641,False
KLAC,TT,0.504342,0.504342,0.995648,False
MDT,TDG,0.504340,0.504340,0.995650,False
CVX,IR,0.504340,0.504340,0.995650,False
AIZ,FRT,0.504334,0.504334,0.995656,False
AXP,WDC,0.504331,0.504331,0.995659,False
CTAS,LEN,0.504330,0.504330,0.995660,False
FRT,HD,0.504329,0.504329,0.995662,False
IQV,VRSK,0.504325,0.504325,0.995665,False
C,IQV,0.504324,0.504324,0.995667,False
AMP,NVR,0.504323,0.504323,0.995668,False
HUBB,KMI,0.504319,0.504319,0.995671,False
PSX,WY,0.504307,0.504307,0.995683,False
BRK-B,TAP,0.504293,0.504293,0.995698,False
BLDR,J,0.504293,0.504293,0.995698,True
MMM,UNP,0.504290,0.504290,0.995700,True
FOXA,HBAN,0.504285,0.504285,0.995706,False
PNC,SBUX,0.504283,0.504283,0.995707,False
CL,PPL,0.504279,0.504279,0.995712,False
DAL,ON,0.504273,0.504273,0.995717,False
BRK-B,CCL,0.504272,0.504272,0.995719,False
FCX,NDSN,0.504271,0.504271,0.995720,False
AME,ESS,0.504269,0.504269,0.995722,False
LHX,NI,0.504251,0.504251,0.995740,False
CME,PNW,0.504250,0.504250,0.995741,False
PFG,YUM,0.504249,0.504249,0.995742,False
AOS,PHM,0.504247,0.504247,0.995744,False
CME,UDR,0.504234,0.504234,0.995757,False
GNRC,PNR,0.504232,0.504232,0.995759,True
FOX,JPM,0.504230,0.504230,0.995761,False
FCX,TXN,0.504226,0.504226,0.995765,False
ARE,ZTS,0.504222,0.504222,0.995769,False
CPT,HST,0.504213,0.504213,0.995778,True
NSC,PPL,0.504212,0.504212,0.995779,False
SPGI,TXN,0.504210,0.504210,0.995781,False
GPC,KIM,0.504208,0.504208,0.995783,False
MA,NKE,0.504204,0.504204,0.995787,False
MSCI,SWKS,0.504194,0.504194,0.995797,False
PLD,PRU,0.504189,0.504189,0.995802,False
REG,RL,0.504186,0.504186,0.995805,False
AIG,NWS,0.504180,0.504180,0.995812,False
FFIV,NDSN,0.504177,0.504177,0.995814,False
EXPD,MCHP,0.504177,0.504177,0.995815,False
FAST,WAB,0.504170,0.504170,0.995821,True
IBM,V,0.504163,0.504163,0.995828,False
HAS,PNR,0.504161,0.504161,0.995830,False
KLAC,V,0.504149,0.504149,0.995843,False
CPRT,POOL,0.504141,0.504141,0.995850,False
KMI,NSC,0.504135,0.504135,0.995856,False
BBY,MS,0.504133,0.504133,0.995859,False
DOC,TXT,0.504132,0.504132,0.995859,False
MCHP,RF,0.504130,0.504130,0.995862,False
PRU,TAP,0.504129,0.504129,0.995863,False
COF,LRCX,0.504115,0.504115,0.995876,False
HUM,MOH,0.504111,0.504111,0.995881,True
GDDY,MSFT,0.504104,0.504104,0.995888,True
ECL,FIS,0.504103,0.504103,0.995889,False
CCL,TRMB,0.504103,0.504103,0.995889,False
DHR,ISRG,0.504101,0.504101,0.995891,True
EIX,PLD,0.504097,0.504097,0.995895,False
STT,TDG,0.504090,0.504090,0.995902,False
HD,PCAR,0.504088,0.504088,0.995903,False
EME,IEX,0.504086,0.504086,0.995906,True
MDT,PNW,0.504076,0.504076,0.995916,False
DUK,ECL,0.504076,0.504076,0.995916,False
AMAT,APO,0.504072,0.504072,0.995920,False
EXC,LIN,0.504072,0.504072,0.995920,False
HON,WMB,0.504067,0.504067,0.995925,False
ESS,TRV,0.504065,0.504065,0.995926,False
AIG,GLW,0.504063,0.504063,0.995929,False
NXPI,WSM,0.504060,0.504060,0.995932,False
MSI,TXT,0.504059,0.504059,0.995933,False
NSC,SYY,0.504048,0.504048,0.995943,False
EL,NKE,0.504047,0.504047,0.995944,False
AME,MSCI,0.504045,0.504045,0.995947,False
JKHY,MA,0.504044,0.504044,0.995948,True
CFG,LIN,0.504038,0.504038,0.995954,False
CPT,IVZ,0.504033,0.504033,0.995959,False
MDT,ROP,0.504028,0.504028,0.995964,False
ALLE,POOL,0.504023,0.504023,0.995969,False
STE,V,0.504015,0.504015,0.995977,False
STE,WAT,0.504013,0.504013,0.995979,True
O,PH,0.503994,0.503994,0.995998,False
BKNG,ROST,0.503987,0.503987,0.996005,True
DTE,EMR,0.503987,0.503987,0.996005,False
BLDR,HLT,0.503983,0.503983,0.996009,False
JBL,USB,0.503975,0.503975,0.996017,False
AJG,SO,0.503972,0.503972,0.996020,False
HWM,NWS,0.503963,0.503963,0.996029,False
NSC,NXPI,0.503958,0.503958,0.996034,False
MTD,TER,0.503948,0.503948,0.996044,False
BA,IR,0.503948,0.503948,0.996044,True
KIM,ZBH,0.503940,0.503940,0.996052,False
NUE,VMC,0.503937,0.503937,0.996055,True
KEYS,PNR,0.503936,0.503936,0.996057,False
AIG,MOS,0.503931,0.503931,0.996061,False
DRI,ETN,0.503930,0.503930,0.996063,False
GRMN,NDAQ,0.503915,0.503915,0.996078,False
CVS,UNH,0.503914,0.503914,0.996078,True
DD,GWW,0.503901,0.503901,0.996091,False
HST,NDSN,0.503900,0.503900,0.996092,False
CPT,TXT,0.503897,0.503897,0.996096,False
NDSN,NWSA,0.503895,0.503895,0.996098,False
APTV,LUV,0.503889,0.503889,0.996104,False
CPAY,IP,0.503886,0.503886,0.996106,False
ACN,NTRS,0.503886,0.503886,0.996106,False
JCI,RTX,0.503879,0.503879,0.996113,True
DAL,TRMB,0.503872,0.503872,0.996120,False
CSX,OKE,0.503865,0.503865,0.996128,False
CMI,KMI,0.503863,0.503863,0.996129,False
ADI,NTAP,0.503858,0.503858,0.996134,True
ETN,GRMN,0.503857,0.503857,0.996136,False
MLM,WELL,0.503847,0.503847,0.996146,False
EME,WFC,0.503839,0.503839,0.996154,False
SWKS,WY,0.503834,0.503834,0.996158,False
CDW,FAST,0.503834,0.503834,0.996159,False
EFX,XYL,0.503829,0.503829,0.996164,True
BEN,FAST,0.503828,0.503828,0.996164,False
GDDY,NOW,0.503828,0.503828,0.996165,True
DD,HLT,0.503820,0.503820,0.996173,False
KMI,UHS,0.503819,0.503819,0.996174,False
AMCR,MCD,0.503812,0.503812,0.996181,False
DECK,ON,0.503808,0.503808,0.996185,False
C,EG,0.503807,0.503807,0.996186,True
A,HD,0.503804,0.503804,0.996189,False
BR,WM,0.503800,0.503800,0.996192,True
IQV,LRCX,0.503800,0.503800,0.996193,False
A,ARES,0.503797,0.503797,0.996196,False
CPAY,WYNN,0.503797,0.503797,0.996196,False
MET,NI,0.503792,0.503792,0.996201,False
HST,MCHP,0.503791,0.503791,0.996201,False
NTAP,NXPI,0.503786,0.503786,0.996206,True
DUK,PM,0.503783,0.503783,0.996210,False
MDT,RF,0.503783,0.503783,0.996210,False
KHC,MKC,0.503777,0.503777,0.996216,True
BAC,MAS,0.503776,0.503776,0.996217,False
MCO,SNA,0.503758,0.503758,0.996235,False
BAC,NDAQ,0.503739,0.503739,0.996254,True
EIX,ESS,0.503737,0.503737,0.996256,False
SPGI,SYF,0.503734,0.503734,0.996259,True
ALLE,ICE,0.503729,0.503729,0.996264,False
IVZ,PHM,0.503728,0.503728,0.996265,False
FDX,MET,0.503728,0.503728,0.996265,False
JCI,ROP,0.503719,0.503719,0.996274,False
ODFL,ROK,0.503713,0.503713,0.996280,True
GLW,MTD,0.503711,0.503711,0.996282,False
SO,WY,0.503709,0.503709,0.996285,False
CCI,WY,0.503697,0.503697,0.996296,True
ALLE,IP,0.503683,0.503683,0.996310,False
AME,WDC,0.503672,0.503672,0.996322,False
APO,BSX,0.503672,0.503672,0.996322,False
AVY,WRB,0.503669,0.503669,0.996324,False
MA,NWSA,0.503664,0.503664,0.996329,False
STLD,VLO,0.503663,0.503663,0.996330,False
HPE,J,0.503663,0.503663,0.996330,False
HON,WELL,0.503647,0.503647,0.996346,False
BX,MSI,0.503643,0.503643,0.996350,False
HD,VMC,0.503639,0.503639,0.996354,False
DD,RTX,0.503637,0.503637,0.996356,False
JBHT,MS,0.503634,0.503634,0.996359,False
NUE,PSX,0.503634,0.503634,0.996359,False
MGM,TRGP,0.503627,0.503627,0.996366,False
RTX,SWK,0.503612,0.503612,0.996381,True
ROP,WTW,0.503611,0.503611,0.996382,False
SO,T,0.503606,0.503606,0.996388,False
GPN,HST,0.503605,0.503605,0.996389,False
GRMN,MET,0.503601,0.503601,0.996393,False
HBAN,WMB,0.503592,0.503592,0.996402,False
APTV,WDC,0.503584,0.503584,0.996410,False
CSCO,IVZ,0.503581,0.503581,0.996412,False
AAPL,MS,0.503573,0.503573,0.996421,False
BXP,ETR,0.503570,0.503570,0.996423,False
AIG,CF,0.503570,0.503570,0.996424,False
CPT,RF,0.503567,0.503567,0.996426,False
FTV,YUM,0.503561,0.503561,0.996432,False
BLK,HIG,0.503557,0.503557,0.996437,True
FTV,OKE,0.503552,0.503552,0.996442,False
ITW,TRV,0.503551,0.503551,0.996442,False
CME,MCO,0.503538,0.503538,0.996456,True
LYB,TDG,0.503536,0.503536,0.996458,False
FFIV,LRCX,0.503522,0.503522,0.996472,True
BR,ISRG,0.503516,0.503516,0.996478,False
ACGL,KMI,0.503514,0.503514,0.996480,False
AMZN,LRCX,0.503508,0.503508,0.996486,False
BEN,CDW,0.503506,0.503506,0.996488,False
AMP,ODFL,0.503504,0.503504,0.996490,False
CSGP,CTAS,0.503503,0.503503,0.996490,False
IQV,O,0.503497,0.503497,0.996497,False
CDW,DE,0.503494,0.503494,0.996500,False
ESS,MLM,0.503490,0.503490,0.996504,False
AON,CTAS,0.503488,0.503488,0.996506,False
DD,ROP,0.503485,0.503485,0.996509,False
KEY,NXPI,0.503480,0.503480,0.996514,False
IEX,NDAQ,0.503479,0.503479,0.996515,False
MCO,MDLZ,0.503472,0.503472,0.996522,False
ALLE,DTE,0.503469,0.503469,0.996525,False
CMI,MPC,0.503469,0.503469,0.996525,False
APH,SBUX,0.503467,0.503467,0.996527,False
ALLE,ROST,0.503452,0.503452,0.996542,False
HPQ,USB,0.503438,0.503438,0.996556,False
CFG,FOXA,0.503431,0.503431,0.996564,False
BR,NSC,0.503429,0.503429,0.996565,True
EMR,JBHT,0.503421,0.503421,0.996573,True
NWS,TDY,0.503411,0.503411,0.996583,False
RJF,SYK,0.503408,0.503408,0.996586,False
BA,EXPE,0.503399,0.503399,0.996595,False
RJF,UDR,0.503392,0.503392,0.996602,False
MA,STE,0.503389,0.503389,0.996605,False
CDW,RL,0.503389,0.503389,0.996605,False
CRM,MA,0.503385,0.503385,0.996610,False
NXPI,XYZ,0.503376,0.503376,0.996619,False
LOW,MCHP,0.503369,0.503369,0.996625,False
DECK,FTV,0.503368,0.503368,0.996626,False
EVRG,LHX,0.503368,0.503368,0.996627,False
ORLY,RSG,0.503358,0.503358,0.996636,False
CPRT,CSGP,0.503356,0.503356,0.996638,False
ECL,GRMN,0.503350,0.503350,0.996645,False
FITB,HCA,0.503345,0.503345,0.996650,False
ADI,SYK,0.503338,0.503338,0.996656,False
APH,LII,0.503337,0.503337,0.996658,False
HCA,PFG,0.503327,0.503327,0.996668,False
BAC,NXPI,0.503322,0.503322,0.996673,False
LVS,MS,0.503309,0.503309,0.996685,False
LHX,SO,0.503300,0.503300,0.996694,False
ACGL,PGR,0.503292,0.503292,0.996703,True
DD,SPG,0.503274,0.503274,0.996721,False
AMCR,CTAS,0.503271,0.503271,0.996723,False
CBRE,PKG,0.503271,0.503271,0.996724,False
A,MSFT,0.503271,0.503271,0.996724,False
GLW,ROP,0.503262,0.503262,0.996732,True
CINF,CPAY,0.503254,0.503254,0.996741,True
INVH,NEE,0.503253,0.503253,0.996741,False
HD,JBHT,0.503247,0.503247,0.996748,False
GD,MCO,0.503241,0.503241,0.996753,False
HSIC,MET,0.503241,0.503241,0.996754,False
JBHT,URI,0.503240,0.503240,0.996755,True
AFL,IEX,0.503231,0.503231,0.996764,False
LH,MAS,0.503230,0.503230,0.996764,False
HLT,SBUX,0.503229,0.503229,0.996766,True
NUE,SLB,0.503219,0.503219,0.996775,False
GOOG,KKR,0.503216,0.503216,0.996779,False
LOW,TDY,0.503211,0.503211,0.996784,False
BX,TER,0.503208,0.503208,0.996786,False
APH,LYB,0.503200,0.503200,0.996795,False
BXP,RL,0.503197,0.503197,0.996798,False
KLAC,PNR,0.503196,0.503196,0.996798,False
ETN,IBM,0.503194,0.503194,0.996801,False
CSCO,JBL,0.503192,0.503192,0.996803,True
BLDR,KEY,0.503187,0.503187,0.996808,False
DOC,NSC,0.503183,0.503183,0.996812,False
PNW,PSA,0.503178,0.503178,0.996817,False
LRCX,WAB,0.503178,0.503178,0.996817,False
KO,MO,0.503175,0.503175,0.996820,True
BKNG,ECL,0.503167,0.503167,0.996828,False
BXP,TRV,0.503163,0.503163,0.996832,False
BLK,SPG,0.503153,0.503153,0.996842,False
NVR,PLD,0.503150,0.503150,0.996845,False
ECL,PNW,0.503145,0.503145,0.996850,False
HD,RF,0.503134,0.503134,0.996861,False
NDAQ,WTW,0.503133,0.503133,0.996862,True
AME,APTV,0.503121,0.503121,0.996874,False
CPAY,UAL,0.503120,0.503120,0.996875,False
HUBB,MMM,0.503114,0.503114,0.996881,True
CPAY,ISRG,0.503112,0.503112,0.996883,False
ALLE,MCHP,0.503100,0.503100,0.996895,False
IP,J,0.503097,0.503097,0.996899,False
AMZN,QCOM,0.503083,0.503083,0.996913,False
NWS,SPG,0.503080,0.503080,0.996915,False
AJG,YUM,0.503080,0.503080,0.996915,False
HUBB,RTX,0.503078,0.503078,0.996917,True
CSCO,RJF,0.503069,0.503069,0.996926,False
ICE,ITW,0.503063,0.503063,0.996932,False
CTSH,WAB,0.503062,0.503062,0.996934,False
AMCR,HIG,0.503055,0.503055,0.996941,False
AMAT,PWR,0.503039,0.503039,0.996957,False
AVY,SPGI,0.503038,0.503038,0.996957,False
EIX,INVH,0.503036,0.503036,0.996959,False
BSX,SYF,0.503031,0.503031,0.996965,False
AXP,BRO,0.503025,0.503025,0.996970,True
DIS,FTV,0.503017,0.503017,0.996979,False
FIX,PFG,0.503014,0.503014,0.996982,False
MMM,STT,0.503009,0.503009,0.996986,False
DOV,WSM,0.502995,0.502995,0.997000,False
DHR,TROW,0.502993,0.502993,0.997002,False
GRMN,HD,0.502981,0.502981,0.997014,True
CPRT,LEN,0.502980,0.502980,0.997016,False
ROK,WFC,0.502979,0.502979,0.997016,False
ADSK,AMD,0.502979,0.502979,0.997017,True
FRT,VLO,0.502958,0.502958,0.997038,False
INVH,WRB,0.502957,0.502957,0.997039,False
APA,CF,0.502953,0.502953,0.997043,False
NWSA,V,0.502950,0.502950,0.997045,False
RVTY,SWK,0.502947,0.502947,0.997048,False
ARE,DHI,0.502947,0.502947,0.997049,False
HD,SPG,0.502944,0.502944,0.997051,False
APO,MAR,0.502942,0.502942,0.997053,False
ARE,ETR,0.502936,0.502936,0.997060,False
BRK-B,LH,0.502930,0.502930,0.997066,False
DHR,NDAQ,0.502927,0.502927,0.997069,False
MAR,TRGP,0.502926,0.502926,0.997070,False
BRK-B,CME,0.502924,0.502924,0.997072,True
LOW,NTRS,0.502912,0.502912,0.997083,False
FDX,STT,0.502909,0.502909,0.997086,False
LRCX,TXT,0.502907,0.502907,0.997089,False
FIS,SYK,0.502897,0.502897,0.997099,False
BA,TPR,0.502880,0.502880,0.997116,False
BXP,NDSN,0.502871,0.502871,0.997125,False
HPE,PNR,0.502868,0.502868,0.997128,False
HIG,UAL,0.502864,0.502864,0.997132,False
CTAS,HBAN,0.502862,0.502862,0.997133,False
IBM,SNA,0.502861,0.502861,0.997135,False
DUK,MKC,0.502859,0.502859,0.997137,False
AXP,ZBH,0.502858,0.502858,0.997138,False
GRMN,TXT,0.502854,0.502854,0.997142,False
KMI,NTRS,0.502851,0.502851,0.997145,False
GE,MLM,0.502850,0.502850,0.997146,False
NXPI,PWR,0.502845,0.502845,0.997151,False
AMAT,FCX,0.502844,0.502844,0.997152,False
LEN,TROW,0.502843,0.502843,0.997153,False
JPM,UHS,0.502842,0.502842,0.997154,False
HWM,PPG,0.502841,0.502841,0.997155,False
BEN,DAL,0.502831,0.502831,0.997165,False
DOC,TRV,0.502826,0.502826,0.997170,False
CB,MAA,0.502824,0.502824,0.997172,False
CRH,KMI,0.502823,0.502823,0.997173,False
UHS,XYL,0.502820,0.502820,0.997176,False
CMI,HAL,0.502811,0.502811,0.997185,False
KO,MCO,0.502798,0.502798,0.997198,False
ALLE,RSG,0.502791,0.502791,0.997205,True
BLK,PPL,0.502789,0.502789,0.997207,False
SLB,UNP,0.502784,0.502784,0.997212,False
APTV,MPC,0.502780,0.502780,0.997216,False
AMCR,BEN,0.502774,0.502774,0.997222,False
APTV,WMB,0.502770,0.502770,0.997226,False
GLW,IBM,0.502765,0.502765,0.997231,True
ACN,USB,0.502752,0.502752,0.997244,False
MA,PCAR,0.502750,0.502750,0.997246,False
NWS,V,0.502743,0.502743,0.997253,False
KO,T,0.502739,0.502739,0.997257,False
GOOGL,TER,0.502734,0.502734,0.997263,False
BG,DE,0.502733,0.502733,0.997263,False
APH,TJX,0.502726,0.502726,0.997270,False
AME,IBKR,0.502724,0.502724,0.997272,False
GE,SWK,0.502705,0.502705,0.997291,True
L,SPGI,0.502704,0.502704,0.997293,True
HBAN,TRGP,0.502703,0.502703,0.997294,False
DELL,MCHP,0.502703,0.502703,0.997294,True
URI,WMB,0.502681,0.502681,0.997316,False
MMM,PAYX,0.502678,0.502678,0.997319,True
ADI,NWSA,0.502677,0.502677,0.997319,False
LOW,PRU,0.502660,0.502660,0.997336,False
FFIV,ON,0.502658,0.502658,0.997338,True
ABT,CL,0.502658,0.502658,0.997339,False
EG,KEY,0.502656,0.502656,0.997340,True
BBY,XYL,0.502655,0.502655,0.997342,False
FOXA,PRU,0.502652,0.502652,0.997344,False
ACGL,NDSN,0.502638,0.502638,0.997359,False
MDT,RTX,0.502635,0.502635,0.997361,False
AXP,PHM,0.502628,0.502628,0.997369,False
CB,CBRE,0.502628,0.502628,0.997369,False
BBY,GS,0.502627,0.502627,0.997370,False
SHW,SNA,0.502621,0.502621,0.997376,False
MCD,UNP,0.502618,0.502618,0.997378,False
BLK,FRT,0.502617,0.502617,0.997379,False
BBY,PFG,0.502613,0.502613,0.997384,False
BXP,IEX,0.502611,0.502611,0.997385,False
FTV,NVR,0.502592,0.502592,0.997405,False
ECL,MTD,0.502589,0.502589,0.997408,False
HST,XYL,0.502581,0.502581,0.997416,False
NKE,TEL,0.502580,0.502580,0.997417,False
KO,ROP,0.502577,0.502577,0.997420,False
KO,TAP,0.502569,0.502569,0.997428,True
HIG,XOM,0.502569,0.502569,0.997428,False
LVS,LYB,0.502561,0.502561,0.997436,False
BLDR,F,0.502561,0.502561,0.997436,False
SBUX,SYF,0.502559,0.502559,0.997437,False
PH,VTR,0.502554,0.502554,0.997443,False
IR,TRGP,0.502548,0.502548,0.997449,False
ACGL,LYB,0.502547,0.502547,0.997450,False
APO,LYB,0.502545,0.502545,0.997452,False
GS,UDR,0.502541,0.502541,0.997456,False
PNC,SRE,0.502541,0.502541,0.997456,False
BR,EMR,0.502539,0.502539,0.997458,True
HUBB,PAYX,0.502536,0.502536,0.997461,True
LRCX,NOW,0.502534,0.502534,0.997462,True
RCL,ROST,0.502534,0.502534,0.997463,True
AVY,IFF,0.502525,0.502525,0.997472,True
IR,TXN,0.502524,0.502524,0.997473,False
HON,NKE,0.502500,0.502500,0.997497,False
AXP,PPL,0.502492,0.502492,0.997505,False
ALLE,HWM,0.502489,0.502489,0.997508,True
CINF,FTV,0.502487,0.502487,0.997510,False
HST,HUBB,0.502474,0.502474,0.997523,False
FITB,IBM,0.502471,0.502471,0.997526,False
ARE,SPGI,0.502463,0.502463,0.997534,False
CBRE,MCHP,0.502443,0.502443,0.997554,False
MKC,SJM,0.502439,0.502439,0.997558,True
AJG,TT,0.502437,0.502437,0.997560,False
MGM,PCAR,0.502434,0.502434,0.997563,False
RTX,UAL,0.502433,0.502433,0.997564,True
CCL,ROST,0.502433,0.502433,0.997564,True
CTSH,PHM,0.502429,0.502429,0.997569,False
NWSA,PKG,0.502419,0.502419,0.997578,False
GE,HPE,0.502419,0.502419,0.997578,False
CSX,WRB,0.502419,0.502419,0.997578,False
DRI,GPC,0.502417,0.502417,0.997580,True
BLDR,MCO,0.502403,0.502403,0.997594,False
DOC,FE,0.502396,0.502396,0.997601,False
EXC,MDT,0.502394,0.502394,0.997603,False
CB,SPG,0.502394,0.502394,0.997604,False
PRU,ZBH,0.502391,0.502391,0.997606,False
FAST,MMM,0.502389,0.502389,0.997608,True
ARE,AVY,0.502388,0.502388,0.997609,False
CB,SNA,0.502383,0.502383,0.997614,False
ESS,TDG,0.502382,0.502382,0.997615,False
ABT,V,0.502374,0.502374,0.997623,False
EG,MS,0.502354,0.502354,0.997643,True
NSC,WRB,0.502349,0.502349,0.997648,False
CRM,KKR,0.502339,0.502339,0.997658,False
ACN,FIS,0.502335,0.502335,0.997663,False
DAL,PCAR,0.502332,0.502332,0.997665,True
CTSH,MLM,0.502330,0.502330,0.997668,False
HD,J,0.502323,0.502323,0.997675,False
LNT,VRSK,0.502322,0.502322,0.997675,False
CB,NI,0.502314,0.502314,0.997684,False
CME,HIG,0.502313,0.502313,0.997685,True
AFL,KKR,0.502311,0.502311,0.997687,True
CTAS,HST,0.502307,0.502307,0.997691,False
CB,FTV,0.502304,0.502304,0.997694,False
MSFT,ZTS,0.502297,0.502297,0.997700,False
CPAY,MAS,0.502291,0.502291,0.997707,False
CRH,SYY,0.502287,0.502287,0.997710,False
LYB,UAL,0.502287,0.502287,0.997711,False
APA,PH,0.502282,0.502282,0.997716,False
FDS,TROW,0.502276,0.502276,0.997722,True
ED,PSA,0.502275,0.502275,0.997723,False
PAYC,V,0.502274,0.502274,0.997723,False
MDT,USB,0.502273,0.502273,0.997724,False
MCD,PPG,0.502272,0.502272,0.997726,False
GM,MAS,0.502263,0.502263,0.997735,False
AMCR,CRH,0.502255,0.502255,0.997742,True
BX,MGM,0.502253,0.502253,0.997744,False
AMCR,STT,0.502253,0.502253,0.997745,False
MCD,PEG,0.502251,0.502251,0.997747,False
BKR,HST,0.502234,0.502234,0.997763,False
LUV,PPG,0.502213,0.502213,0.997785,False
ISRG,VRSN,0.502212,0.502212,0.997786,False
ABT,VRSN,0.502209,0.502209,0.997788,False
KMI,STLD,0.502207,0.502207,0.997790,False
AIG,EXPE,0.502203,0.502203,0.997795,False
FRT,PHM,0.502202,0.502202,0.997796,False
GOOGL,KKR,0.502198,0.502198,0.997800,False
BRO,BSX,0.502196,0.502196,0.997802,False
WY,ZBRA,0.502193,0.502193,0.997804,False
NDAQ,TT,0.502186,0.502186,0.997812,False
GRMN,SPGI,0.502182,0.502182,0.997816,False
REG,SRE,0.502180,0.502180,0.997817,False
IR,LII,0.502180,0.502180,0.997817,True
NVDA,TRMB,0.502177,0.502177,0.997821,True
SPGI,ZBRA,0.502176,0.502176,0.997822,False
EQIX,VRSN,0.502175,0.502175,0.997823,False
IVZ,NTAP,0.502174,0.502174,0.997824,False
KKR,NKE,0.502173,0.502173,0.997824,False
BX,F,0.502167,0.502167,0.997830,False
HIG,SLB,0.502161,0.502161,0.997837,False
AME,VRSN,0.502147,0.502147,0.997850,False
CRM,PTC,0.502145,0.502145,0.997853,True
BLDR,USB,0.502145,0.502145,0.997853,False
HIG,MAA,0.502136,0.502136,0.997862,False
DOC,ECL,0.502134,0.502134,0.997864,False
BLDR,ODFL,0.502133,0.502133,0.997865,True
REG,UNP,0.502132,0.502132,0.997866,False
NTRS,XOM,0.502122,0.502122,0.997876,False
ARES,HWM,0.502120,0.502120,0.997877,False
CPRT,DECK,0.502120,0.502120,0.997878,False
FIX,MLM,0.502118,0.502118,0.997880,False
COF,FOXA,0.502114,0.502114,0.997884,False
NEE,PG,0.502106,0.502106,0.997892,False
BSX,GPN,0.502100,0.502100,0.997898,False
JPM,NXPI,0.502095,0.502095,0.997903,False
GNRC,XYZ,0.502091,0.502091,0.997907,False
CPT,DLR,0.502080,0.502080,0.997918,True
ACN,MAA,0.502079,0.502079,0.997919,False
DHI,TEL,0.502074,0.502074,0.997924,False
CSX,EXC,0.502071,0.502071,0.997927,False
TDY,WELL,0.502071,0.502071,0.997927,False
GOOGL,XYZ,0.502066,0.502066,0.997932,False
ECL,PEP,0.502054,0.502054,0.997944,False
ICE,STE,0.502046,0.502046,0.997952,False
AME,F,0.502042,0.502042,0.997955,False
CRH,DHI,0.502042,0.502042,0.997956,False
ECL,FDS,0.502038,0.502038,0.997960,False
MET,PLD,0.502035,0.502035,0.997963,False
NUE,TROW,0.502029,0.502029,0.997969,False
MET,VMC,0.502023,0.502023,0.997975,False
INTU,MSI,0.502019,0.502019,0.997979,True
CTSH,MAA,0.502016,0.502016,0.997982,False
AOS,IVZ,0.502010,0.502010,0.997988,False
IRM,PNR,0.502001,0.502001,0.997997,False
AEE,KMB,0.502001,0.502001,0.997997,False
SYK,TT,0.501993,0.501993,0.998005,False
SPG,TT,0.501993,0.501993,0.998005,False
JKHY,V,0.501987,0.501987,0.998011,True
BLK,EL,0.501984,0.501984,0.998014,False
C,DTE,0.501979,0.501979,0.998019,False
CTSH,UDR,0.501976,0.501976,0.998022,False
JCI,MMM,0.501973,0.501973,0.998025,True
MET,RSG,0.501971,0.501971,0.998027,False
GPC,MGM,0.501964,0.501964,0.998034,True
ON,STT,0.501941,0.501941,0.998057,False
DELL,PH,0.501940,0.501940,0.998058,False
LOW,UHS,0.501933,0.501933,0.998065,False
DTE,HD,0.501926,0.501926,0.998073,False
AMCR,HD,0.501922,0.501922,0.998076,False
IVZ,TDY,0.501921,0.501921,0.998077,False
DE,XOM,0.501921,0.501921,0.998078,False
CRM,META,0.501920,0.501920,0.998078,False
AIZ,UDR,0.501917,0.501917,0.998081,False
BA,CBRE,0.501904,0.501904,0.998094,False
BXP,ECL,0.501904,0.501904,0.998094,False
CTSH,ZBRA,0.501901,0.501901,0.998097,True
DTE,V,0.501894,0.501894,0.998104,False
APO,MSFT,0.501890,0.501890,0.998108,False
GM,TJX,0.501881,0.501881,0.998117,True
HAL,TDG,0.501877,0.501877,0.998121,False
CMS,PAYX,0.501875,0.501875,0.998123,False
APTV,KMI,0.501874,0.501874,0.998124,False
ACN,SNPS,0.501864,0.501864,0.998134,True
ADP,ROK,0.501863,0.501863,0.998135,True
BBY,LEN,0.501853,0.501853,0.998145,True
ACGL,ETR,0.501849,0.501849,0.998150,False
LOW,MSCI,0.501841,0.501841,0.998157,False
ADSK,TTD,0.501828,0.501828,0.998170,False
ICE,ZTS,0.501824,0.501824,0.998175,False
IBM,TFC,0.501818,0.501818,0.998181,False
PKG,WRB,0.501797,0.501797,0.998202,False
KEYS,SWK,0.501796,0.501796,0.998202,False
AFL,BEN,0.501788,0.501788,0.998211,True
FICO,ISRG,0.501784,0.501784,0.998215,False
HSY,RSG,0.501781,0.501781,0.998218,False
CFG,TT,0.501778,0.501778,0.998220,False
IEX,TDG,0.501771,0.501771,0.998227,True
FOX,SWK,0.501751,0.501751,0.998247,False
CRM,TRMB,0.501746,0.501746,0.998253,True
MDLZ,PLD,0.501744,0.501744,0.998254,False
CPRT,SNA,0.501740,0.501740,0.998259,True
IP,RL,0.501735,0.501735,0.998264,False
NUE,XYL,0.501733,0.501733,0.998265,False
BEN,NXPI,0.501718,0.501718,0.998281,False
FDX,PFG,0.501703,0.501703,0.998295,False
PSX,TEL,0.501703,0.501703,0.998296,False
MGM,NWSA,0.501702,0.501702,0.998297,False
ADSK,URI,0.501702,0.501702,0.998297,False
PSA,RSG,0.501694,0.501694,0.998304,False
ADBE,SWKS,0.501689,0.501689,0.998310,True
GWW,LII,0.501683,0.501683,0.998315,True
C,LOW,0.501674,0.501674,0.998324,False
ICE,MDLZ,0.501667,0.501667,0.998332,False
MOS,TEL,0.501662,0.501662,0.998336,False
CINF,OMC,0.501656,0.501656,0.998343,False
TPR,VICI,0.501650,0.501650,0.998349,False
ARES,ROP,0.501645,0.501645,0.998353,False
ADI,HPE,0.501642,0.501642,0.998357,True
ALLE,BRO,0.501640,0.501640,0.998359,False
MAS,TXN,0.501631,0.501631,0.998368,False
BLK,RSG,0.501626,0.501626,0.998373,False
EXPE,MET,0.501623,0.501623,0.998375,False
WELL,WMB,0.501621,0.501621,0.998378,False
PPL,WTW,0.501618,0.501618,0.998381,False
CNP,PNC,0.501611,0.501611,0.998388,False
ROST,YUM,0.501605,0.501605,0.998394,True
ARE,NDAQ,0.501603,0.501603,0.998396,False
ADSK,IDXX,0.501601,0.501601,0.998397,False
DAL,TJX,0.501598,0.501598,0.998400,False
NDAQ,WM,0.501591,0.501591,0.998408,False
AEE,LHX,0.501589,0.501589,0.998410,False
RSG,WELL,0.501585,0.501585,0.998414,False
ARE,SRE,0.501575,0.501575,0.998424,False
AES,AMP,0.501568,0.501568,0.998431,False
BLK,KIM,0.501565,0.501565,0.998434,False
GPN,MAA,0.501560,0.501560,0.998439,False
AIZ,REG,0.501556,0.501556,0.998442,False
HON,LHX,0.501556,0.501556,0.998443,True
AJG,ESS,0.501553,0.501553,0.998445,False
MCO,POOL,0.501553,0.501553,0.998446,False
L,LUV,0.501553,0.501553,0.998446,False
FAST,SPGI,0.501550,0.501550,0.998449,False
BA,KKR,0.501550,0.501550,0.998449,False
ECL,RTX,0.501532,0.501532,0.998466,False
AIG,GL,0.501529,0.501529,0.998469,True
NXPI,V,0.501517,0.501517,0.998482,False
GM,STLD,0.501512,0.501512,0.998487,False
GPC,SPG,0.501512,0.501512,0.998487,False
LH,ZTS,0.501510,0.501510,0.998488,True
FDX,ODFL,0.501510,0.501510,0.998489,True
CDW,GD,0.501508,0.501508,0.998491,False
CTSH,NDAQ,0.501505,0.501505,0.998494,False
DOV,MSI,0.501501,0.501501,0.998498,False
MOS,VLO,0.501499,0.501499,0.998500,False
DHI,SPGI,0.501498,0.501498,0.998501,False
CME,MAA,0.501497,0.501497,0.998502,False
HPE,VLO,0.501493,0.501493,0.998506,False
CPAY,MLM,0.501489,0.501489,0.998510,False
CDW,PWR,0.501482,0.501482,0.998517,False
ETN,ORCL,0.501480,0.501480,0.998519,False
IEX,MAA,0.501478,0.501478,0.998521,False
ECL,WRB,0.501478,0.501478,0.998521,False
INVH,MLM,0.501467,0.501467,0.998532,False
IDXX,MPWR,0.501465,0.501465,0.998534,False
GM,HPE,0.501461,0.501461,0.998538,False
LUV,OMC,0.501450,0.501450,0.998549,False
SWK,UAL,0.501439,0.501439,0.998560,True
ADBE,PAYC,0.501423,0.501423,0.998576,False
BRO,HD,0.501421,0.501421,0.998578,False
APH,ODFL,0.501420,0.501420,0.998579,False
JCI,MSI,0.501419,0.501419,0.998580,False
DIS,IR,0.501399,0.501399,0.998600,False
ARES,ON,0.501394,0.501394,0.998605,False
JBHT,UPS,0.501394,0.501394,0.998605,True
BBY,GM,0.501392,0.501392,0.998607,True
GDDY,WDAY,0.501390,0.501390,0.998609,True
RTX,YUM,0.501385,0.501385,0.998614,False
ACN,TDG,0.501383,0.501383,0.998616,False
KO,YUM,0.501374,0.501374,0.998625,False
CRH,KIM,0.501360,0.501360,0.998640,False
ACN,STT,0.501357,0.501357,0.998642,False
ISRG,XYL,0.501355,0.501355,0.998644,False
MCHP,PYPL,0.501349,0.501349,0.998650,False
ARES,CTSH,0.501340,0.501340,0.998659,False
CPRT,TXN,0.501339,0.501339,0.998660,False
ALGN,TEL,0.501339,0.501339,0.998661,False
EMR,MTD,0.501322,0.501322,0.998677,False
APO,TPR,0.501314,0.501314,0.998685,False
FANG,PNC,0.501304,0.501304,0.998695,False
CDW,MSCI,0.501302,0.501302,0.998697,False
LYV,WAB,0.501291,0.501291,0.998709,False
DAL,LVS,0.501276,0.501276,0.998723,False
COF,FANG,0.501274,0.501274,0.998726,False
TFC,TRGP,0.501267,0.501267,0.998733,False
BBY,BX,0.501266,0.501266,0.998733,False
CBRE,LYV,0.501261,0.501261,0.998738,False
PRU,WDC,0.501261,0.501261,0.998738,False
NTRS,SYY,0.501253,0.501253,0.998746,False
GM,IP,0.501249,0.501249,0.998751,False
APD,NDAQ,0.501241,0.501241,0.998758,False
BEN,GE,0.501240,0.501240,0.998759,False
CB,ECL,0.501240,0.501240,0.998760,False
A,MS,0.501234,0.501234,0.998765,False
LYV,NWSA,0.501232,0.501232,0.998767,True
JBL,MPC,0.501221,0.501221,0.998778,False
MLM,NXPI,0.501208,0.501208,0.998791,False
DRI,VMC,0.501201,0.501201,0.998798,False
SNA,TDG,0.501195,0.501195,0.998804,True
ICE,TDY,0.501195,0.501195,0.998804,False
HLT,HUBB,0.501186,0.501186,0.998813,False
LOW,ODFL,0.501182,0.501182,0.998818,False
HST,SCHW,0.501181,0.501181,0.998818,False
V,VMC,0.501177,0.501177,0.998822,False
FOXA,GS,0.501160,0.501160,0.998839,False
SWKS,XYZ,0.501159,0.501159,0.998840,False
HCA,URI,0.501159,0.501159,0.998841,False
CPAY,MPC,0.501153,0.501153,0.998846,False
FAST,GLW,0.501150,0.501150,0.998849,False
NXPI,PHM,0.501150,0.501150,0.998850,False
AMCR,CB,0.501147,0.501147,0.998852,False
AVY,YUM,0.501126,0.501126,0.998873,False
GWW,SYF,0.501124,0.501124,0.998875,False
F,L,0.501120,0.501120,0.998879,False
AFL,NI,0.501115,0.501115,0.998884,False
INVH,MET,0.501112,0.501112,0.998887,False
HON,RL,0.501111,0.501111,0.998888,False
JBHT,TXT,0.501111,0.501111,0.998889,True
CFG,HD,0.501091,0.501091,0.998908,False
EFX,SNA,0.501084,0.501084,0.998915,True
FDX,NTRS,0.501077,0.501077,0.998922,False
BRO,PPL,0.501073,0.501073,0.998927,False
ALL,AON,0.501071,0.501071,0.998928,True
MAS,RF,0.501069,0.501069,0.998931,False
IEX,MGM,0.501064,0.501064,0.998936,False
AME,BXP,0.501054,0.501054,0.998946,False
SYY,URI,0.501045,0.501045,0.998954,False
ALL,MTB,0.501039,0.501039,0.998960,True
GLW,GPN,0.501037,0.501037,0.998963,False
BA,CVX,0.501032,0.501032,0.998967,False
BRK-B,MSFT,0.501031,0.501031,0.998968,False
LH,SYK,0.501029,0.501029,0.998970,True
JBHT,XYL,0.501020,0.501020,0.998980,True
BEN,NUE,0.501016,0.501016,0.998983,False
LH,VICI,0.501010,0.501010,0.998989,False
HUBB,ROST,0.501006,0.501006,0.998993,False
ETN,HST,0.501002,0.501002,0.998997,False
APO,RCL,0.500992,0.500992,0.999008,False
FE,PEP,0.500984,0.500984,0.999016,False
CBRE,FCX,0.500984,0.500984,0.999016,False
PPG,SWKS,0.500983,0.500983,0.999017,False
TEL,WAT,0.500979,0.500979,0.999021,False
HSY,LNT,0.500973,0.500973,0.999027,False
EXPD,ROP,0.500967,0.500967,0.999032,False
ITW,PEP,0.500965,0.500965,0.999034,False
ED,SBAC,0.500962,0.500962,0.999038,False
FIS,PRU,0.500960,0.500960,0.999040,True
AMCR,UNP,0.500960,0.500960,0.999040,False
PRU,RSG,0.500959,0.500959,0.999041,False
DOC,HIG,0.500957,0.500957,0.999043,False
ACN,CRH,0.500955,0.500955,0.999044,False
NKE,PPG,0.500955,0.500955,0.999044,False
O,PNR,0.500953,0.500953,0.999046,False
BLDR,EME,0.500950,0.500950,0.999049,True
DOV,NTAP,0.500948,0.500948,0.999051,False
MSFT,MSI,0.500947,0.500947,0.999052,True
ITW,SBUX,0.500944,0.500944,0.999055,False
GOOG,XYZ,0.500941,0.500941,0.999058,False
MLM,UDR,0.500937,0.500937,0.999063,False
CPAY,PCAR,0.500937,0.500937,0.999063,False
CPRT,RJF,0.500934,0.500934,0.999065,False
SRE,WM,0.500921,0.500921,0.999079,False
INVH,PH,0.500912,0.500912,0.999087,False
ESS,FTV,0.500908,0.500908,0.999092,False
ROST,TXT,0.500907,0.500907,0.999093,False
BLDR,CMI,0.500906,0.500906,0.999093,True
ACN,J,0.500901,0.500901,0.999099,False
ODFL,POOL,0.500892,0.500892,0.999107,False
EOG,HBAN,0.500888,0.500888,0.999112,False
ARES,MU,0.500887,0.500887,0.999113,False
OMC,TPR,0.500885,0.500885,0.999115,False
GDDY,SPGI,0.500884,0.500884,0.999116,False
OMC,XYL,0.500883,0.500883,0.999117,False
PFG,ULTA,0.500882,0.500882,0.999117,False
EXPD,MCO,0.500874,0.500874,0.999126,False
DOV,NI,0.500869,0.500869,0.999130,False
DIS,WFC,0.500869,0.500869,0.999130,False
BX,SCHW,0.500866,0.500866,0.999133,True
KKR,SNA,0.500865,0.500865,0.999135,False
ADI,NOW,0.500864,0.500864,0.999136,True
AWK,EQIX,0.500843,0.500843,0.999157,False
CB,WAB,0.500842,0.500842,0.999158,False
BEN,NDAQ,0.500840,0.500840,0.999159,True
CRH,NWSA,0.500840,0.500840,0.999160,False
BAC,DOC,0.500839,0.500839,0.999161,False
AXP,PLD,0.500836,0.500836,0.999164,False
CPRT,YUM,0.500835,0.500835,0.999164,False
ADI,FAST,0.500835,0.500835,0.999164,False
APH,BSX,0.500828,0.500828,0.999172,False
SNA,TRMB,0.500826,0.500826,0.999174,False
AVGO,EMR,0.500825,0.500825,0.999175,False
ESS,HBAN,0.500817,0.500817,0.999182,False
DD,LUV,0.500816,0.500816,0.999183,False
CSCO,TXT,0.500813,0.500813,0.999187,False
COO,IEX,0.500810,0.500810,0.999190,False
HWM,PAYX,0.500810,0.500810,0.999190,True
GLW,GRMN,0.500787,0.500787,0.999213,False
PSX,REG,0.500787,0.500787,0.999213,False
DD,PWR,0.500784,0.500784,0.999216,False
PNC,WELL,0.500773,0.500773,0.999226,False
CLX,PG,0.500772,0.500772,0.999227,True
MSI,TT,0.500758,0.500758,0.999241,False
BBY,IVZ,0.500755,0.500755,0.999245,False
EXPE,PNC,0.500748,0.500748,0.999252,False
CRL,SPGI,0.500736,0.500736,0.999264,False
MAA,PH,0.500723,0.500723,0.999277,False
INVH,MSCI,0.500720,0.500720,0.999279,False
AAPL,DOV,0.500718,0.500718,0.999282,False
ACGL,CVX,0.500711,0.500711,0.999289,False
PAYX,SYY,0.500686,0.500686,0.999314,False
TDY,UAL,0.500684,0.500684,0.999316,False
FDX,URI,0.500680,0.500680,0.999320,True
PPL,XYL,0.500678,0.500678,0.999322,False
NWS,WFC,0.500677,0.500677,0.999323,False
RTX,VTR,0.500674,0.500674,0.999326,False
CNP,HIG,0.500671,0.500671,0.999329,False
MTB,ROK,0.500669,0.500669,0.999331,False
DIS,FOX,0.500668,0.500668,0.999332,True
BEN,TPR,0.500667,0.500667,0.999333,False
BX,TJX,0.500667,0.500667,0.999333,False
UHS,V,0.500663,0.500663,0.999336,False
GPC,HIG,0.500663,0.500663,0.999336,False
CSCO,FAST,0.500649,0.500649,0.999351,False
APO,BA,0.500644,0.500644,0.999356,False
DECK,TRMB,0.500614,0.500614,0.999386,False
APA,MOS,0.500604,0.500604,0.999395,False
CPAY,LUV,0.500603,0.500603,0.999397,False
BBY,NKE,0.500600,0.500600,0.999399,True
KLAC,TXT,0.500597,0.500597,0.999403,False
HPQ,NTRS,0.500588,0.500588,0.999412,False
HON,SRE,0.500572,0.500572,0.999428,False
AXP,MMM,0.500571,0.500571,0.999428,False
DE,ROST,0.500571,0.500571,0.999429,False
EMR,TPL,0.500570,0.500570,0.999430,False
JBHT,SNA,0.500569,0.500569,0.999431,True
BAC,TXN,0.500564,0.500564,0.999436,False
ESS,WRB,0.500560,0.500560,0.999440,False
GD,SO,0.500553,0.500553,0.999447,False
ECL,PEG,0.500546,0.500546,0.999454,False
DD,KMI,0.500540,0.500540,0.999460,False
IQV,MLM,0.500527,0.500527,0.999473,False
DRI,ON,0.500526,0.500526,0.999474,False
CRH,RL,0.500525,0.500525,0.999475,False
LEN,SNA,0.500507,0.500507,0.999493,False
INVH,MAS,0.500503,0.500503,0.999497,False
LRCX,V,0.500497,0.500497,0.999503,False
KMI,RJF,0.500493,0.500493,0.999507,False
BRO,NSC,0.500490,0.500490,0.999510,False
EME,IVZ,0.500489,0.500489,0.999511,False
ADI,TT,0.500486,0.500486,0.999514,False
BXP,CTAS,0.500486,0.500486,0.999514,False
ROP,WAB,0.500483,0.500483,0.999517,False
CB,PPG,0.500478,0.500478,0.999522,False
CINF,UNP,0.500473,0.500473,0.999527,False
KEY,V,0.500470,0.500470,0.999530,True
COF,MMM,0.500465,0.500465,0.999535,False
AOS,POOL,0.500462,0.500462,0.999538,False
CFG,ON,0.500457,0.500457,0.999543,False
BX,INVH,0.500451,0.500451,0.999549,False
COP,MTB,0.500437,0.500437,0.999563,False
VICI,VMC,0.500436,0.500436,0.999564,False
DAL,VICI,0.500431,0.500431,0.999569,False
GE,KMI,0.500422,0.500422,0.999578,False
GPC,IQV,0.500417,0.500417,0.999583,False
NDSN,O,0.500406,0.500406,0.999594,False
BSX,FTV,0.500392,0.500392,0.999608,False
CDNS,PYPL,0.500389,0.500389,0.999610,False
BRO,PEP,0.500379,0.500379,0.999621,False
JPM,OXY,0.500367,0.500367,0.999633,False
BBY,PNC,0.500362,0.500362,0.999638,False
BRO,CPT,0.500362,0.500362,0.999638,False
GPC,V,0.500354,0.500354,0.999646,False
CTAS,HCA,0.500350,0.500350,0.999650,False
SHW,TJX,0.500340,0.500340,0.999660,False
BG,PRU,0.500335,0.500335,0.999665,False
NKE,TROW,0.500335,0.500335,0.999665,False
FRT,HCA,0.500324,0.500324,0.999676,False
HCA,MCD,0.500324,0.500324,0.999676,False
GPN,ROST,0.500320,0.500320,0.999680,False
BLK,EQIX,0.500319,0.500319,0.999681,False
CCL,CRH,0.500317,0.500317,0.999683,False
KKR,LYV,0.500315,0.500315,0.999685,False
CPRT,FDS,0.500304,0.500304,0.999696,False
A,EMR,0.500302,0.500302,0.999698,False
SRE,SYK,0.500302,0.500302,0.999698,False
IT,MA,0.500294,0.500294,0.999706,False
APD,CSX,0.500293,0.500293,0.999707,False
ESS,TXT,0.500289,0.500289,0.999711,False
APTV,TJX,0.500273,0.500273,0.999727,True
CFG,LOW,0.500273,0.500273,0.999727,False
KMI,MAR,0.500266,0.500266,0.999734,False
AON,PFG,0.500261,0.500261,0.999739,True
IEX,SPG,0.500261,0.500261,0.999739,False
BKNG,SBUX,0.500259,0.500259,0.999741,True
ITW,KMI,0.500259,0.500259,0.999741,False
POOL,WY,0.500259,0.500259,0.999741,False
ACGL,PPG,0.500256,0.500256,0.999743,False
NVR,URI,0.500255,0.500255,0.999745,False
ITW,MDLZ,0.500254,0.500254,0.999746,False
GWW,MMM,0.500253,0.500253,0.999747,True
DOC,MGM,0.500249,0.500249,0.999751,False
IQV,MET,0.500248,0.500248,0.999752,False
BSX,WY,0.500248,0.500248,0.999752,False
ADBE,ROP,0.500241,0.500241,0.999759,True
BSX,HLT,0.500241,0.500241,0.999759,False
LYB,V,0.500239,0.500239,0.999761,False
AIG,APA,0.500233,0.500233,0.999767,False
PYPL,TYL,0.500229,0.500229,0.999771,False
ACN,STE,0.500221,0.500221,0.999779,False
HAL,TDY,0.500192,0.500192,0.999808,False
A,V,0.500186,0.500186,0.999814,False
FICO,IQV,0.500181,0.500181,0.999819,False
KKR,NCLH,0.500177,0.500177,0.999823,False
HCA,O,0.500175,0.500175,0.999825,False
FCX,PSX,0.500167,0.500167,0.999833,False
BAC,BLDR,0.500167,0.500167,0.999833,False
MA,NOW,0.500164,0.500164,0.999836,False
FE,UDR,0.500148,0.500148,0.999852,False
HPE,MGM,0.500142,0.500142,0.999858,False
GPN,JKHY,0.500138,0.500138,0.999862,True
MA,NWS,0.500137,0.500137,0.999863,False
AFL,LYV,0.500126,0.500126,0.999874,False
CRH,GPN,0.500126,0.500126,0.999874,False
GPN,SWKS,0.500124,0.500124,0.999876,False
DIS,SYK,0.500123,0.500123,0.999877,False
NCLH,STT,0.500122,0.500122,0.999878,False
DD,PAYX,0.500121,0.500121,0.999879,False
ABT,AMT,0.500121,0.500121,0.999879,False
CPAY,KMI,0.500118,0.500118,0.999882,False
TXN,UNP,0.500117,0.500117,0.999883,False
C,GWW,0.500115,0.500115,0.999885,False
NTRS,ROP,0.500114,0.500114,0.999886,False
BX,CCL,0.500114,0.500114,0.999886,False
MS,ROST,0.500110,0.500110,0.999890,False
EFX,PHM,0.500109,0.500109,0.999891,False
ARES,AVGO,0.500096,0.500096,0.999904,False
BX,FFIV,0.500091,0.500091,0.999909,False
IEX,STE,0.500083,0.500083,0.999917,False
D,PAYX,0.500078,0.500078,0.999922,False
BXP,EXPE,0.500077,0.500077,0.999923,False
KEY,VTR,0.500073,0.500073,0.999927,False
EVRG,GD,0.500064,0.500064,0.999936,False
PPL,TJX,0.500056,0.500056,0.999944,False
APO,TDY,0.500056,0.500056,0.999944,False
O,PAYX,0.500053,0.500053,0.999947,False
CSX,LH,0.500052,0.500052,0.999948,False
BR,PFG,0.500042,0.500042,0.999958,False
NDSN,SPG,0.500039,0.500039,0.999961,False
DAL,MPC,0.500036,0.500036,0.999964,False
BEN,DIS,0.500025,0.500025,0.999975,False
JBHT,WY,0.500020,0.500020,0.999980,False
DD,HIG,0.500019,0.500019,0.999981,False
HII,TXT,0.500014,0.500014,0.999986,True
EIX,VICI,0.500012,0.500012,0.999988,False
ESS,ROST,0.500012,0.500012,0.999988,False
ADP,MNST,0.500003,0.500003,0.999997,False
LRCX,MSCI,0.500001,0.500001,0.999999,False
